VIDEO_ID,업로드일,Channel,Content,링크,조회일자,조회시간,Type,Views,Likes,Comments
quOdnXurH7g,2026-07-21,CJ Careers,"[TEAM OLIVE YOUNG : 비하인드 더 프로젝트] 올리브영 이제 월클이다. BTS, 봉준호, 손흥민, 올리브영 Let's Go! 🕺| 올리브영 글로벌 페스타 비하인드",https://youtu.be/quOdnXurH7g,2026-09-14,9:00,Longform,466,3,0
XdsOlPrU0UA,2026-07-21,CJ Careers,"[TEAM OLIVE YOUNG : 비하인드 더 프로젝트] 올리브영 이제 월클이다. BTS, 봉준호, 손흥민, 올리브영 Let's Go! 🕺| 올리브영 글로벌 페스타 비하인드",https://youtu.be/XdsOlPrU0UA,2026-09-14,9:00,Longform,435,2,0
8byTVWRVQGQ,2026-07-15,CJ Careers,"[TEAM OLIVE YOUNG : 비하인드 더 프로젝트] 올리브영 이제 월클이다. BTS, 봉준호, 손흥민, 올리브영 Let's Go! 🕺| 올리브영 글로벌 페스타 비하인드",https://youtu.be/8byTVWRVQGQ,2026-09-14,9:00,Longform,957,10,0
j28zCJjNqoA,2026-06-26,CJ Careers,"[올리브영.zip] 압축해제ㅣ올리브영 PM들이 건강한 프로덕트를 만드는 방법, 압 축 해 제!",https://youtu.be/j28zCJjNqoA,2026-09-14,9:00,Longform,1456,9,0
73_myNoPkEI,2026-06-26,CJ Careers,[영메이커 CLOSE UP👀✨] 프로덕트센터 궁금해하지마 그거 어떻게 하는건데..😝ㅣCJ올리브영 프로덕트 센터 A to Z 살펴보기,https://youtu.be/73_myNoPkEI,2026-09-14,9:00,Longform,1060,9,1
zEtO-c5dMJU,2026-03-26,CJ Careers,"[메이킹 필름] 신입 ONLYONES, 카메라 밖에서 전하는 응원 메세지❤️",https://youtu.be/zEtO-c5dMJU,2026-09-14,9:00,Longform,4494,18,1
ws_Ej89KVUQ,2026-03-25,CJ Careers,CJ올리브영 신입사원이 공개하는 채용전형 준비 A to Z | CJ올리브영,https://youtu.be/ws_Ej89KVUQ,2026-09-14,9:00,Longform,11615,154,-
aQQT9z5KjeE,2026-03-25,CJ Careers,[배요환 셰프님]의 영상통화가 도착했습니다📞 | 2026 CJ그룹 신입사원 모집,https://youtu.be/aQQT9z5KjeE,2026-09-14,9:00,Shorts,12629,19,0
6ZI_ZHqa2f8,2026-03-25,CJ Careers,[김호영 배우님]의 영상통화가 도착했습니다📞 | 2026 CJ그룹 신입사원 모집,https://youtu.be/6ZI_ZHqa2f8,2026-09-14,9:00,Shorts,16204,30,0
fcSLgSu8tU0,2026-03-25,CJ Careers,"CJ에서 만나요✨ | 안녕, ONLYONES👋",https://youtu.be/fcSLgSu8tU0,2026-09-14,9:00,Shorts,8046,12,0
stDRQWkZitc,2026-09-11,HD현대,"[ENG sub] HD테크 | 발전엔진 | 바다에서 검증된 선박 발전용 엔진, AI 전력난의 해법이 되다",https://youtu.be/stDRQWkZitc,2026-09-14,9:00,Longform,1072,17,5
rCwgA4hfxvE,2026-09-01,HD현대,큰 일하는 큰 회사에서 큰 사람 모십니다 | 2026년 하반기 HD현대 신입사원 채용,https://youtu.be/rCwgA4hfxvE,2026-09-14,9:00,Shorts,892969,33,0
B7fw-boQMmc,2026-08-28,HD현대,"팀 K리그팬 vs 맨시티팬, 직장 동료 맞습니다 ⚽️🔥 HD현대 직원들의 2026 쿠팡플레이 시리즈 직관 브이로그 (feat. 피터 빈트)",https://youtu.be/B7fw-boQMmc,2026-09-14,9:00,Longform,1950,25,4
EyO0PYoSHmU,2026-08-21,HD현대,⚽️축구 꿈나무들에게 찾아온 최고의 하루ㅣ드림플레이어 아이들의 특별한 여름방학 ✨ (feat. 팀 K리그 vs 맨시티 경기 직관),https://youtu.be/EyO0PYoSHmU,2026-09-14,9:00,Longform,7015,31,8
m2H15EGD-Y8,2026-08-14,HD현대,"단기 성과보다 10년·20년 뒤를 본다, HD현대 사장단 회의",https://youtu.be/m2H15EGD-Y8,2026-09-14,9:00,Shorts,2781,38,3
3vLi42bNnr4,2026-08-14,HD현대,무더위 싹 날리는 특급 당 충전 | HD현대가 ROTC 후보생 여러분을 응원 합니다.,https://youtu.be/3vLi42bNnr4,2026-09-14,9:00,Longform,13308,36,4
bb_arqi9QA8,2026-08-07,HD현대,태양의 힘을 지상에 구현하는 K-조선,https://youtu.be/bb_arqi9QA8,2026-09-14,9:00,Longform,2231,31,4
yj3m-0qiFe8,2026-07-30,HD현대,글로벌 태양광 기업들 중 재무 건전성이 가장 높은 기업은 어디일까요?🥇,https://youtu.be/yj3m-0qiFe8,2026-09-14,9:00,Longform,2459,14,2
sP9ZHbJj_Gc,2026-07-24,HD현대,"HD현대 MZ봉사단ㅣ벽을 넘어 마음을 칠하다, 가족과 함께 색칠한 특별한 하루",https://youtu.be/sP9ZHbJj_Gc,2026-09-14,9:00,Longform,9579,22,7
l7NrvesxvUs,2026-07-17,HD현대,"[HD팀터뷰] EP.03 찌릿, 짜릿, 쫄깃한 영업팀 일상 ⚡️ (Feat. 대한민국 수출역군)ㅣHD현대일렉트릭 전력해외영업2부",https://youtu.be/l7NrvesxvUs,2026-09-14,9:00,Longform,32276,31,2
zIyShSUsrRA,2026-09-11,SK하이닉스 [SK hynix],📍SK하이닉스 앰버서더 랩(Lab)ㅣ아이들이 그리는 반도체?,https://youtu.be/zIyShSUsrRA,2026-09-14,9:00,Shorts,1424,0,0
srlHPtzExnM,2026-09-11,SK하이닉스 [SK hynix],"📍SK하이닉스 앰버서더 랩(Lab)ㅣ반도체, 아이들에게 물어봤습니다",https://youtu.be/srlHPtzExnM,2026-09-14,9:00,Longform,2595,10,0
ZRW9lAC4P9s,2026-09-11,SK하이닉스 [SK hynix],📍SK하이닉스 앰버서더 랩(Lab)ㅣ아이들은 반도체에 대해 얼마나 알까?,https://youtu.be/ZRW9lAC4P9s,2026-09-14,9:00,Shorts,1710,3,0
vGezikwh9XE,2026-09-11,SK하이닉스 [SK hynix],📍SK하이닉스 앰버서더 랩(Lab)ㅣ종이 한 장으로 포토 공정 설명하기,https://youtu.be/vGezikwh9XE,2026-09-14,9:00,Longform,1494,4,1
nSsCmBWMW8M,2026-09-11,SK하이닉스 [SK hynix],📍SK하이닉스 앰버서더 랩(Lab)ㅣChip Chat with SK hynix 🎙️💾,https://youtu.be/nSsCmBWMW8M,2026-09-14,9:00,Shorts,890,12,0
TSCE_NtzdgI,2026-09-09,SK하이닉스 [SK hynix],"Social Value Connect, SOVAC 2026 사전등록 오픈✅",https://youtu.be/TSCE_NtzdgI,2026-09-14,9:00,Shorts,2214,8,0
YULZb6r29IY,2026-09-09,SK하이닉스 [SK hynix],"SK hynix Charts Its Direction at the 2026 Future Forum—""Now Is the Golden Time to Leap Forward""",https://youtu.be/YULZb6r29IY,2026-09-14,9:00,Shorts,1267,0,0
XBli0r_xTMk,2026-09-09,SK하이닉스 [SK hynix],"SK하이닉스, ‘2026 미래포럼’에서 사업 · 기술 방향성 모색 “지금이 도약의 골든 타임”",https://youtu.be/XBli0r_xTMk,2026-09-14,9:00,Shorts,773,4,0
z_HBvATC-VQ,2026-09-07,SK하이닉스 [SK hynix],"[하이피디아 4편 – 양산관리] 팹의 생산 흐름을 조율하는 키, 'TAT' ⏱️",https://youtu.be/z_HBvATC-VQ,2026-09-14,9:00,Longform,2604,20,1
RwGn98VuPDQ,2026-09-07,SK하이닉스 [SK hynix],"거대한 팹의 판을 짜는, 제조 현장의 마스터키 [양산관리] | N잡러2 EP.4",https://youtu.be/RwGn98VuPDQ,2026-09-14,9:00,Longform,11408,86,4
ZDaPbrJcfjk,2026-09-04,현대자동차 채용,[Team Hyundai Talk Live] 선배사원 Talk,https://youtu.be/ZDaPbrJcfjk,2026-09-14,9:00,Longform,13330,69,2
F6Q5kA8595k,2026-09-04,현대자동차 채용,[Team Hyundai Talk Live] 채용담당자 Talk,https://youtu.be/F6Q5kA8595k,2026-09-14,9:00,Longform,32957,193,9
sch9eRdbq8A,2026-03-27,현대자동차 채용,[Team Hyundai Talk Live] 사업/기획 & 경영지원 인사담당자 Talk,https://youtu.be/sch9eRdbq8A,2026-09-14,9:00,Longform,12717,141,2
FLiu525pvNM,2026-03-27,현대자동차 채용,[Team Hyundai Talk Live] 연구개발 & 생산/제조 인사담당자 Talk,https://youtu.be/FLiu525pvNM,2026-09-14,9:00,Longform,24106,276,11
x9QfOkqKgl8,2025-12-17,현대자동차 채용,[Team Hyundai 직무 인터뷰] 공정 최적화와 데이터 기반의 전략을 세우는 소재생산관리 직무,https://youtu.be/x9QfOkqKgl8,2026-09-14,9:00,Longform,2006,19,2
qTfUNyAPu3M,2025-12-17,현대자동차 채용,[Team Hyundai 직무 인터뷰] 신뢰를 기반으로 현안 대응과 소통을 담당하는 노사기획 직무,https://youtu.be/qTfUNyAPu3M,2026-09-14,9:00,Longform,1316,10,1
pDuPuUZImCE,2025-10-31,현대자동차 채용,[Team Hyundai 직무 인터뷰] 고성능 엔진 개발과 설계를 담당하는 엔진설계 직무,https://youtu.be/pDuPuUZImCE,2026-09-14,9:00,Longform,1682,22,1
cnu1dzOVxUE,2025-10-31,현대자동차 채용,[Team Hyundai 직무 인터뷰] 주행 안정성과 승차감을 연구하는 MLV샤시설계 직무,https://youtu.be/cnu1dzOVxUE,2026-09-14,9:00,Longform,1290,21,0
thZQDFuqo08,2025-10-30,현대자동차 채용,[Team Hyundai 직무 인터뷰] 수소사업 전략과 개발을 이끄는 수소사업추진 직무,https://youtu.be/thZQDFuqo08,2026-09-14,9:00,Longform,1440,21,0
KFGNh_9yS8o,2025-10-29,현대자동차 채용,[Team Hyundai 직무 인터뷰] 충돌 사고에 대비해 승객의 안전을 책임지는 안전시스템제어설계 직무,https://youtu.be/KFGNh_9yS8o,2026-09-14,9:00,Longform,944,8,1
mk6BzBLUJAY,2026-09-11,LG에너지솔루션 [LG Energy Solution],"[Making Every Possibility] 활성화 공정, 각형 배터리의 품질을 높이는 기술!",https://youtu.be/mk6BzBLUJAY,2026-09-14,9:00,Longform,117662,602,0
zCW4haoyizI,2026-09-02,LG에너지솔루션 [LG Energy Solution],[Empower Cast] LG에너지솔루션의 8월에는 무슨일이 있었을까요? | 2026년 8월 주요 소식,https://youtu.be/zCW4haoyizI,2026-09-14,9:00,Longform,98347,18,0
-NEz4r0uw84,2026-08-14,LG에너지솔루션 [LG Energy Solution],[Powering Everything] 거대한 선박을 배터리로 움직인다? 선박 전동화의 비밀!,https://youtu.be/-NEz4r0uw84,2026-09-14,9:00,Longform,273511,10381,8
VtylzsBa3CE,2026-08-05,LG에너지솔루션 [LG Energy Solution],[Empower Cast] LG에너지솔루션의 7월에는 무슨일이 있었을까요? | 2026년 7월 주요 소식,https://youtu.be/VtylzsBa3CE,2026-09-14,9:00,Longform,107225,13,0
QyK-bFsrWD8,2026-07-16,LG에너지솔루션 [LG Energy Solution],"[ESSence Ep. 5] ESS의 잠재력을 끌어올리는 스마트한 운영 기술, AEROS™",https://youtu.be/QyK-bFsrWD8,2026-09-14,9:00,Longform,144677,4666,5
zqDsg6P1pm4,2026-07-08,LG에너지솔루션 [LG Energy Solution],"[배터리리포트] 배터리 제조 경쟁력을 높이는 기술, 배터리를 정밀하게 연결하는 웰딩 공정",https://youtu.be/zqDsg6P1pm4,2026-09-14,9:00,Longform,107114,15,0
COM3guEwdtY,2026-07-02,LG에너지솔루션 [LG Energy Solution],[Empower Cast] 비즈니스 영어 팟캐스트 : LG에너지솔루션 6월 뉴스,https://youtu.be/COM3guEwdtY,2026-09-14,9:00,Longform,15009,10,0
D01NS8gd1-A,2026-06-19,LG에너지솔루션 [LG Energy Solution],[ESSence Ep. 4] 배터리로 돈을 번다? 에너지 저장을 넘어 수익 창출까지! ESS의 진화,https://youtu.be/D01NS8gd1-A,2026-09-14,9:00,Longform,116442,627,0
Ek6z78HLGpE,2026-06-05,LG에너지솔루션 [LG Energy Solution],[Powering Everything] 하늘을 나는 배터리?! UAM의 핵심 기술,https://youtu.be/Ek6z78HLGpE,2026-09-14,9:00,Longform,197493,9413,11
KtnexslZIgQ,2026-05-22,LG에너지솔루션 [LG Energy Solution],"[ESSence Ep. 3] 주파수를 맞춘다고? 전력망 안정화의 핵심, ESS!",https://youtu.be/KtnexslZIgQ,2026-09-14,9:00,Longform,160241,1866,1
FUV9343n7yc,2026-08-24,LG전자 채용,인턴 없이 HR 직무 합격한 썰,https://youtu.be/FUV9343n7yc,2026-09-14,9:00,Longform,1562,19,0
H59a7dXOHzY,2026-08-24,LG전자 채용,공대생이야? 학점보다 더 중요한 건,https://youtu.be/H59a7dXOHzY,2026-09-14,9:00,Longform,1605,11,0
Xe0ONIAL0Ak,2026-08-24,LG전자 채용,LG전자 구매팀 자소서가 궁금해,https://youtu.be/Xe0ONIAL0Ak,2026-09-14,9:00,Longform,1303,23,0
TQxwFbiPkxc,2026-08-24,LG전자 채용,POV : 전기전자 현직자가 취준생으로 돌아갔다,https://youtu.be/TQxwFbiPkxc,2026-09-14,9:00,Longform,1139,18,6
mwDurt7i3HY,2026-08-24,LG전자 채용,"생산기술 직무, 대학원 필수에요?",https://youtu.be/mwDurt7i3HY,2026-09-14,9:00,Longform,1674,17,4
b98C03aWjn0,2026-08-24,LG전자 채용,전략기획팀 면접? 이렇게 하면 합격이야,https://youtu.be/b98C03aWjn0,2026-09-14,9:00,Longform,703,13,0
o5EoNXJ1Kdw,2026-08-24,LG전자 채용,네? 제가 Finance 체질이라고요?,https://youtu.be/o5EoNXJ1Kdw,2026-09-14,9:00,Longform,752,12,0
chDO_d91TRo,2026-08-24,LG전자 채용,"SCM 취준, 이것부터 준비해",https://youtu.be/chDO_d91TRo,2026-09-14,9:00,Longform,1053,24,1
i-6uUzcAxAQ,2026-08-24,LG전자 채용,생각해보니 품질 직무로 지원하겠습니다,https://youtu.be/i-6uUzcAxAQ,2026-09-14,9:00,Longform,1377,18,1
vblD_qT4PqM,2026-08-24,LG전자 채용,"영업직, 전공과 학점 중요한가요?",https://youtu.be/vblD_qT4PqM,2026-09-14,9:00,Longform,1551,9,0
R7fXbwTNsKw,2026-09-08,GS건설,이산화탄소로 나프타 생산 상용화,https://youtu.be/R7fXbwTNsKw,2026-09-14,9:00,Shorts,79724,221,0
n7qx6S-7hMA,2026-09-08,GS건설,원유 한 방울 없이 휘발유를 만드는 방법,https://youtu.be/n7qx6S-7hMA,2026-09-14,9:00,Shorts,76020,129,0
mOtOst1Y19w,2026-09-03,GS건설,"""농사는 포기한 땅이었어요"" 버려진 염해 농지가 마을 수익원이 된 이유",https://youtu.be/mOtOst1Y19w,2026-09-14,9:00,Longform,84359,56,5
DaiJ7FgjNrQ,2026-08-31,GS건설,겉만 봐서 모르는 대한민국 0.01% 아파트,https://youtu.be/DaiJ7FgjNrQ,2026-09-14,9:00,Shorts,4198,29,1
aeDtU6me0Ww,2026-08-12,GS건설,"레고 2,647만 배 블록 쌓아 공동주택 짓기",https://youtu.be/aeDtU6me0Ww,2026-09-14,9:00,Shorts,62833,58,4
ujX6yCOjgQw,2026-08-11,GS건설,"비싸도 너무 비싼 기름 값, 답답해서 진짜로 만들었습니다",https://youtu.be/ujX6yCOjgQw,2026-09-14,9:00,Longform,162306,365,52
uTLn9Zpvp9g,2026-07-27,GS건설,"""이번엔 국내 최고층 도전입니다"" 아파트 다음 데이터센터까지!",https://youtu.be/uTLn9Zpvp9g,2026-09-14,9:00,Longform,434799,3519,516
jrV2wdGq3os,2026-06-23,GS건설,샛누런 서해 바닷물 민물로 바꿔볼게요,https://youtu.be/jrV2wdGq3os,2026-09-14,9:00,Longform,75970,186,4
rLXb4ULIbxg,2026-06-17,GS건설,서해 바닷물 20만 톤 정수해서 마셔보기,https://youtu.be/rLXb4ULIbxg,2026-09-14,9:00,Longform,62171,363,22
fupHaRcBX6k,2026-06-05,GS건설,초대형 바닷물 정수기 대한민국 최초로 만들어봤습니다,https://youtu.be/fupHaRcBX6k,2026-09-14,9:00,Longform,431484,3212,462
IazR3mCeucw,2026-09-10,롯데백화점,롯데백화점 앰배서더 2기 발대식,https://youtu.be/IazR3mCeucw,2026-09-14,9:00,Shorts,4266,22,0
WB7yGGRaGsc,2026-09-08,롯데백화점,부산본점 디저트 페어ㅣ롯데백화점,https://youtu.be/WB7yGGRaGsc,2026-09-14,9:00,Shorts,6609,30,0
91BTO_fGCHc,2026-09-08,롯데백화점,돌체앤가바나 부산본점 오픈ㅣ롯데백화점,https://youtu.be/91BTO_fGCHc,2026-09-14,9:00,Shorts,5782,22,0
s4MN16_DWxE,2026-09-04,롯데백화점,직구터뷰 패션위크 편 | 롯데백화점,https://youtu.be/s4MN16_DWxE,2026-09-14,9:00,Longform,22123,57,0
UkYF7ZlRWRg,2026-09-04,롯데백화점,2027 S/S 서울패션위크ㅣ롯데백화점,https://youtu.be/UkYF7ZlRWRg,2026-09-14,9:00,Shorts,8056,31,0
8tA-neW2As8,2026-09-04,롯데백화점,추석 즐기는 5가지 방법ㅣ롯데백화점,https://youtu.be/8tA-neW2As8,2026-09-14,9:00,Shorts,5597,9,0
h07GsAac7jo,2026-09-03,롯데백화점,2926 추석마중 와인ㅣ롯데백화점,https://youtu.be/h07GsAac7jo,2026-09-14,9:00,Longform,12887,9,0
LicCa_o-4I4,2026-09-03,롯데백화점,2026 추석마중 신선ㅣ롯데백화점,https://youtu.be/LicCa_o-4I4,2026-09-14,9:00,Longform,14903,6,0
jBMwgtMAPQE,2026-09-03,롯데백화점,2026 추석마중 그로서리ㅣ롯데백화점,https://youtu.be/jBMwgtMAPQE,2026-09-14,9:00,Shorts,16415,8,0
vVIQ2o2Tf60,2026-09-02,롯데백화점,월간미식ㅣep.6 후추,https://youtu.be/vVIQ2o2Tf60,2026-09-14,9:00,Shorts,26121,66,0
-NxnGkI-pyo,2026-09-02,삼성중공업,[Samsung Heavy Industries Brand Film] Drawing a New Line to Set a New Standard,https://youtu.be/-NxnGkI-pyo,2026-09-14,9:00,Longform,870,9,0
4eAk16TZuho,2026-09-02,삼성중공업,[삼성중공업 홍보영상] 세상의 기준이 되는 선(船)을 그리다,https://youtu.be/4eAk16TZuho,2026-09-14,9:00,Longform,1695,16,0
A8g7kuMQeKs,2026-08-26,삼성중공업,"""애사비부터 해바라기까지, 삼성중공업 프로 가방 털기""",https://youtu.be/A8g7kuMQeKs,2026-09-14,9:00,Longform,1278,28,18
rtvSwFzu1UE,2026-08-26,삼성중공업,삼성중공업 캡슐뽑기 직터뷰!,https://youtu.be/rtvSwFzu1UE,2026-09-14,9:00,Longform,1160,13,0
PH9TbyA0kdM,2026-08-26,삼성중공업,삼성중공업 부산 R&D 센터 완전 정복!,https://youtu.be/PH9TbyA0kdM,2026-09-14,9:00,Longform,971,104,4
mOBLipDBmQM,2026-08-13,삼성중공업,안녕하세요삼성중공업입니다잘부탁드립니다 ㅣ 삼성중공업 신입사원 입문교육✏️,https://youtu.be/mOBLipDBmQM,2026-09-14,9:00,Longform,6379,73,9
_MpO1L1asOo,2026-07-14,삼성중공업,SVISION (360° Surround View Monitoring System),https://youtu.be/_MpO1L1asOo,2026-09-14,9:00,Longform,526,3,0
pXWsRZ5LLA0,2026-07-08,삼성중공업,초록숲 피크닉 VLOG🌿 | 거제~ 야호!💖 삼성중공업 사외조달팀의 하루,https://youtu.be/pXWsRZ5LLA0,2026-09-14,9:00,Longform,761,13,2
0prLzw2K9II,2026-05-26,삼성중공업,🌱성장부터 취업까지 한 번에📌ㅣ📢스마트조선소 AI 전문가 양성과정 5기 모집📢 ㅣ 교육지원 ㅣ 삼성중공업,https://youtu.be/0prLzw2K9II,2026-09-14,9:00,Shorts,1191,4,0
XfX3A06Vpz0,2026-03-18,삼성중공업,"삼성중공업 인재개발원 개소! ""여기가 두뇌를 만드는 곳입니다.""",https://youtu.be/XfX3A06Vpz0,2026-09-14,9:00,Longform,2477,23,0
4C3rlv9o940,2026-08-21,한화오션,20층 아파트만한 돛을 달았더니 바람은 멘탈이 나가버렸습니다. 환장할 노릇이죠. 돛을 단 한화오션LNG선 대항해시대,https://youtu.be/4C3rlv9o940,2026-09-14,9:00,Longform,381076,3175,440
E07WZAEugIw,2026-07-29,한화오션,세상에 나쁜 AI는 없다! 금쪽같은 내 AI를 제대로 써먹는 방법 컨테스트!,https://youtu.be/E07WZAEugIw,2026-09-14,9:00,Longform,1370,40,6
GZc-7-R8Y2c,2026-07-22,한화오션,"멧돼지 vs 귀신, 산악 러닝 중에 마주치면 더 무서운 것은?? 34년 경력 전설의 러너가 알려주는 전설의 고향!",https://youtu.be/GZc-7-R8Y2c,2026-09-14,9:00,Longform,3989,78,8
uZEmSoVv1SY,2026-07-15,한화오션,Thank you for all people who walked CPSP with Hanwha Ocean,https://youtu.be/uZEmSoVv1SY,2026-09-14,9:00,Longform,4477,331,33
YZV4zHAjpJM,2026-07-15,한화오션,캐나다 잠수함 사업을 응원해 주신 모든분들께 감사드립니다.,https://youtu.be/YZV4zHAjpJM,2026-09-14,9:00,Longform,478404,28871,4221
Vc5WzTMCMgA,2026-06-26,한화오션,월드컵 경기장보다 큰 탈것? 인류가 만든 가장 큰 '탈것'의 크기,https://youtu.be/Vc5WzTMCMgA,2026-09-14,9:00,Longform,2367,42,7
Wu8kzQqUyY4,2026-06-18,한화오션,"KSS-3, Korean Submarine Showcased at CANSEC 2026 for Canada's Maritime Defence",https://youtu.be/Wu8kzQqUyY4,2026-09-14,9:00,Longform,6551,190,21
2mXvIOI50Ig,2026-04-29,한화오션,한화이글스 승리 요정된 조선의 '명장',https://youtu.be/2mXvIOI50Ig,2026-09-14,9:00,Longform,1985,28,0
VyfgK5Tc7WQ,2026-04-28,한화오션,"이지스함 vs 구축함, 충격적인 차이점을 알려줌 (feat.호위함 초계함)",https://youtu.be/VyfgK5Tc7WQ,2026-09-14,9:00,Longform,414361,3748,205
dvfU0ivshxU,2026-04-28,한화오션,집 앞에서 열리는 음악축제 '오션하모니',https://youtu.be/dvfU0ivshxU,2026-09-14,9:00,Longform,2234,31,2
FgfMVDTrl_Q,2026-08-25,한화손보,"어린이보험, 아프기 전 건강관리도 가능할까요?｜검사부터 미리 살피는 한화 건강쑥쑥 어린이보험(무)2608",https://youtu.be/FgfMVDTrl_Q,2026-09-14,9:00,Shorts,1645500,3,1
ScF4MCor9Xw,2026-08-25,한화손보,"어린이보험, 어떤 보장을 준비해야 할까요?｜질병부터 생활 속 사고까지 한화 건강쑥쑥 어린이보험(무)2608",https://youtu.be/ScF4MCor9Xw,2026-09-14,9:00,Shorts,232,2,0
4a47E_Gh1J0,2026-08-25,한화손보,"치매보험, 치료비와 간병비 어떻게 준비할까요?｜한화치매간병보험(무) 핵심 보장 4가지",https://youtu.be/4a47E_Gh1J0,2026-09-14,9:00,Shorts,295,2,0
aAkQ61rlDNw,2026-08-20,한화손보,"집 보험, 32대 가전제품 고장부터 급배수시설 누출까지 | 한화 홈앤라이프 종합보험(무)",https://youtu.be/aAkQ61rlDNw,2026-09-14,9:00,Shorts,2600,61,0
7BWkEG4TO8c,2026-08-20,한화손보,"여성의 현실 가까이, 임신과 출산 그 안의 고민까지 | 한화 시그니처 여성 건강보험4.0",https://youtu.be/7BWkEG4TO8c,2026-09-14,9:00,Shorts,88931,15,9
ZiwX_U3gxa0,2026-08-20,한화손보,"여성의 현실 가까이, 여성암 진단 이후의 치료까지 | 한화 시그니처 여성 건강보험4.0",https://youtu.be/ZiwX_U3gxa0,2026-09-14,9:00,Shorts,73031,7,2
86UadVNH5T8,2026-08-20,한화손보,"여성의 현실 가까이, 갱년기 그 이후의 건강까지 | 한화 시그니처 여성 건강보험4.0",https://youtu.be/86UadVNH5T8,2026-09-14,9:00,Shorts,82761,8,4
8_47huSPGkM,2026-08-20,한화손보,"여성의 현실 가까이, 임신과 출산 그 안의 고민까지 | 한화 시그니처 여성 건강보험4.0",https://youtu.be/8_47huSPGkM,2026-09-14,9:00,Shorts,3212653,60,81
f9HrrBUNuXw,2026-08-20,한화손보,"여성의 현실 가까이, 여성암 진단 이후의 치료까지 | 한화 시그니처 여성 건강보험4.0",https://youtu.be/f9HrrBUNuXw,2026-09-14,9:00,Shorts,3855578,61,48
7UjWjujIdNs,2026-08-20,한화손보,"여성의 현실 가까이, 갱년기 그 이후의 건강까지 | 한화 시그니처 여성 건강보험4.0",https://youtu.be/7UjWjujIdNs,2026-09-14,9:00,Shorts,3969437,84,70
lHqlSgwE0xk,2026-09-15,CJ Careers,CJ ENM 커머스부문 직무 체험 브이로그ㅣ워크온에어 [MD편] (CJ온스타일)ㅣ이중생활 MD를 찾다🎤,https://youtu.be/lHqlSgwE0xk,2026-09-15,9:00,Longform,70,11,0
rl_rezb42xk,2026-09-15,CJ Careers,CJ ENM 커머스부문 직무 체험 브이로그ㅣ워크온에어 [PD편](CJ온스타일)ㅣPD는 미팅중독자(?)🤫,https://youtu.be/rl_rezb42xk,2026-09-15,9:00,Longform,31,8,0
_UIm2xt8vFw,2026-09-15,CJ Careers,쉿...! 최초 공개할게요🤫ㅣCJ ENM 커머스부문 임직원이 들려주는 CJ온스타일에 입사하면 좋은 점💜,https://youtu.be/_UIm2xt8vFw,2026-09-15,9:00,Shorts,94,10,0
3ln3AZ9gtjA,2026-09-15,CJ Careers,"🤷‍♀️CJ온스타일 MD, PD, 마케터는 어떻게 일할까?👀ㅣCJ ENM 커머스부문 신입사원 셋로그🐣",https://youtu.be/3ln3AZ9gtjA,2026-09-15,9:00,Shorts,287,14,0
s_TO_PKc8ig,2026-09-14,CJ Careers,"연애하러 왔는데… 취업하라고요?💘 |  [어느 날, 신입사원에게 7명의 선배가 생겼다?!] | 메인예고",https://youtu.be/s_TO_PKc8ig,2026-09-15,9:00,Longform,3347,29,7
quOdnXurH7g,2026-07-21,CJ Careers,"[TEAM OLIVE YOUNG : 비하인드 더 프로젝트] 올리브영 이제 월클이다. BTS, 봉준호, 손흥민, 올리브영 Let's Go! 🕺| 올리브영 글로벌 페스타 비하인드",https://youtu.be/quOdnXurH7g,2026-09-15,9:00,Longform,467,3,0
XdsOlPrU0UA,2026-07-21,CJ Careers,"[TEAM OLIVE YOUNG : 비하인드 더 프로젝트] 올리브영 이제 월클이다. BTS, 봉준호, 손흥민, 올리브영 Let's Go! 🕺| 올리브영 글로벌 페스타 비하인드",https://youtu.be/XdsOlPrU0UA,2026-09-15,9:00,Longform,436,2,0
8byTVWRVQGQ,2026-07-15,CJ Careers,"[TEAM OLIVE YOUNG : 비하인드 더 프로젝트] 올리브영 이제 월클이다. BTS, 봉준호, 손흥민, 올리브영 Let's Go! 🕺| 올리브영 글로벌 페스타 비하인드",https://youtu.be/8byTVWRVQGQ,2026-09-15,9:00,Longform,979,10,0
j28zCJjNqoA,2026-06-26,CJ Careers,"[올리브영.zip] 압축해제ㅣ올리브영 PM들이 건강한 프로덕트를 만드는 방법, 압 축 해 제!",https://youtu.be/j28zCJjNqoA,2026-09-15,9:00,Longform,1460,9,0
73_myNoPkEI,2026-06-26,CJ Careers,[영메이커 CLOSE UP👀✨] 프로덕트센터 궁금해하지마 그거 어떻게 하는건데..😝ㅣCJ올리브영 프로덕트 센터 A to Z 살펴보기,https://youtu.be/73_myNoPkEI,2026-09-15,9:00,Longform,1068,9,1
stDRQWkZitc,2026-09-11,HD현대,"[ENG sub] HD테크 | 발전엔진 | 바다에서 검증된 선박 발전용 엔진, AI 전력난의 해법이 되다",https://youtu.be/stDRQWkZitc,2026-09-15,9:00,Longform,11634,20,6
rCwgA4hfxvE,2026-09-01,HD현대,큰 일하는 큰 회사에서 큰 사람 모십니다 | 2026년 하반기 HD현대 신입사원 채용,https://youtu.be/rCwgA4hfxvE,2026-09-15,9:00,Shorts,1056673,33,0
B7fw-boQMmc,2026-08-28,HD현대,"팀 K리그팬 vs 맨시티팬, 직장 동료 맞습니다 ⚽️🔥 HD현대 직원들의 2026 쿠팡플레이 시리즈 직관 브이로그 (feat. 피터 빈트)",https://youtu.be/B7fw-boQMmc,2026-09-15,9:00,Longform,5287,25,4
EyO0PYoSHmU,2026-08-21,HD현대,⚽️축구 꿈나무들에게 찾아온 최고의 하루ㅣ드림플레이어 아이들의 특별한 여름방학 ✨ (feat. 팀 K리그 vs 맨시티 경기 직관),https://youtu.be/EyO0PYoSHmU,2026-09-15,9:00,Longform,7025,31,8
m2H15EGD-Y8,2026-08-14,HD현대,"단기 성과보다 10년·20년 뒤를 본다, HD현대 사장단 회의",https://youtu.be/m2H15EGD-Y8,2026-09-15,9:00,Shorts,2799,38,3
3vLi42bNnr4,2026-08-14,HD현대,무더위 싹 날리는 특급 당 충전 | HD현대가 ROTC 후보생 여러분을 응원 합니다.,https://youtu.be/3vLi42bNnr4,2026-09-15,9:00,Longform,13324,36,4
bb_arqi9QA8,2026-08-07,HD현대,태양의 힘을 지상에 구현하는 K-조선,https://youtu.be/bb_arqi9QA8,2026-09-15,9:00,Longform,2239,31,4
yj3m-0qiFe8,2026-07-30,HD현대,글로벌 태양광 기업들 중 재무 건전성이 가장 높은 기업은 어디일까요?🥇,https://youtu.be/yj3m-0qiFe8,2026-09-15,9:00,Longform,2460,14,2
sP9ZHbJj_Gc,2026-07-24,HD현대,"HD현대 MZ봉사단ㅣ벽을 넘어 마음을 칠하다, 가족과 함께 색칠한 특별한 하루",https://youtu.be/sP9ZHbJj_Gc,2026-09-15,9:00,Longform,9581,22,7
l7NrvesxvUs,2026-07-17,HD현대,"[HD팀터뷰] EP.03 찌릿, 짜릿, 쫄깃한 영업팀 일상 ⚡️ (Feat. 대한민국 수출역군)ㅣHD현대일렉트릭 전력해외영업2부",https://youtu.be/l7NrvesxvUs,2026-09-15,9:00,Longform,32289,31,2
zIyShSUsrRA,2026-09-11,SK하이닉스 [SK hynix],📍SK하이닉스 앰버서더 랩(Lab)ㅣ아이들이 그리는 반도체?,https://youtu.be/zIyShSUsrRA,2026-09-15,9:00,Shorts,1771,1,0
srlHPtzExnM,2026-09-11,SK하이닉스 [SK hynix],"📍SK하이닉스 앰버서더 랩(Lab)ㅣ반도체, 아이들에게 물어봤습니다",https://youtu.be/srlHPtzExnM,2026-09-15,9:00,Longform,3442,12,0
ZRW9lAC4P9s,2026-09-11,SK하이닉스 [SK hynix],📍SK하이닉스 앰버서더 랩(Lab)ㅣ아이들은 반도체에 대해 얼마나 알까?,https://youtu.be/ZRW9lAC4P9s,2026-09-15,9:00,Shorts,1694,4,0
vGezikwh9XE,2026-09-11,SK하이닉스 [SK hynix],📍SK하이닉스 앰버서더 랩(Lab)ㅣ종이 한 장으로 포토 공정 설명하기,https://youtu.be/vGezikwh9XE,2026-09-15,9:00,Longform,1502,5,1
nSsCmBWMW8M,2026-09-11,SK하이닉스 [SK hynix],📍SK하이닉스 앰버서더 랩(Lab)ㅣChip Chat with SK hynix 🎙️💾,https://youtu.be/nSsCmBWMW8M,2026-09-15,9:00,Shorts,933,12,0
TSCE_NtzdgI,2026-09-09,SK하이닉스 [SK hynix],"Social Value Connect, SOVAC 2026 사전등록 오픈✅",https://youtu.be/TSCE_NtzdgI,2026-09-15,9:00,Shorts,2402,10,0
YULZb6r29IY,2026-09-09,SK하이닉스 [SK hynix],"SK hynix Charts Its Direction at the 2026 Future Forum—""Now Is the Golden Time to Leap Forward""",https://youtu.be/YULZb6r29IY,2026-09-15,9:00,Shorts,1286,1,0
XBli0r_xTMk,2026-09-09,SK하이닉스 [SK hynix],"SK하이닉스, ‘2026 미래포럼’에서 사업 · 기술 방향성 모색 “지금이 도약의 골든 타임”",https://youtu.be/XBli0r_xTMk,2026-09-15,9:00,Shorts,788,5,0
z_HBvATC-VQ,2026-09-07,SK하이닉스 [SK hynix],"[하이피디아 4편 – 양산관리] 팹의 생산 흐름을 조율하는 키, 'TAT' ⏱️",https://youtu.be/z_HBvATC-VQ,2026-09-15,9:00,Longform,2789,21,1
RwGn98VuPDQ,2026-09-07,SK하이닉스 [SK hynix],"거대한 팹의 판을 짜는, 제조 현장의 마스터키 [양산관리] | N잡러2 EP.4",https://youtu.be/RwGn98VuPDQ,2026-09-15,9:00,Longform,11484,86,4
ZDaPbrJcfjk,2026-09-04,현대자동차 채용,[Team Hyundai Talk Live] 선배사원 Talk,https://youtu.be/ZDaPbrJcfjk,2026-09-15,9:00,Longform,14111,71,2
F6Q5kA8595k,2026-09-04,현대자동차 채용,[Team Hyundai Talk Live] 채용담당자 Talk,https://youtu.be/F6Q5kA8595k,2026-09-15,9:00,Longform,35054,195,9
sch9eRdbq8A,2026-03-27,현대자동차 채용,[Team Hyundai Talk Live] 사업/기획 & 경영지원 인사담당자 Talk,https://youtu.be/sch9eRdbq8A,2026-09-15,9:00,Longform,12802,141,2
FLiu525pvNM,2026-03-27,현대자동차 채용,[Team Hyundai Talk Live] 연구개발 & 생산/제조 인사담당자 Talk,https://youtu.be/FLiu525pvNM,2026-09-15,9:00,Longform,24219,277,11
x9QfOkqKgl8,2025-12-17,현대자동차 채용,[Team Hyundai 직무 인터뷰] 공정 최적화와 데이터 기반의 전략을 세우는 소재생산관리 직무,https://youtu.be/x9QfOkqKgl8,2026-09-15,9:00,Longform,2016,19,2
qTfUNyAPu3M,2025-12-17,현대자동차 채용,[Team Hyundai 직무 인터뷰] 신뢰를 기반으로 현안 대응과 소통을 담당하는 노사기획 직무,https://youtu.be/qTfUNyAPu3M,2026-09-15,9:00,Longform,1328,10,1
pDuPuUZImCE,2025-10-31,현대자동차 채용,[Team Hyundai 직무 인터뷰] 고성능 엔진 개발과 설계를 담당하는 엔진설계 직무,https://youtu.be/pDuPuUZImCE,2026-09-15,9:00,Longform,1691,22,1
cnu1dzOVxUE,2025-10-31,현대자동차 채용,[Team Hyundai 직무 인터뷰] 주행 안정성과 승차감을 연구하는 MLV샤시설계 직무,https://youtu.be/cnu1dzOVxUE,2026-09-15,9:00,Longform,1295,21,0
thZQDFuqo08,2025-10-30,현대자동차 채용,[Team Hyundai 직무 인터뷰] 수소사업 전략과 개발을 이끄는 수소사업추진 직무,https://youtu.be/thZQDFuqo08,2026-09-15,9:00,Longform,1444,21,0
KFGNh_9yS8o,2025-10-29,현대자동차 채용,[Team Hyundai 직무 인터뷰] 충돌 사고에 대비해 승객의 안전을 책임지는 안전시스템제어설계 직무,https://youtu.be/KFGNh_9yS8o,2026-09-15,9:00,Longform,949,8,1
mk6BzBLUJAY,2026-09-11,LG에너지솔루션 [LG Energy Solution],"[Making Every Possibility] 활성화 공정, 각형 배터리의 품질을 높이는 기술!",https://youtu.be/mk6BzBLUJAY,2026-09-15,9:00,Longform,128669,601,0
zCW4haoyizI,2026-09-02,LG에너지솔루션 [LG Energy Solution],[Empower Cast] LG에너지솔루션의 8월에는 무슨일이 있었을까요? | 2026년 8월 주요 소식,https://youtu.be/zCW4haoyizI,2026-09-15,9:00,Longform,104123,18,0
-NEz4r0uw84,2026-08-14,LG에너지솔루션 [LG Energy Solution],[Powering Everything] 거대한 선박을 배터리로 움직인다? 선박 전동화의 비밀!,https://youtu.be/-NEz4r0uw84,2026-09-15,9:00,Longform,273517,10382,8
VtylzsBa3CE,2026-08-05,LG에너지솔루션 [LG Energy Solution],[Empower Cast] LG에너지솔루션의 7월에는 무슨일이 있었을까요? | 2026년 7월 주요 소식,https://youtu.be/VtylzsBa3CE,2026-09-15,9:00,Longform,107225,13,0
QyK-bFsrWD8,2026-07-16,LG에너지솔루션 [LG Energy Solution],"[ESSence Ep. 5] ESS의 잠재력을 끌어올리는 스마트한 운영 기술, AEROS™",https://youtu.be/QyK-bFsrWD8,2026-09-15,9:00,Longform,144681,4666,5
zqDsg6P1pm4,2026-07-08,LG에너지솔루션 [LG Energy Solution],"[배터리리포트] 배터리 제조 경쟁력을 높이는 기술, 배터리를 정밀하게 연결하는 웰딩 공정",https://youtu.be/zqDsg6P1pm4,2026-09-15,9:00,Longform,107122,15,0
COM3guEwdtY,2026-07-02,LG에너지솔루션 [LG Energy Solution],[Empower Cast] 비즈니스 영어 팟캐스트 : LG에너지솔루션 6월 뉴스,https://youtu.be/COM3guEwdtY,2026-09-15,9:00,Longform,15009,10,0
D01NS8gd1-A,2026-06-19,LG에너지솔루션 [LG Energy Solution],[ESSence Ep. 4] 배터리로 돈을 번다? 에너지 저장을 넘어 수익 창출까지! ESS의 진화,https://youtu.be/D01NS8gd1-A,2026-09-15,9:00,Longform,116444,627,0
Ek6z78HLGpE,2026-06-05,LG에너지솔루션 [LG Energy Solution],[Powering Everything] 하늘을 나는 배터리?! UAM의 핵심 기술,https://youtu.be/Ek6z78HLGpE,2026-09-15,9:00,Longform,197495,9413,11
KtnexslZIgQ,2026-05-22,LG에너지솔루션 [LG Energy Solution],"[ESSence Ep. 3] 주파수를 맞춘다고? 전력망 안정화의 핵심, ESS!",https://youtu.be/KtnexslZIgQ,2026-09-15,9:00,Longform,160241,1866,1
FUV9343n7yc,2026-08-24,LG전자 채용,인턴 없이 HR 직무 합격한 썰,https://youtu.be/FUV9343n7yc,2026-09-15,9:00,Longform,1596,19,0
H59a7dXOHzY,2026-08-24,LG전자 채용,공대생이야? 학점보다 더 중요한 건,https://youtu.be/H59a7dXOHzY,2026-09-15,9:00,Longform,1612,11,0
Xe0ONIAL0Ak,2026-08-24,LG전자 채용,LG전자 구매팀 자소서가 궁금해,https://youtu.be/Xe0ONIAL0Ak,2026-09-15,9:00,Longform,1325,23,0
TQxwFbiPkxc,2026-08-24,LG전자 채용,POV : 전기전자 현직자가 취준생으로 돌아갔다,https://youtu.be/TQxwFbiPkxc,2026-09-15,9:00,Longform,1149,18,6
mwDurt7i3HY,2026-08-24,LG전자 채용,"생산기술 직무, 대학원 필수에요?",https://youtu.be/mwDurt7i3HY,2026-09-15,9:00,Longform,1698,17,4
b98C03aWjn0,2026-08-24,LG전자 채용,전략기획팀 면접? 이렇게 하면 합격이야,https://youtu.be/b98C03aWjn0,2026-09-15,9:00,Longform,710,13,0
o5EoNXJ1Kdw,2026-08-24,LG전자 채용,네? 제가 Finance 체질이라고요?,https://youtu.be/o5EoNXJ1Kdw,2026-09-15,9:00,Longform,754,12,0
chDO_d91TRo,2026-08-24,LG전자 채용,"SCM 취준, 이것부터 준비해",https://youtu.be/chDO_d91TRo,2026-09-15,9:00,Longform,1064,24,1
i-6uUzcAxAQ,2026-08-24,LG전자 채용,생각해보니 품질 직무로 지원하겠습니다,https://youtu.be/i-6uUzcAxAQ,2026-09-15,9:00,Longform,1387,18,1
vblD_qT4PqM,2026-08-24,LG전자 채용,"영업직, 전공과 학점 중요한가요?",https://youtu.be/vblD_qT4PqM,2026-09-15,9:00,Longform,1558,9,0
R7fXbwTNsKw,2026-09-08,GS건설,이산화탄소로 나프타 생산 상용화,https://youtu.be/R7fXbwTNsKw,2026-09-15,9:00,Shorts,79576,221,0
n7qx6S-7hMA,2026-09-08,GS건설,원유 한 방울 없이 휘발유를 만드는 방법,https://youtu.be/n7qx6S-7hMA,2026-09-15,9:00,Shorts,76094,130,0
mOtOst1Y19w,2026-09-03,GS건설,"""농사는 포기한 땅이었어요"" 버려진 염해 농지가 마을 수익원이 된 이유",https://youtu.be/mOtOst1Y19w,2026-09-15,9:00,Longform,158192,57,5
DaiJ7FgjNrQ,2026-08-31,GS건설,겉만 봐서 모르는 대한민국 0.01% 아파트,https://youtu.be/DaiJ7FgjNrQ,2026-09-15,9:00,Shorts,4209,29,1
aeDtU6me0Ww,2026-08-12,GS건설,"레고 2,647만 배 블록 쌓아 공동주택 짓기",https://youtu.be/aeDtU6me0Ww,2026-09-15,9:00,Shorts,62838,58,4
ujX6yCOjgQw,2026-08-11,GS건설,"비싸도 너무 비싼 기름 값, 답답해서 진짜로 만들었습니다",https://youtu.be/ujX6yCOjgQw,2026-09-15,9:00,Longform,162358,365,52
uTLn9Zpvp9g,2026-07-27,GS건설,"""이번엔 국내 최고층 도전입니다"" 아파트 다음 데이터센터까지!",https://youtu.be/uTLn9Zpvp9g,2026-09-15,9:00,Longform,435112,3520,516
jrV2wdGq3os,2026-06-23,GS건설,샛누런 서해 바닷물 민물로 바꿔볼게요,https://youtu.be/jrV2wdGq3os,2026-09-15,9:00,Longform,75973,186,4
rLXb4ULIbxg,2026-06-17,GS건설,서해 바닷물 20만 톤 정수해서 마셔보기,https://youtu.be/rLXb4ULIbxg,2026-09-15,9:00,Longform,62178,362,22
fupHaRcBX6k,2026-06-05,GS건설,초대형 바닷물 정수기 대한민국 최초로 만들어봤습니다,https://youtu.be/fupHaRcBX6k,2026-09-15,9:00,Longform,431550,3212,462
IazR3mCeucw,2026-09-10,롯데백화점,롯데백화점 앰배서더 2기 발대식,https://youtu.be/IazR3mCeucw,2026-09-15,9:00,Shorts,5779,26,0
WB7yGGRaGsc,2026-09-08,롯데백화점,부산본점 디저트 페어ㅣ롯데백화점,https://youtu.be/WB7yGGRaGsc,2026-09-15,9:00,Shorts,7610,36,0
91BTO_fGCHc,2026-09-08,롯데백화점,돌체앤가바나 부산본점 오픈ㅣ롯데백화점,https://youtu.be/91BTO_fGCHc,2026-09-15,9:00,Shorts,6436,27,0
s4MN16_DWxE,2026-09-04,롯데백화점,직구터뷰 패션위크 편 | 롯데백화점,https://youtu.be/s4MN16_DWxE,2026-09-15,9:00,Longform,22106,57,0
UkYF7ZlRWRg,2026-09-04,롯데백화점,2027 S/S 서울패션위크ㅣ롯데백화점,https://youtu.be/UkYF7ZlRWRg,2026-09-15,9:00,Shorts,8066,31,0
8tA-neW2As8,2026-09-04,롯데백화점,추석 즐기는 5가지 방법ㅣ롯데백화점,https://youtu.be/8tA-neW2As8,2026-09-15,9:00,Shorts,5592,9,0
h07GsAac7jo,2026-09-03,롯데백화점,2926 추석마중 와인ㅣ롯데백화점,https://youtu.be/h07GsAac7jo,2026-09-15,9:00,Longform,12882,9,0
LicCa_o-4I4,2026-09-03,롯데백화점,2026 추석마중 신선ㅣ롯데백화점,https://youtu.be/LicCa_o-4I4,2026-09-15,9:00,Longform,14889,6,0
jBMwgtMAPQE,2026-09-03,롯데백화점,2026 추석마중 그로서리ㅣ롯데백화점,https://youtu.be/jBMwgtMAPQE,2026-09-15,9:00,Shorts,16400,8,0
vVIQ2o2Tf60,2026-09-02,롯데백화점,월간미식ㅣep.6 후추,https://youtu.be/vVIQ2o2Tf60,2026-09-15,9:00,Shorts,26126,66,0
-NxnGkI-pyo,2026-09-02,삼성중공업,[Samsung Heavy Industries Brand Film] Drawing a New Line to Set a New Standard,https://youtu.be/-NxnGkI-pyo,2026-09-15,9:00,Longform,893,9,0
4eAk16TZuho,2026-09-02,삼성중공업,[삼성중공업 홍보영상] 세상의 기준이 되는 선(船)을 그리다,https://youtu.be/4eAk16TZuho,2026-09-15,9:00,Longform,1733,16,0
A8g7kuMQeKs,2026-08-26,삼성중공업,"""애사비부터 해바라기까지, 삼성중공업 프로 가방 털기""",https://youtu.be/A8g7kuMQeKs,2026-09-15,9:00,Longform,1330,29,18
rtvSwFzu1UE,2026-08-26,삼성중공업,삼성중공업 캡슐뽑기 직터뷰!,https://youtu.be/rtvSwFzu1UE,2026-09-15,9:00,Longform,1192,13,0
PH9TbyA0kdM,2026-08-26,삼성중공업,삼성중공업 부산 R&D 센터 완전 정복!,https://youtu.be/PH9TbyA0kdM,2026-09-15,9:00,Longform,1048,105,5
mOBLipDBmQM,2026-08-13,삼성중공업,안녕하세요삼성중공업입니다잘부탁드립니다 ㅣ 삼성중공업 신입사원 입문교육✏️,https://youtu.be/mOBLipDBmQM,2026-09-15,9:00,Longform,6467,75,9
_MpO1L1asOo,2026-07-14,삼성중공업,SVISION (360° Surround View Monitoring System),https://youtu.be/_MpO1L1asOo,2026-09-15,9:00,Longform,531,3,0
pXWsRZ5LLA0,2026-07-08,삼성중공업,초록숲 피크닉 VLOG🌿 | 거제~ 야호!💖 삼성중공업 사외조달팀의 하루,https://youtu.be/pXWsRZ5LLA0,2026-09-15,9:00,Longform,764,13,2
0prLzw2K9II,2026-05-26,삼성중공업,🌱성장부터 취업까지 한 번에📌ㅣ📢스마트조선소 AI 전문가 양성과정 5기 모집📢 ㅣ 교육지원 ㅣ 삼성중공업,https://youtu.be/0prLzw2K9II,2026-09-15,9:00,Shorts,1198,4,0
XfX3A06Vpz0,2026-03-18,삼성중공업,"삼성중공업 인재개발원 개소! ""여기가 두뇌를 만드는 곳입니다.""",https://youtu.be/XfX3A06Vpz0,2026-09-15,9:00,Longform,2486,23,0
vtBUEXYMHtw,2026-09-14,한화오션,한화오션 피플로그ㅣ내 전공이 바다를 만난다면?,https://youtu.be/vtBUEXYMHtw,2026-09-15,9:00,Longform,3586,26,3
4C3rlv9o940,2026-08-21,한화오션,20층 아파트만한 돛을 달았더니 바람은 멘탈이 나가버렸습니다. 환장할 노릇이죠. 돛을 단 한화오션LNG선 대항해시대,https://youtu.be/4C3rlv9o940,2026-09-15,9:00,Longform,381251,3175,440
E07WZAEugIw,2026-07-29,한화오션,세상에 나쁜 AI는 없다! 금쪽같은 내 AI를 제대로 써먹는 방법 컨테스트!,https://youtu.be/E07WZAEugIw,2026-09-15,9:00,Longform,1383,40,6
GZc-7-R8Y2c,2026-07-22,한화오션,"멧돼지 vs 귀신, 산악 러닝 중에 마주치면 더 무서운 것은?? 34년 경력 전설의 러너가 알려주는 전설의 고향!",https://youtu.be/GZc-7-R8Y2c,2026-09-15,9:00,Longform,3992,78,8
uZEmSoVv1SY,2026-07-15,한화오션,Thank you for all people who walked CPSP with Hanwha Ocean,https://youtu.be/uZEmSoVv1SY,2026-09-15,9:00,Longform,4478,331,33
YZV4zHAjpJM,2026-07-15,한화오션,캐나다 잠수함 사업을 응원해 주신 모든분들께 감사드립니다.,https://youtu.be/YZV4zHAjpJM,2026-09-15,9:00,Longform,478454,28872,4219
Vc5WzTMCMgA,2026-06-26,한화오션,월드컵 경기장보다 큰 탈것? 인류가 만든 가장 큰 '탈것'의 크기,https://youtu.be/Vc5WzTMCMgA,2026-09-15,9:00,Longform,2370,42,7
Wu8kzQqUyY4,2026-06-18,한화오션,"KSS-3, Korean Submarine Showcased at CANSEC 2026 for Canada's Maritime Defence",https://youtu.be/Wu8kzQqUyY4,2026-09-15,9:00,Longform,6556,190,21
2mXvIOI50Ig,2026-04-29,한화오션,한화이글스 승리 요정된 조선의 '명장',https://youtu.be/2mXvIOI50Ig,2026-09-15,9:00,Longform,1987,28,0
VyfgK5Tc7WQ,2026-04-28,한화오션,"이지스함 vs 구축함, 충격적인 차이점을 알려줌 (feat.호위함 초계함)",https://youtu.be/VyfgK5Tc7WQ,2026-09-15,9:00,Longform,414675,3749,205
FgfMVDTrl_Q,2026-08-25,한화손보,"어린이보험, 아프기 전 건강관리도 가능할까요?｜검사부터 미리 살피는 한화 건강쑥쑥 어린이보험(무)2608",https://youtu.be/FgfMVDTrl_Q,2026-09-15,9:00,Shorts,1772084,3,1
ScF4MCor9Xw,2026-08-25,한화손보,"어린이보험, 어떤 보장을 준비해야 할까요?｜질병부터 생활 속 사고까지 한화 건강쑥쑥 어린이보험(무)2608",https://youtu.be/ScF4MCor9Xw,2026-09-15,9:00,Shorts,233,2,0
4a47E_Gh1J0,2026-08-25,한화손보,"치매보험, 치료비와 간병비 어떻게 준비할까요?｜한화치매간병보험(무) 핵심 보장 4가지",https://youtu.be/4a47E_Gh1J0,2026-09-15,9:00,Shorts,301,2,0
aAkQ61rlDNw,2026-08-20,한화손보,"집 보험, 32대 가전제품 고장부터 급배수시설 누출까지 | 한화 홈앤라이프 종합보험(무)",https://youtu.be/aAkQ61rlDNw,2026-09-15,9:00,Shorts,2614,61,0
7BWkEG4TO8c,2026-08-20,한화손보,"여성의 현실 가까이, 임신과 출산 그 안의 고민까지 | 한화 시그니처 여성 건강보험4.0",https://youtu.be/7BWkEG4TO8c,2026-09-15,9:00,Shorts,92360,15,9
ZiwX_U3gxa0,2026-08-20,한화손보,"여성의 현실 가까이, 여성암 진단 이후의 치료까지 | 한화 시그니처 여성 건강보험4.0",https://youtu.be/ZiwX_U3gxa0,2026-09-15,9:00,Shorts,74522,7,2
86UadVNH5T8,2026-08-20,한화손보,"여성의 현실 가까이, 갱년기 그 이후의 건강까지 | 한화 시그니처 여성 건강보험4.0",https://youtu.be/86UadVNH5T8,2026-09-15,9:00,Shorts,89403,8,4
8_47huSPGkM,2026-08-20,한화손보,"여성의 현실 가까이, 임신과 출산 그 안의 고민까지 | 한화 시그니처 여성 건강보험4.0",https://youtu.be/8_47huSPGkM,2026-09-15,9:00,Shorts,3308327,60,81
f9HrrBUNuXw,2026-08-20,한화손보,"여성의 현실 가까이, 여성암 진단 이후의 치료까지 | 한화 시그니처 여성 건강보험4.0",https://youtu.be/f9HrrBUNuXw,2026-09-15,9:00,Shorts,3957305,62,48
7UjWjujIdNs,2026-08-20,한화손보,"여성의 현실 가까이, 갱년기 그 이후의 건강까지 | 한화 시그니처 여성 건강보험4.0",https://youtu.be/7UjWjujIdNs,2026-09-15,9:00,Shorts,4074100,84,70
catw3C1IRKs,2026-09-16,CJ Careers,"CJ 채용 정보, 맛있게 준비했습니다🍽️ | CJ Careers Showcase 1부 식품·식품서비스 사업군",https://youtu.be/catw3C1IRKs,2026-09-16,9:00,Longform,149,5,1
MHSD38qa5oM,2026-09-16,CJ Careers,"CJ 채용 정보, 알차게 배송해드립니다📦 | CJ Careers Showcase 2부 물류·신유통·인프라 사업군",https://youtu.be/MHSD38qa5oM,2026-09-16,9:00,Longform,123,7,1
LebUClEVHm8,2026-09-16,CJ Careers,"콘텐츠부터 IT까지, CJ 채용 라인업 공개🎬💻 | CJ Careers Showcase 3부 미디어·콘텐츠·IT 사업군",https://youtu.be/LebUClEVHm8,2026-09-16,9:00,Longform,193,4,1
sBT2HB4LayI,2026-09-16,CJ Careers,"We Who Prove It : EP.01 AI 시대, 집요함으로 증명하다 | CJ제일제당 × CJ대한통운",https://youtu.be/sBT2HB4LayI,2026-09-16,9:00,Longform,52,3,1
PBr5ts2fXVI,2026-09-16,CJ Careers,We Who Prove It : EP.02 고객의 마음을 움직이는 사람들 | CJ프레시웨이 × CJ ENM 커머스부문,https://youtu.be/PBr5ts2fXVI,2026-09-16,9:00,Longform,30,3,1
FEmsDHwjzEg,2026-09-16,CJ Careers,We Who Prove It : EP.03 미래를 현실로 만드는 사람들 | CJ푸드빌 × CJ CGV,https://youtu.be/FEmsDHwjzEg,2026-09-16,9:00,Longform,22,2,1
Q6kUdlXaoHg,2026-09-16,CJ Careers,"면접장에서 돌아온 CJ 신입즈, 그날의 면접 이야기💬 | 면접 INSIDE OUT 1부",https://youtu.be/Q6kUdlXaoHg,2026-09-16,9:00,Longform,166,5,1
fQThx-GE-ac,2026-09-16,CJ Careers,CJ 면접 꿀팁? 합격한 신입즈가 직접 알려드립니다💡 | 면접 INSIDE OUT 2부,https://youtu.be/fQThx-GE-ac,2026-09-16,9:00,Longform,176,5,1
QXS_6ZvuJsc,2026-09-16,CJ Careers,"LA 곳곳에 CJ가 있다고? 👀 KCON LA부터 올리브영, 비비고까지ㅣ채용담당자 미국 출장 VLOG🌎✈️💼",https://youtu.be/QXS_6ZvuJsc,2026-09-16,9:00,Longform,59,11,3
TPzbtWJK-VM,2026-09-16,CJ Careers,"1년 후, 저는 CJ ENM 커머스부문 선배가 됐습니다📺✨ | [어느 날, 신입사원에게 7명의 선배가 생겼다?!] EP.09-CJ ENM 커머스부문",https://youtu.be/TPzbtWJK-VM,2026-09-16,9:00,Longform,16,1,1
stDRQWkZitc,2026-09-11,HD현대,"[ENG sub] HD테크 | 발전엔진 | 바다에서 검증된 선박 발전용 엔진, AI 전력난의 해법이 되다",https://youtu.be/stDRQWkZitc,2026-09-16,9:00,Longform,15508,20,6
rCwgA4hfxvE,2026-09-01,HD현대,큰 일하는 큰 회사에서 큰 사람 모십니다 | 2026년 하반기 HD현대 신입사원 채용,https://youtu.be/rCwgA4hfxvE,2026-09-16,9:00,Shorts,1116601,34,0
B7fw-boQMmc,2026-08-28,HD현대,"팀 K리그팬 vs 맨시티팬, 직장 동료 맞습니다 ⚽️🔥 HD현대 직원들의 2026 쿠팡플레이 시리즈 직관 브이로그 (feat. 피터 빈트)",https://youtu.be/B7fw-boQMmc,2026-09-16,9:00,Longform,7716,25,3
EyO0PYoSHmU,2026-08-21,HD현대,⚽️축구 꿈나무들에게 찾아온 최고의 하루ㅣ드림플레이어 아이들의 특별한 여름방학 ✨ (feat. 팀 K리그 vs 맨시티 경기 직관),https://youtu.be/EyO0PYoSHmU,2026-09-16,9:00,Longform,7030,31,8
m2H15EGD-Y8,2026-08-14,HD현대,"단기 성과보다 10년·20년 뒤를 본다, HD현대 사장단 회의",https://youtu.be/m2H15EGD-Y8,2026-09-16,9:00,Shorts,2812,38,3
3vLi42bNnr4,2026-08-14,HD현대,무더위 싹 날리는 특급 당 충전 | HD현대가 ROTC 후보생 여러분을 응원 합니다.,https://youtu.be/3vLi42bNnr4,2026-09-16,9:00,Longform,13335,36,4
bb_arqi9QA8,2026-08-07,HD현대,태양의 힘을 지상에 구현하는 K-조선,https://youtu.be/bb_arqi9QA8,2026-09-16,9:00,Longform,2242,31,4
yj3m-0qiFe8,2026-07-30,HD현대,글로벌 태양광 기업들 중 재무 건전성이 가장 높은 기업은 어디일까요?🥇,https://youtu.be/yj3m-0qiFe8,2026-09-16,9:00,Longform,2461,14,2
sP9ZHbJj_Gc,2026-07-24,HD현대,"HD현대 MZ봉사단ㅣ벽을 넘어 마음을 칠하다, 가족과 함께 색칠한 특별한 하루",https://youtu.be/sP9ZHbJj_Gc,2026-09-16,9:00,Longform,9582,22,7
l7NrvesxvUs,2026-07-17,HD현대,"[HD팀터뷰] EP.03 찌릿, 짜릿, 쫄깃한 영업팀 일상 ⚡️ (Feat. 대한민국 수출역군)ㅣHD현대일렉트릭 전력해외영업2부",https://youtu.be/l7NrvesxvUs,2026-09-16,9:00,Longform,32307,32,2
zIyShSUsrRA,2026-09-11,SK하이닉스 [SK hynix],📍SK하이닉스 앰버서더 랩(Lab)ㅣ아이들이 그리는 반도체?,https://youtu.be/zIyShSUsrRA,2026-09-16,9:00,Shorts,2117,1,0
srlHPtzExnM,2026-09-11,SK하이닉스 [SK hynix],"📍SK하이닉스 앰버서더 랩(Lab)ㅣ반도체, 아이들에게 물어봤습니다",https://youtu.be/srlHPtzExnM,2026-09-16,9:00,Longform,4001,13,0
ZRW9lAC4P9s,2026-09-11,SK하이닉스 [SK hynix],📍SK하이닉스 앰버서더 랩(Lab)ㅣ아이들은 반도체에 대해 얼마나 알까?,https://youtu.be/ZRW9lAC4P9s,2026-09-16,9:00,Shorts,1748,4,0
vGezikwh9XE,2026-09-11,SK하이닉스 [SK hynix],📍SK하이닉스 앰버서더 랩(Lab)ㅣ종이 한 장으로 포토 공정 설명하기,https://youtu.be/vGezikwh9XE,2026-09-16,9:00,Longform,1551,5,1
nSsCmBWMW8M,2026-09-11,SK하이닉스 [SK hynix],📍SK하이닉스 앰버서더 랩(Lab)ㅣChip Chat with SK hynix 🎙️💾,https://youtu.be/nSsCmBWMW8M,2026-09-16,9:00,Shorts,979,12,0
TSCE_NtzdgI,2026-09-09,SK하이닉스 [SK hynix],"Social Value Connect, SOVAC 2026 사전등록 오픈✅",https://youtu.be/TSCE_NtzdgI,2026-09-16,9:00,Shorts,2647,10,0
YULZb6r29IY,2026-09-09,SK하이닉스 [SK hynix],"SK hynix Charts Its Direction at the 2026 Future Forum—""Now Is the Golden Time to Leap Forward""",https://youtu.be/YULZb6r29IY,2026-09-16,9:00,Shorts,1306,1,0
XBli0r_xTMk,2026-09-09,SK하이닉스 [SK hynix],"SK하이닉스, ‘2026 미래포럼’에서 사업 · 기술 방향성 모색 “지금이 도약의 골든 타임”",https://youtu.be/XBli0r_xTMk,2026-09-16,9:00,Shorts,811,5,0
z_HBvATC-VQ,2026-09-07,SK하이닉스 [SK hynix],"[하이피디아 4편 – 양산관리] 팹의 생산 흐름을 조율하는 키, 'TAT' ⏱️",https://youtu.be/z_HBvATC-VQ,2026-09-16,9:00,Longform,2815,22,1
RwGn98VuPDQ,2026-09-07,SK하이닉스 [SK hynix],"거대한 팹의 판을 짜는, 제조 현장의 마스터키 [양산관리] | N잡러2 EP.4",https://youtu.be/RwGn98VuPDQ,2026-09-16,9:00,Longform,11598,87,5
ZDaPbrJcfjk,2026-09-04,현대자동차 채용,[Team Hyundai Talk Live] 선배사원 Talk,https://youtu.be/ZDaPbrJcfjk,2026-09-16,9:00,Longform,14159,71,2
F6Q5kA8595k,2026-09-04,현대자동차 채용,[Team Hyundai Talk Live] 채용담당자 Talk,https://youtu.be/F6Q5kA8595k,2026-09-16,9:00,Longform,35323,195,9
sch9eRdbq8A,2026-03-27,현대자동차 채용,[Team Hyundai Talk Live] 사업/기획 & 경영지원 인사담당자 Talk,https://youtu.be/sch9eRdbq8A,2026-09-16,9:00,Longform,12815,141,2
FLiu525pvNM,2026-03-27,현대자동차 채용,[Team Hyundai Talk Live] 연구개발 & 생산/제조 인사담당자 Talk,https://youtu.be/FLiu525pvNM,2026-09-16,9:00,Longform,24242,277,11
x9QfOkqKgl8,2025-12-17,현대자동차 채용,[Team Hyundai 직무 인터뷰] 공정 최적화와 데이터 기반의 전략을 세우는 소재생산관리 직무,https://youtu.be/x9QfOkqKgl8,2026-09-16,9:00,Longform,2016,19,2
qTfUNyAPu3M,2025-12-17,현대자동차 채용,[Team Hyundai 직무 인터뷰] 신뢰를 기반으로 현안 대응과 소통을 담당하는 노사기획 직무,https://youtu.be/qTfUNyAPu3M,2026-09-16,9:00,Longform,1331,10,1
pDuPuUZImCE,2025-10-31,현대자동차 채용,[Team Hyundai 직무 인터뷰] 고성능 엔진 개발과 설계를 담당하는 엔진설계 직무,https://youtu.be/pDuPuUZImCE,2026-09-16,9:00,Longform,1692,22,1
cnu1dzOVxUE,2025-10-31,현대자동차 채용,[Team Hyundai 직무 인터뷰] 주행 안정성과 승차감을 연구하는 MLV샤시설계 직무,https://youtu.be/cnu1dzOVxUE,2026-09-16,9:00,Longform,1296,21,0
thZQDFuqo08,2025-10-30,현대자동차 채용,[Team Hyundai 직무 인터뷰] 수소사업 전략과 개발을 이끄는 수소사업추진 직무,https://youtu.be/thZQDFuqo08,2026-09-16,9:00,Longform,1447,21,0
KFGNh_9yS8o,2025-10-29,현대자동차 채용,[Team Hyundai 직무 인터뷰] 충돌 사고에 대비해 승객의 안전을 책임지는 안전시스템제어설계 직무,https://youtu.be/KFGNh_9yS8o,2026-09-16,9:00,Longform,949,8,1
mk6BzBLUJAY,2026-09-11,LG에너지솔루션 [LG Energy Solution],"[Making Every Possibility] 활성화 공정, 각형 배터리의 품질을 높이는 기술!",https://youtu.be/mk6BzBLUJAY,2026-09-16,9:00,Longform,135602,601,0
zCW4haoyizI,2026-09-02,LG에너지솔루션 [LG Energy Solution],[Empower Cast] LG에너지솔루션의 8월에는 무슨일이 있었을까요? | 2026년 8월 주요 소식,https://youtu.be/zCW4haoyizI,2026-09-16,9:00,Longform,104132,19,0
-NEz4r0uw84,2026-08-14,LG에너지솔루션 [LG Energy Solution],[Powering Everything] 거대한 선박을 배터리로 움직인다? 선박 전동화의 비밀!,https://youtu.be/-NEz4r0uw84,2026-09-16,9:00,Longform,273519,10382,8
VtylzsBa3CE,2026-08-05,LG에너지솔루션 [LG Energy Solution],[Empower Cast] LG에너지솔루션의 7월에는 무슨일이 있었을까요? | 2026년 7월 주요 소식,https://youtu.be/VtylzsBa3CE,2026-09-16,9:00,Longform,107226,13,0
QyK-bFsrWD8,2026-07-16,LG에너지솔루션 [LG Energy Solution],"[ESSence Ep. 5] ESS의 잠재력을 끌어올리는 스마트한 운영 기술, AEROS™",https://youtu.be/QyK-bFsrWD8,2026-09-16,9:00,Longform,144681,4666,5
zqDsg6P1pm4,2026-07-08,LG에너지솔루션 [LG Energy Solution],"[배터리리포트] 배터리 제조 경쟁력을 높이는 기술, 배터리를 정밀하게 연결하는 웰딩 공정",https://youtu.be/zqDsg6P1pm4,2026-09-16,9:00,Longform,107152,16,0
COM3guEwdtY,2026-07-02,LG에너지솔루션 [LG Energy Solution],[Empower Cast] 비즈니스 영어 팟캐스트 : LG에너지솔루션 6월 뉴스,https://youtu.be/COM3guEwdtY,2026-09-16,9:00,Longform,15009,10,0
D01NS8gd1-A,2026-06-19,LG에너지솔루션 [LG Energy Solution],[ESSence Ep. 4] 배터리로 돈을 번다? 에너지 저장을 넘어 수익 창출까지! ESS의 진화,https://youtu.be/D01NS8gd1-A,2026-09-16,9:00,Longform,116444,627,0
Ek6z78HLGpE,2026-06-05,LG에너지솔루션 [LG Energy Solution],[Powering Everything] 하늘을 나는 배터리?! UAM의 핵심 기술,https://youtu.be/Ek6z78HLGpE,2026-09-16,9:00,Longform,197495,9413,11
KtnexslZIgQ,2026-05-22,LG에너지솔루션 [LG Energy Solution],"[ESSence Ep. 3] 주파수를 맞춘다고? 전력망 안정화의 핵심, ESS!",https://youtu.be/KtnexslZIgQ,2026-09-16,9:00,Longform,160241,1866,1
FUV9343n7yc,2026-08-24,LG전자 채용,인턴 없이 HR 직무 합격한 썰,https://youtu.be/FUV9343n7yc,2026-09-16,9:00,Longform,1627,19,0
H59a7dXOHzY,2026-08-24,LG전자 채용,공대생이야? 학점보다 더 중요한 건,https://youtu.be/H59a7dXOHzY,2026-09-16,9:00,Longform,1620,11,0
Xe0ONIAL0Ak,2026-08-24,LG전자 채용,LG전자 구매팀 자소서가 궁금해,https://youtu.be/Xe0ONIAL0Ak,2026-09-16,9:00,Longform,1348,23,0
TQxwFbiPkxc,2026-08-24,LG전자 채용,POV : 전기전자 현직자가 취준생으로 돌아갔다,https://youtu.be/TQxwFbiPkxc,2026-09-16,9:00,Longform,1163,18,6
mwDurt7i3HY,2026-08-24,LG전자 채용,"생산기술 직무, 대학원 필수에요?",https://youtu.be/mwDurt7i3HY,2026-09-16,9:00,Longform,1727,17,4
b98C03aWjn0,2026-08-24,LG전자 채용,전략기획팀 면접? 이렇게 하면 합격이야,https://youtu.be/b98C03aWjn0,2026-09-16,9:00,Longform,721,13,0
o5EoNXJ1Kdw,2026-08-24,LG전자 채용,네? 제가 Finance 체질이라고요?,https://youtu.be/o5EoNXJ1Kdw,2026-09-16,9:00,Longform,765,12,0
chDO_d91TRo,2026-08-24,LG전자 채용,"SCM 취준, 이것부터 준비해",https://youtu.be/chDO_d91TRo,2026-09-16,9:00,Longform,1098,25,1
i-6uUzcAxAQ,2026-08-24,LG전자 채용,생각해보니 품질 직무로 지원하겠습니다,https://youtu.be/i-6uUzcAxAQ,2026-09-16,9:00,Longform,1407,17,1
vblD_qT4PqM,2026-08-24,LG전자 채용,"영업직, 전공과 학점 중요한가요?",https://youtu.be/vblD_qT4PqM,2026-09-16,9:00,Longform,1569,9,0
R7fXbwTNsKw,2026-09-08,GS건설,이산화탄소로 나프타 생산 상용화,https://youtu.be/R7fXbwTNsKw,2026-09-16,9:00,Shorts,79592,221,0
n7qx6S-7hMA,2026-09-08,GS건설,원유 한 방울 없이 휘발유를 만드는 방법,https://youtu.be/n7qx6S-7hMA,2026-09-16,9:00,Shorts,75941,130,0
mOtOst1Y19w,2026-09-03,GS건설,"""농사는 포기한 땅이었어요"" 버려진 염해 농지가 마을 수익원이 된 이유",https://youtu.be/mOtOst1Y19w,2026-09-16,9:00,Longform,181983,57,5
DaiJ7FgjNrQ,2026-08-31,GS건설,겉만 봐서 모르는 대한민국 0.01% 아파트,https://youtu.be/DaiJ7FgjNrQ,2026-09-16,9:00,Shorts,4213,29,1
aeDtU6me0Ww,2026-08-12,GS건설,"레고 2,647만 배 블록 쌓아 공동주택 짓기",https://youtu.be/aeDtU6me0Ww,2026-09-16,9:00,Shorts,62841,58,4
ujX6yCOjgQw,2026-08-11,GS건설,"비싸도 너무 비싼 기름 값, 답답해서 진짜로 만들었습니다",https://youtu.be/ujX6yCOjgQw,2026-09-16,9:00,Longform,162387,366,52
uTLn9Zpvp9g,2026-07-27,GS건설,"""이번엔 국내 최고층 도전입니다"" 아파트 다음 데이터센터까지!",https://youtu.be/uTLn9Zpvp9g,2026-09-16,9:00,Longform,435368,3521,516
jrV2wdGq3os,2026-06-23,GS건설,샛누런 서해 바닷물 민물로 바꿔볼게요,https://youtu.be/jrV2wdGq3os,2026-09-16,9:00,Longform,75974,186,4
rLXb4ULIbxg,2026-06-17,GS건설,서해 바닷물 20만 톤 정수해서 마셔보기,https://youtu.be/rLXb4ULIbxg,2026-09-16,9:00,Longform,62184,362,22
fupHaRcBX6k,2026-06-05,GS건설,초대형 바닷물 정수기 대한민국 최초로 만들어봤습니다,https://youtu.be/fupHaRcBX6k,2026-09-16,9:00,Longform,431614,3212,462
IazR3mCeucw,2026-09-10,롯데백화점,롯데백화점 앰배서더 2기 발대식,https://youtu.be/IazR3mCeucw,2026-09-16,9:00,Shorts,6722,30,0
WB7yGGRaGsc,2026-09-08,롯데백화점,부산본점 디저트 페어ㅣ롯데백화점,https://youtu.be/WB7yGGRaGsc,2026-09-16,9:00,Shorts,7615,36,0
91BTO_fGCHc,2026-09-08,롯데백화점,돌체앤가바나 부산본점 오픈ㅣ롯데백화점,https://youtu.be/91BTO_fGCHc,2026-09-16,9:00,Shorts,6442,27,0
s4MN16_DWxE,2026-09-04,롯데백화점,직구터뷰 패션위크 편 | 롯데백화점,https://youtu.be/s4MN16_DWxE,2026-09-16,9:00,Longform,22107,57,0
UkYF7ZlRWRg,2026-09-04,롯데백화점,2027 S/S 서울패션위크ㅣ롯데백화점,https://youtu.be/UkYF7ZlRWRg,2026-09-16,9:00,Shorts,8071,31,0
8tA-neW2As8,2026-09-04,롯데백화점,추석 즐기는 5가지 방법ㅣ롯데백화점,https://youtu.be/8tA-neW2As8,2026-09-16,9:00,Shorts,5592,9,0
h07GsAac7jo,2026-09-03,롯데백화점,2926 추석마중 와인ㅣ롯데백화점,https://youtu.be/h07GsAac7jo,2026-09-16,9:00,Longform,12889,9,0
LicCa_o-4I4,2026-09-03,롯데백화점,2026 추석마중 신선ㅣ롯데백화점,https://youtu.be/LicCa_o-4I4,2026-09-16,9:00,Longform,14891,6,0
jBMwgtMAPQE,2026-09-03,롯데백화점,2026 추석마중 그로서리ㅣ롯데백화점,https://youtu.be/jBMwgtMAPQE,2026-09-16,9:00,Shorts,16402,8,0
vVIQ2o2Tf60,2026-09-02,롯데백화점,월간미식ㅣep.6 후추,https://youtu.be/vVIQ2o2Tf60,2026-09-16,9:00,Shorts,26126,66,0
-NxnGkI-pyo,2026-09-02,삼성중공업,[Samsung Heavy Industries Brand Film] Drawing a New Line to Set a New Standard,https://youtu.be/-NxnGkI-pyo,2026-09-16,9:00,Longform,915,9,0
4eAk16TZuho,2026-09-02,삼성중공업,[삼성중공업 홍보영상] 세상의 기준이 되는 선(船)을 그리다,https://youtu.be/4eAk16TZuho,2026-09-16,9:00,Longform,1766,16,0
A8g7kuMQeKs,2026-08-26,삼성중공업,"""애사비부터 해바라기까지, 삼성중공업 프로 가방 털기""",https://youtu.be/A8g7kuMQeKs,2026-09-16,9:00,Longform,1341,29,18
rtvSwFzu1UE,2026-08-26,삼성중공업,삼성중공업 캡슐뽑기 직터뷰!,https://youtu.be/rtvSwFzu1UE,2026-09-16,9:00,Longform,1198,13,0
PH9TbyA0kdM,2026-08-26,삼성중공업,삼성중공업 부산 R&D 센터 완전 정복!,https://youtu.be/PH9TbyA0kdM,2026-09-16,9:00,Longform,1068,105,5
mOBLipDBmQM,2026-08-13,삼성중공업,안녕하세요삼성중공업입니다잘부탁드립니다 ㅣ 삼성중공업 신입사원 입문교육✏️,https://youtu.be/mOBLipDBmQM,2026-09-16,9:00,Longform,6486,76,8
_MpO1L1asOo,2026-07-14,삼성중공업,SVISION (360° Surround View Monitoring System),https://youtu.be/_MpO1L1asOo,2026-09-16,9:00,Longform,531,3,0
pXWsRZ5LLA0,2026-07-08,삼성중공업,초록숲 피크닉 VLOG🌿 | 거제~ 야호!💖 삼성중공업 사외조달팀의 하루,https://youtu.be/pXWsRZ5LLA0,2026-09-16,9:00,Longform,765,13,2
0prLzw2K9II,2026-05-26,삼성중공업,🌱성장부터 취업까지 한 번에📌ㅣ📢스마트조선소 AI 전문가 양성과정 5기 모집📢 ㅣ 교육지원 ㅣ 삼성중공업,https://youtu.be/0prLzw2K9II,2026-09-16,9:00,Shorts,1213,4,0
XfX3A06Vpz0,2026-03-18,삼성중공업,"삼성중공업 인재개발원 개소! ""여기가 두뇌를 만드는 곳입니다.""",https://youtu.be/XfX3A06Vpz0,2026-09-16,9:00,Longform,2487,23,0
vtBUEXYMHtw,2026-09-14,한화오션,한화오션 피플로그ㅣ내 전공이 바다를 만난다면?,https://youtu.be/vtBUEXYMHtw,2026-09-16,9:00,Longform,5675,32,3
4C3rlv9o940,2026-08-21,한화오션,20층 아파트만한 돛을 달았더니 바람은 멘탈이 나가버렸습니다. 환장할 노릇이죠. 돛을 단 한화오션LNG선 대항해시대,https://youtu.be/4C3rlv9o940,2026-09-16,9:00,Longform,381571,3175,440
E07WZAEugIw,2026-07-29,한화오션,세상에 나쁜 AI는 없다! 금쪽같은 내 AI를 제대로 써먹는 방법 컨테스트!,https://youtu.be/E07WZAEugIw,2026-09-16,9:00,Longform,1390,40,6
GZc-7-R8Y2c,2026-07-22,한화오션,"멧돼지 vs 귀신, 산악 러닝 중에 마주치면 더 무서운 것은?? 34년 경력 전설의 러너가 알려주는 전설의 고향!",https://youtu.be/GZc-7-R8Y2c,2026-09-16,9:00,Longform,3997,78,8
uZEmSoVv1SY,2026-07-15,한화오션,Thank you for all people who walked CPSP with Hanwha Ocean,https://youtu.be/uZEmSoVv1SY,2026-09-16,9:00,Longform,4482,331,33
YZV4zHAjpJM,2026-07-15,한화오션,캐나다 잠수함 사업을 응원해 주신 모든분들께 감사드립니다.,https://youtu.be/YZV4zHAjpJM,2026-09-16,9:00,Longform,478491,28871,4217
Vc5WzTMCMgA,2026-06-26,한화오션,월드컵 경기장보다 큰 탈것? 인류가 만든 가장 큰 '탈것'의 크기,https://youtu.be/Vc5WzTMCMgA,2026-09-16,9:00,Longform,2374,42,7
Wu8kzQqUyY4,2026-06-18,한화오션,"KSS-3, Korean Submarine Showcased at CANSEC 2026 for Canada's Maritime Defence",https://youtu.be/Wu8kzQqUyY4,2026-09-16,9:00,Longform,6557,190,21
2mXvIOI50Ig,2026-04-29,한화오션,한화이글스 승리 요정된 조선의 '명장',https://youtu.be/2mXvIOI50Ig,2026-09-16,9:00,Longform,1992,28,0
VyfgK5Tc7WQ,2026-04-28,한화오션,"이지스함 vs 구축함, 충격적인 차이점을 알려줌 (feat.호위함 초계함)",https://youtu.be/VyfgK5Tc7WQ,2026-09-16,9:00,Longform,414919,3751,205
FgfMVDTrl_Q,2026-08-25,한화손보,"어린이보험, 아프기 전 건강관리도 가능할까요?｜검사부터 미리 살피는 한화 건강쑥쑥 어린이보험(무)2608",https://youtu.be/FgfMVDTrl_Q,2026-09-16,9:00,Shorts,1881623,4,1
ScF4MCor9Xw,2026-08-25,한화손보,"어린이보험, 어떤 보장을 준비해야 할까요?｜질병부터 생활 속 사고까지 한화 건강쑥쑥 어린이보험(무)2608",https://youtu.be/ScF4MCor9Xw,2026-09-16,9:00,Shorts,236,2,0
4a47E_Gh1J0,2026-08-25,한화손보,"치매보험, 치료비와 간병비 어떻게 준비할까요?｜한화치매간병보험(무) 핵심 보장 4가지",https://youtu.be/4a47E_Gh1J0,2026-09-16,9:00,Shorts,302,2,0
aAkQ61rlDNw,2026-08-20,한화손보,"집 보험, 32대 가전제품 고장부터 급배수시설 누출까지 | 한화 홈앤라이프 종합보험(무)",https://youtu.be/aAkQ61rlDNw,2026-09-16,9:00,Shorts,2618,61,0
7BWkEG4TO8c,2026-08-20,한화손보,"여성의 현실 가까이, 임신과 출산 그 안의 고민까지 | 한화 시그니처 여성 건강보험4.0",https://youtu.be/7BWkEG4TO8c,2026-09-16,9:00,Shorts,95736,15,9
ZiwX_U3gxa0,2026-08-20,한화손보,"여성의 현실 가까이, 여성암 진단 이후의 치료까지 | 한화 시그니처 여성 건강보험4.0",https://youtu.be/ZiwX_U3gxa0,2026-09-16,9:00,Shorts,76492,7,2
86UadVNH5T8,2026-08-20,한화손보,"여성의 현실 가까이, 갱년기 그 이후의 건강까지 | 한화 시그니처 여성 건강보험4.0",https://youtu.be/86UadVNH5T8,2026-09-16,9:00,Shorts,94611,8,4
8_47huSPGkM,2026-08-20,한화손보,"여성의 현실 가까이, 임신과 출산 그 안의 고민까지 | 한화 시그니처 여성 건강보험4.0",https://youtu.be/8_47huSPGkM,2026-09-16,9:00,Shorts,3401103,60,81
f9HrrBUNuXw,2026-08-20,한화손보,"여성의 현실 가까이, 여성암 진단 이후의 치료까지 | 한화 시그니처 여성 건강보험4.0",https://youtu.be/f9HrrBUNuXw,2026-09-16,9:00,Shorts,4067860,62,48
7UjWjujIdNs,2026-08-20,한화손보,"여성의 현실 가까이, 갱년기 그 이후의 건강까지 | 한화 시그니처 여성 건강보험4.0",https://youtu.be/7UjWjujIdNs,2026-09-16,9:00,Shorts,4169569,84,70
V44QyDGgd2M,2026-09-16,CJ Careers,"같은 듯 다른, 사업의 최전선에서 일하는 하루👀 | 너도? 나도! EP.02 CJ대한통운",https://youtu.be/V44QyDGgd2M,2026-09-17,9:00,Longform,6710,5,0
OM-xtyfpkr8,2026-09-16,CJ Careers,"CJ 채용 정보, 알차게 배송해드립니다📦 | CJ Careers Showcase 2부 물류·신유통·인프라 사업군",https://youtu.be/OM-xtyfpkr8,2026-09-17,9:00,Longform,4375,10,1
catw3C1IRKs,2026-09-16,CJ Careers,"CJ 채용 정보, 맛있게 준비했습니다🍽️ | CJ Careers Showcase 1부 식품·식품서비스 사업군",https://youtu.be/catw3C1IRKs,2026-09-17,9:00,Longform,8187,28,3
LebUClEVHm8,2026-09-16,CJ Careers,"콘텐츠부터 IT까지, CJ 채용 라인업 공개🎬💻 | CJ Careers Showcase 3부 미디어·콘텐츠·IT 사업군",https://youtu.be/LebUClEVHm8,2026-09-17,9:00,Longform,6158,25,1
sBT2HB4LayI,2026-09-16,CJ Careers,"We Who Prove It : EP.01 AI 시대, 집요함으로 증명하다 | CJ제일제당 × CJ대한통운",https://youtu.be/sBT2HB4LayI,2026-09-17,9:00,Longform,7084,5,1
PBr5ts2fXVI,2026-09-16,CJ Careers,We Who Prove It : EP.02 고객의 마음을 움직이는 사람들 | CJ프레시웨이 × CJ ENM 커머스부문,https://youtu.be/PBr5ts2fXVI,2026-09-17,9:00,Longform,3799,9,3
FEmsDHwjzEg,2026-09-16,CJ Careers,We Who Prove It : EP.03 미래를 현실로 만드는 사람들 | CJ푸드빌 × CJ CGV,https://youtu.be/FEmsDHwjzEg,2026-09-17,9:00,Longform,4858,9,1
Q6kUdlXaoHg,2026-09-16,CJ Careers,"면접장에서 돌아온 CJ 신입즈, 그날의 면접 이야기💬 | 면접 INSIDE OUT 1부",https://youtu.be/Q6kUdlXaoHg,2026-09-17,9:00,Longform,4635,11,1
fQThx-GE-ac,2026-09-16,CJ Careers,CJ 면접 꿀팁? 합격한 신입즈가 직접 알려드립니다💡 | 면접 INSIDE OUT 2부,https://youtu.be/fQThx-GE-ac,2026-09-17,9:00,Longform,7009,23,1
QXS_6ZvuJsc,2026-09-16,CJ Careers,"LA 곳곳에 CJ가 있다고? 👀 KCON LA부터 올리브영, 비비고까지ㅣ채용담당자 미국 출장 VLOG🌎✈️💼",https://youtu.be/QXS_6ZvuJsc,2026-09-17,9:00,Longform,3286,49,13
stDRQWkZitc,2026-09-11,HD현대,"[ENG sub] HD테크 | 발전엔진 | 바다에서 검증된 선박 발전용 엔진, AI 전력난의 해법이 되다",https://youtu.be/stDRQWkZitc,2026-09-17,9:00,Longform,16471,20,7
rCwgA4hfxvE,2026-09-01,HD현대,큰 일하는 큰 회사에서 큰 사람 모십니다 | 2026년 하반기 HD현대 신입사원 채용,https://youtu.be/rCwgA4hfxvE,2026-09-17,9:00,Shorts,1163828,35,0
B7fw-boQMmc,2026-08-28,HD현대,"팀 K리그팬 vs 맨시티팬, 직장 동료 맞습니다 ⚽️🔥 HD현대 직원들의 2026 쿠팡플레이 시리즈 직관 브이로그 (feat. 피터 빈트)",https://youtu.be/B7fw-boQMmc,2026-09-17,9:00,Longform,7711,25,3
EyO0PYoSHmU,2026-08-21,HD현대,⚽️축구 꿈나무들에게 찾아온 최고의 하루ㅣ드림플레이어 아이들의 특별한 여름방학 ✨ (feat. 팀 K리그 vs 맨시티 경기 직관),https://youtu.be/EyO0PYoSHmU,2026-09-17,9:00,Longform,7036,31,8
m2H15EGD-Y8,2026-08-14,HD현대,"단기 성과보다 10년·20년 뒤를 본다, HD현대 사장단 회의",https://youtu.be/m2H15EGD-Y8,2026-09-17,9:00,Shorts,2823,38,3
3vLi42bNnr4,2026-08-14,HD현대,무더위 싹 날리는 특급 당 충전 | HD현대가 ROTC 후보생 여러분을 응원 합니다.,https://youtu.be/3vLi42bNnr4,2026-09-17,9:00,Longform,13343,37,4
bb_arqi9QA8,2026-08-07,HD현대,태양의 힘을 지상에 구현하는 K-조선,https://youtu.be/bb_arqi9QA8,2026-09-17,9:00,Longform,2245,31,4
yj3m-0qiFe8,2026-07-30,HD현대,글로벌 태양광 기업들 중 재무 건전성이 가장 높은 기업은 어디일까요?🥇,https://youtu.be/yj3m-0qiFe8,2026-09-17,9:00,Longform,2465,14,2
sP9ZHbJj_Gc,2026-07-24,HD현대,"HD현대 MZ봉사단ㅣ벽을 넘어 마음을 칠하다, 가족과 함께 색칠한 특별한 하루",https://youtu.be/sP9ZHbJj_Gc,2026-09-17,9:00,Longform,9586,22,7
l7NrvesxvUs,2026-07-17,HD현대,"[HD팀터뷰] EP.03 찌릿, 짜릿, 쫄깃한 영업팀 일상 ⚡️ (Feat. 대한민국 수출역군)ㅣHD현대일렉트릭 전력해외영업2부",https://youtu.be/l7NrvesxvUs,2026-09-17,9:00,Longform,32325,32,2
zIyShSUsrRA,2026-09-11,SK하이닉스 [SK hynix],📍SK하이닉스 앰버서더 랩(Lab)ㅣ아이들이 그리는 반도체?,https://youtu.be/zIyShSUsrRA,2026-09-17,9:00,Shorts,2741,1,0
srlHPtzExnM,2026-09-11,SK하이닉스 [SK hynix],"📍SK하이닉스 앰버서더 랩(Lab)ㅣ반도체, 아이들에게 물어봤습니다",https://youtu.be/srlHPtzExnM,2026-09-17,9:00,Longform,4733,13,0
ZRW9lAC4P9s,2026-09-11,SK하이닉스 [SK hynix],📍SK하이닉스 앰버서더 랩(Lab)ㅣ아이들은 반도체에 대해 얼마나 알까?,https://youtu.be/ZRW9lAC4P9s,2026-09-17,9:00,Shorts,1812,4,0
vGezikwh9XE,2026-09-11,SK하이닉스 [SK hynix],📍SK하이닉스 앰버서더 랩(Lab)ㅣ종이 한 장으로 포토 공정 설명하기,https://youtu.be/vGezikwh9XE,2026-09-17,9:00,Longform,1596,5,1
nSsCmBWMW8M,2026-09-11,SK하이닉스 [SK hynix],📍SK하이닉스 앰버서더 랩(Lab)ㅣChip Chat with SK hynix 🎙️💾,https://youtu.be/nSsCmBWMW8M,2026-09-17,9:00,Shorts,1015,12,0
TSCE_NtzdgI,2026-09-09,SK하이닉스 [SK hynix],"Social Value Connect, SOVAC 2026 사전등록 오픈✅",https://youtu.be/TSCE_NtzdgI,2026-09-17,9:00,Shorts,3158,10,0
YULZb6r29IY,2026-09-09,SK하이닉스 [SK hynix],"SK hynix Charts Its Direction at the 2026 Future Forum—""Now Is the Golden Time to Leap Forward""",https://youtu.be/YULZb6r29IY,2026-09-17,9:00,Shorts,1332,1,0
XBli0r_xTMk,2026-09-09,SK하이닉스 [SK hynix],"SK하이닉스, ‘2026 미래포럼’에서 사업 · 기술 방향성 모색 “지금이 도약의 골든 타임”",https://youtu.be/XBli0r_xTMk,2026-09-17,9:00,Shorts,849,5,0
z_HBvATC-VQ,2026-09-07,SK하이닉스 [SK hynix],"[하이피디아 4편 – 양산관리] 팹의 생산 흐름을 조율하는 키, 'TAT' ⏱️",https://youtu.be/z_HBvATC-VQ,2026-09-17,9:00,Longform,2840,22,1
RwGn98VuPDQ,2026-09-07,SK하이닉스 [SK hynix],"거대한 팹의 판을 짜는, 제조 현장의 마스터키 [양산관리] | N잡러2 EP.4",https://youtu.be/RwGn98VuPDQ,2026-09-17,9:00,Longform,11672,88,5
ZDaPbrJcfjk,2026-09-04,현대자동차 채용,[Team Hyundai Talk Live] 선배사원 Talk,https://youtu.be/ZDaPbrJcfjk,2026-09-17,9:00,Longform,14225,71,2
F6Q5kA8595k,2026-09-04,현대자동차 채용,[Team Hyundai Talk Live] 채용담당자 Talk,https://youtu.be/F6Q5kA8595k,2026-09-17,9:00,Longform,35577,194,9
sch9eRdbq8A,2026-03-27,현대자동차 채용,[Team Hyundai Talk Live] 사업/기획 & 경영지원 인사담당자 Talk,https://youtu.be/sch9eRdbq8A,2026-09-17,9:00,Longform,12837,141,2
FLiu525pvNM,2026-03-27,현대자동차 채용,[Team Hyundai Talk Live] 연구개발 & 생산/제조 인사담당자 Talk,https://youtu.be/FLiu525pvNM,2026-09-17,9:00,Longform,24289,276,11
x9QfOkqKgl8,2025-12-17,현대자동차 채용,[Team Hyundai 직무 인터뷰] 공정 최적화와 데이터 기반의 전략을 세우는 소재생산관리 직무,https://youtu.be/x9QfOkqKgl8,2026-09-17,9:00,Longform,2022,19,2
qTfUNyAPu3M,2025-12-17,현대자동차 채용,[Team Hyundai 직무 인터뷰] 신뢰를 기반으로 현안 대응과 소통을 담당하는 노사기획 직무,https://youtu.be/qTfUNyAPu3M,2026-09-17,9:00,Longform,1335,10,1
pDuPuUZImCE,2025-10-31,현대자동차 채용,[Team Hyundai 직무 인터뷰] 고성능 엔진 개발과 설계를 담당하는 엔진설계 직무,https://youtu.be/pDuPuUZImCE,2026-09-17,9:00,Longform,1695,22,1
cnu1dzOVxUE,2025-10-31,현대자동차 채용,[Team Hyundai 직무 인터뷰] 주행 안정성과 승차감을 연구하는 MLV샤시설계 직무,https://youtu.be/cnu1dzOVxUE,2026-09-17,9:00,Longform,1300,21,0
thZQDFuqo08,2025-10-30,현대자동차 채용,[Team Hyundai 직무 인터뷰] 수소사업 전략과 개발을 이끄는 수소사업추진 직무,https://youtu.be/thZQDFuqo08,2026-09-17,9:00,Longform,1451,21,0
KFGNh_9yS8o,2025-10-29,현대자동차 채용,[Team Hyundai 직무 인터뷰] 충돌 사고에 대비해 승객의 안전을 책임지는 안전시스템제어설계 직무,https://youtu.be/KFGNh_9yS8o,2026-09-17,9:00,Longform,950,8,1
mk6BzBLUJAY,2026-09-11,LG에너지솔루션 [LG Energy Solution],"[Making Every Possibility] 활성화 공정, 각형 배터리의 품질을 높이는 기술!",https://youtu.be/mk6BzBLUJAY,2026-09-17,9:00,Longform,135642,601,0
zCW4haoyizI,2026-09-02,LG에너지솔루션 [LG Energy Solution],[Empower Cast] LG에너지솔루션의 8월에는 무슨일이 있었을까요? | 2026년 8월 주요 소식,https://youtu.be/zCW4haoyizI,2026-09-17,9:00,Longform,104139,19,0
-NEz4r0uw84,2026-08-14,LG에너지솔루션 [LG Energy Solution],[Powering Everything] 거대한 선박을 배터리로 움직인다? 선박 전동화의 비밀!,https://youtu.be/-NEz4r0uw84,2026-09-17,9:00,Longform,273522,10382,8
VtylzsBa3CE,2026-08-05,LG에너지솔루션 [LG Energy Solution],[Empower Cast] LG에너지솔루션의 7월에는 무슨일이 있었을까요? | 2026년 7월 주요 소식,https://youtu.be/VtylzsBa3CE,2026-09-17,9:00,Longform,107227,13,0
QyK-bFsrWD8,2026-07-16,LG에너지솔루션 [LG Energy Solution],"[ESSence Ep. 5] ESS의 잠재력을 끌어올리는 스마트한 운영 기술, AEROS™",https://youtu.be/QyK-bFsrWD8,2026-09-17,9:00,Longform,144683,4666,5
zqDsg6P1pm4,2026-07-08,LG에너지솔루션 [LG Energy Solution],"[배터리리포트] 배터리 제조 경쟁력을 높이는 기술, 배터리를 정밀하게 연결하는 웰딩 공정",https://youtu.be/zqDsg6P1pm4,2026-09-17,9:00,Longform,107161,16,0
COM3guEwdtY,2026-07-02,LG에너지솔루션 [LG Energy Solution],[Empower Cast] 비즈니스 영어 팟캐스트 : LG에너지솔루션 6월 뉴스,https://youtu.be/COM3guEwdtY,2026-09-17,9:00,Longform,15010,10,0
D01NS8gd1-A,2026-06-19,LG에너지솔루션 [LG Energy Solution],[ESSence Ep. 4] 배터리로 돈을 번다? 에너지 저장을 넘어 수익 창출까지! ESS의 진화,https://youtu.be/D01NS8gd1-A,2026-09-17,9:00,Longform,116444,627,0
Ek6z78HLGpE,2026-06-05,LG에너지솔루션 [LG Energy Solution],[Powering Everything] 하늘을 나는 배터리?! UAM의 핵심 기술,https://youtu.be/Ek6z78HLGpE,2026-09-17,9:00,Longform,197495,9413,11
KtnexslZIgQ,2026-05-22,LG에너지솔루션 [LG Energy Solution],"[ESSence Ep. 3] 주파수를 맞춘다고? 전력망 안정화의 핵심, ESS!",https://youtu.be/KtnexslZIgQ,2026-09-17,9:00,Longform,160241,1866,1
FUV9343n7yc,2026-08-24,LG전자 채용,인턴 없이 HR 직무 합격한 썰,https://youtu.be/FUV9343n7yc,2026-09-17,9:00,Longform,1648,19,0
H59a7dXOHzY,2026-08-24,LG전자 채용,공대생이야? 학점보다 더 중요한 건,https://youtu.be/H59a7dXOHzY,2026-09-17,9:00,Longform,1630,11,0
Xe0ONIAL0Ak,2026-08-24,LG전자 채용,LG전자 구매팀 자소서가 궁금해,https://youtu.be/Xe0ONIAL0Ak,2026-09-17,9:00,Longform,1364,22,0
TQxwFbiPkxc,2026-08-24,LG전자 채용,POV : 전기전자 현직자가 취준생으로 돌아갔다,https://youtu.be/TQxwFbiPkxc,2026-09-17,9:00,Longform,1169,18,6
mwDurt7i3HY,2026-08-24,LG전자 채용,"생산기술 직무, 대학원 필수에요?",https://youtu.be/mwDurt7i3HY,2026-09-17,9:00,Longform,1739,17,4
b98C03aWjn0,2026-08-24,LG전자 채용,전략기획팀 면접? 이렇게 하면 합격이야,https://youtu.be/b98C03aWjn0,2026-09-17,9:00,Longform,731,13,0
o5EoNXJ1Kdw,2026-08-24,LG전자 채용,네? 제가 Finance 체질이라고요?,https://youtu.be/o5EoNXJ1Kdw,2026-09-17,9:00,Longform,767,12,0
chDO_d91TRo,2026-08-24,LG전자 채용,"SCM 취준, 이것부터 준비해",https://youtu.be/chDO_d91TRo,2026-09-17,9:00,Longform,1117,24,1
i-6uUzcAxAQ,2026-08-24,LG전자 채용,생각해보니 품질 직무로 지원하겠습니다,https://youtu.be/i-6uUzcAxAQ,2026-09-17,9:00,Longform,1416,17,1
vblD_qT4PqM,2026-08-24,LG전자 채용,"영업직, 전공과 학점 중요한가요?",https://youtu.be/vblD_qT4PqM,2026-09-17,9:00,Longform,1571,9,0
R7fXbwTNsKw,2026-09-08,GS건설,이산화탄소로 나프타 생산 상용화,https://youtu.be/R7fXbwTNsKw,2026-09-17,9:00,Shorts,79596,221,0
n7qx6S-7hMA,2026-09-08,GS건설,원유 한 방울 없이 휘발유를 만드는 방법,https://youtu.be/n7qx6S-7hMA,2026-09-17,9:00,Shorts,75963,130,0
mOtOst1Y19w,2026-09-03,GS건설,"""농사는 포기한 땅이었어요"" 버려진 염해 농지가 마을 수익원이 된 이유",https://youtu.be/mOtOst1Y19w,2026-09-17,9:00,Longform,187539,57,5
DaiJ7FgjNrQ,2026-08-31,GS건설,겉만 봐서 모르는 대한민국 0.01% 아파트,https://youtu.be/DaiJ7FgjNrQ,2026-09-17,9:00,Shorts,4216,29,1
aeDtU6me0Ww,2026-08-12,GS건설,"레고 2,647만 배 블록 쌓아 공동주택 짓기",https://youtu.be/aeDtU6me0Ww,2026-09-17,9:00,Shorts,62843,58,4
ujX6yCOjgQw,2026-08-11,GS건설,"비싸도 너무 비싼 기름 값, 답답해서 진짜로 만들었습니다",https://youtu.be/ujX6yCOjgQw,2026-09-17,9:00,Longform,162392,366,52
uTLn9Zpvp9g,2026-07-27,GS건설,"""이번엔 국내 최고층 도전입니다"" 아파트 다음 데이터센터까지!",https://youtu.be/uTLn9Zpvp9g,2026-09-17,9:00,Longform,435641,3522,514
jrV2wdGq3os,2026-06-23,GS건설,샛누런 서해 바닷물 민물로 바꿔볼게요,https://youtu.be/jrV2wdGq3os,2026-09-17,9:00,Longform,75975,186,4
rLXb4ULIbxg,2026-06-17,GS건설,서해 바닷물 20만 톤 정수해서 마셔보기,https://youtu.be/rLXb4ULIbxg,2026-09-17,9:00,Longform,62195,362,22
fupHaRcBX6k,2026-06-05,GS건설,초대형 바닷물 정수기 대한민국 최초로 만들어봤습니다,https://youtu.be/fupHaRcBX6k,2026-09-17,9:00,Longform,431728,3212,462
_xoShAckHXk,2026-09-16,롯데백화점,직구터뷰 추석 편 | 롯데백화점,https://youtu.be/_xoShAckHXk,2026-09-17,9:00,Longform,2066,6,0
IazR3mCeucw,2026-09-10,롯데백화점,롯데백화점 앰배서더 2기 발대식,https://youtu.be/IazR3mCeucw,2026-09-17,9:00,Shorts,7385,35,0
WB7yGGRaGsc,2026-09-08,롯데백화점,부산본점 디저트 페어ㅣ롯데백화점,https://youtu.be/WB7yGGRaGsc,2026-09-17,9:00,Shorts,7619,37,0
91BTO_fGCHc,2026-09-08,롯데백화점,돌체앤가바나 부산본점 오픈ㅣ롯데백화점,https://youtu.be/91BTO_fGCHc,2026-09-17,9:00,Shorts,6451,27,0
s4MN16_DWxE,2026-09-04,롯데백화점,직구터뷰 패션위크 편 | 롯데백화점,https://youtu.be/s4MN16_DWxE,2026-09-17,9:00,Longform,22111,57,0
UkYF7ZlRWRg,2026-09-04,롯데백화점,2027 S/S 서울패션위크ㅣ롯데백화점,https://youtu.be/UkYF7ZlRWRg,2026-09-17,9:00,Shorts,8082,31,0
8tA-neW2As8,2026-09-04,롯데백화점,추석 즐기는 5가지 방법ㅣ롯데백화점,https://youtu.be/8tA-neW2As8,2026-09-17,9:00,Shorts,5594,9,0
h07GsAac7jo,2026-09-03,롯데백화점,2926 추석마중 와인ㅣ롯데백화점,https://youtu.be/h07GsAac7jo,2026-09-17,9:00,Longform,12896,9,0
LicCa_o-4I4,2026-09-03,롯데백화점,2026 추석마중 신선ㅣ롯데백화점,https://youtu.be/LicCa_o-4I4,2026-09-17,9:00,Longform,14892,6,0
jBMwgtMAPQE,2026-09-03,롯데백화점,2026 추석마중 그로서리ㅣ롯데백화점,https://youtu.be/jBMwgtMAPQE,2026-09-17,9:00,Shorts,16404,8,0
-NxnGkI-pyo,2026-09-02,삼성중공업,[Samsung Heavy Industries Brand Film] Drawing a New Line to Set a New Standard,https://youtu.be/-NxnGkI-pyo,2026-09-17,9:00,Longform,939,9,0
4eAk16TZuho,2026-09-02,삼성중공업,[삼성중공업 홍보영상] 세상의 기준이 되는 선(船)을 그리다,https://youtu.be/4eAk16TZuho,2026-09-17,9:00,Longform,1789,17,0
A8g7kuMQeKs,2026-08-26,삼성중공업,"""애사비부터 해바라기까지, 삼성중공업 프로 가방 털기""",https://youtu.be/A8g7kuMQeKs,2026-09-17,9:00,Longform,1355,29,18
rtvSwFzu1UE,2026-08-26,삼성중공업,삼성중공업 캡슐뽑기 직터뷰!,https://youtu.be/rtvSwFzu1UE,2026-09-17,9:00,Longform,1210,13,0
PH9TbyA0kdM,2026-08-26,삼성중공업,삼성중공업 부산 R&D 센터 완전 정복!,https://youtu.be/PH9TbyA0kdM,2026-09-17,9:00,Longform,1088,107,5
mOBLipDBmQM,2026-08-13,삼성중공업,안녕하세요삼성중공업입니다잘부탁드립니다 ㅣ 삼성중공업 신입사원 입문교육✏️,https://youtu.be/mOBLipDBmQM,2026-09-17,9:00,Longform,6503,76,8
_MpO1L1asOo,2026-07-14,삼성중공업,SVISION (360° Surround View Monitoring System),https://youtu.be/_MpO1L1asOo,2026-09-17,9:00,Longform,533,3,0
pXWsRZ5LLA0,2026-07-08,삼성중공업,초록숲 피크닉 VLOG🌿 | 거제~ 야호!💖 삼성중공업 사외조달팀의 하루,https://youtu.be/pXWsRZ5LLA0,2026-09-17,9:00,Longform,767,13,2
0prLzw2K9II,2026-05-26,삼성중공업,🌱성장부터 취업까지 한 번에📌ㅣ📢스마트조선소 AI 전문가 양성과정 5기 모집📢 ㅣ 교육지원 ㅣ 삼성중공업,https://youtu.be/0prLzw2K9II,2026-09-17,9:00,Shorts,1227,4,0
XfX3A06Vpz0,2026-03-18,삼성중공업,"삼성중공업 인재개발원 개소! ""여기가 두뇌를 만드는 곳입니다.""",https://youtu.be/XfX3A06Vpz0,2026-09-17,9:00,Longform,2496,23,0
vtBUEXYMHtw,2026-09-14,한화오션,한화오션 피플로그ㅣ내 전공이 바다를 만난다면?,https://youtu.be/vtBUEXYMHtw,2026-09-17,9:00,Longform,6754,34,3
4C3rlv9o940,2026-08-21,한화오션,20층 아파트만한 돛을 달았더니 바람은 멘탈이 나가버렸습니다. 환장할 노릇이죠. 돛을 단 한화오션LNG선 대항해시대,https://youtu.be/4C3rlv9o940,2026-09-17,9:00,Longform,381824,3176,440
E07WZAEugIw,2026-07-29,한화오션,세상에 나쁜 AI는 없다! 금쪽같은 내 AI를 제대로 써먹는 방법 컨테스트!,https://youtu.be/E07WZAEugIw,2026-09-17,9:00,Longform,1397,40,6
GZc-7-R8Y2c,2026-07-22,한화오션,"멧돼지 vs 귀신, 산악 러닝 중에 마주치면 더 무서운 것은?? 34년 경력 전설의 러너가 알려주는 전설의 고향!",https://youtu.be/GZc-7-R8Y2c,2026-09-17,9:00,Longform,4000,78,8
uZEmSoVv1SY,2026-07-15,한화오션,Thank you for all people who walked CPSP with Hanwha Ocean,https://youtu.be/uZEmSoVv1SY,2026-09-17,9:00,Longform,4491,331,33
YZV4zHAjpJM,2026-07-15,한화오션,캐나다 잠수함 사업을 응원해 주신 모든분들께 감사드립니다.,https://youtu.be/YZV4zHAjpJM,2026-09-17,9:00,Longform,478572,28869,4217
Vc5WzTMCMgA,2026-06-26,한화오션,월드컵 경기장보다 큰 탈것? 인류가 만든 가장 큰 '탈것'의 크기,https://youtu.be/Vc5WzTMCMgA,2026-09-17,9:00,Longform,2377,42,7
Wu8kzQqUyY4,2026-06-18,한화오션,"KSS-3, Korean Submarine Showcased at CANSEC 2026 for Canada's Maritime Defence",https://youtu.be/Wu8kzQqUyY4,2026-09-17,9:00,Longform,6561,190,21
2mXvIOI50Ig,2026-04-29,한화오션,한화이글스 승리 요정된 조선의 '명장',https://youtu.be/2mXvIOI50Ig,2026-09-17,9:00,Longform,1993,28,0
VyfgK5Tc7WQ,2026-04-28,한화오션,"이지스함 vs 구축함, 충격적인 차이점을 알려줌 (feat.호위함 초계함)",https://youtu.be/VyfgK5Tc7WQ,2026-09-17,9:00,Longform,415656,3753,205
FgfMVDTrl_Q,2026-08-25,한화손보,"어린이보험, 아프기 전 건강관리도 가능할까요?｜검사부터 미리 살피는 한화 건강쑥쑥 어린이보험(무)2608",https://youtu.be/FgfMVDTrl_Q,2026-09-17,9:00,Shorts,1990545,4,1
ScF4MCor9Xw,2026-08-25,한화손보,"어린이보험, 어떤 보장을 준비해야 할까요?｜질병부터 생활 속 사고까지 한화 건강쑥쑥 어린이보험(무)2608",https://youtu.be/ScF4MCor9Xw,2026-09-17,9:00,Shorts,240,2,0
4a47E_Gh1J0,2026-08-25,한화손보,"치매보험, 치료비와 간병비 어떻게 준비할까요?｜한화치매간병보험(무) 핵심 보장 4가지",https://youtu.be/4a47E_Gh1J0,2026-09-17,9:00,Shorts,306,2,0
aAkQ61rlDNw,2026-08-20,한화손보,"집 보험, 32대 가전제품 고장부터 급배수시설 누출까지 | 한화 홈앤라이프 종합보험(무)",https://youtu.be/aAkQ61rlDNw,2026-09-17,9:00,Shorts,2616,61,0
7BWkEG4TO8c,2026-08-20,한화손보,"여성의 현실 가까이, 임신과 출산 그 안의 고민까지 | 한화 시그니처 여성 건강보험4.0",https://youtu.be/7BWkEG4TO8c,2026-09-17,9:00,Shorts,98598,15,9
ZiwX_U3gxa0,2026-08-20,한화손보,"여성의 현실 가까이, 여성암 진단 이후의 치료까지 | 한화 시그니처 여성 건강보험4.0",https://youtu.be/ZiwX_U3gxa0,2026-09-17,9:00,Shorts,79659,7,2
86UadVNH5T8,2026-08-20,한화손보,"여성의 현실 가까이, 갱년기 그 이후의 건강까지 | 한화 시그니처 여성 건강보험4.0",https://youtu.be/86UadVNH5T8,2026-09-17,9:00,Shorts,99439,8,4
8_47huSPGkM,2026-08-20,한화손보,"여성의 현실 가까이, 임신과 출산 그 안의 고민까지 | 한화 시그니처 여성 건강보험4.0",https://youtu.be/8_47huSPGkM,2026-09-17,9:00,Shorts,3498671,60,81
f9HrrBUNuXw,2026-08-20,한화손보,"여성의 현실 가까이, 여성암 진단 이후의 치료까지 | 한화 시그니처 여성 건강보험4.0",https://youtu.be/f9HrrBUNuXw,2026-09-17,9:00,Shorts,4167304,62,48
7UjWjujIdNs,2026-08-20,한화손보,"여성의 현실 가까이, 갱년기 그 이후의 건강까지 | 한화 시그니처 여성 건강보험4.0",https://youtu.be/7UjWjujIdNs,2026-09-17,9:00,Shorts,4262490,84,70
catw3C1IRKs,2026-09-16,CJ Careers,"CJ 채용 정보, 맛있게 준비했습니다🍽️ | CJ Careers Showcase 1부 식품·식품서비스 사업군",https://youtu.be/catw3C1IRKs,2026-09-18,9:00,Longform,11575,33,3
LebUClEVHm8,2026-09-16,CJ Careers,"콘텐츠부터 IT까지, CJ 채용 라인업 공개🎬💻 | CJ Careers Showcase 3부 미디어·콘텐츠·IT 사업군",https://youtu.be/LebUClEVHm8,2026-09-18,9:00,Longform,9958,31,1
sBT2HB4LayI,2026-09-16,CJ Careers,"We Who Prove It : EP.01 AI 시대, 집요함으로 증명하다 | CJ제일제당 × CJ대한통운",https://youtu.be/sBT2HB4LayI,2026-09-18,9:00,Longform,20203,6,1
PBr5ts2fXVI,2026-09-16,CJ Careers,We Who Prove It : EP.02 고객의 마음을 움직이는 사람들 | CJ프레시웨이 × CJ ENM 커머스부문,https://youtu.be/PBr5ts2fXVI,2026-09-18,9:00,Longform,9292,10,3
FEmsDHwjzEg,2026-09-16,CJ Careers,We Who Prove It : EP.03 미래를 현실로 만드는 사람들 | CJ푸드빌 × CJ CGV,https://youtu.be/FEmsDHwjzEg,2026-09-18,9:00,Longform,14960,10,1
Q6kUdlXaoHg,2026-09-16,CJ Careers,"면접장에서 돌아온 CJ 신입즈, 그날의 면접 이야기💬 | 면접 INSIDE OUT 1부",https://youtu.be/Q6kUdlXaoHg,2026-09-18,9:00,Longform,9886,13,1
fQThx-GE-ac,2026-09-16,CJ Careers,CJ 면접 꿀팁? 합격한 신입즈가 직접 알려드립니다💡 | 면접 INSIDE OUT 2부,https://youtu.be/fQThx-GE-ac,2026-09-18,9:00,Longform,14881,28,1
QXS_6ZvuJsc,2026-09-16,CJ Careers,"LA 곳곳에 CJ가 있다고? 👀 KCON LA부터 올리브영, 비비고까지ㅣ채용담당자 미국 출장 VLOG🌎✈️💼",https://youtu.be/QXS_6ZvuJsc,2026-09-18,9:00,Longform,5744,51,13
TPzbtWJK-VM,2026-09-16,CJ Careers,"1년 후, 저는 CJ ENM 커머스부문 선배가 됐습니다📺✨ | [어느 날, 신입사원에게 7명의 선배가 생겼다?!] EP.09-CJ ENM 커머스부문",https://youtu.be/TPzbtWJK-VM,2026-09-18,9:00,Longform,2970,7,3
V44QyDGgd2M,2026-09-16,CJ Careers,"같은 듯 다른, 사업의 최전선에서 일하는 하루👀 | 너도? 나도! EP.02 CJ대한통운",https://youtu.be/V44QyDGgd2M,2026-09-18,9:00,Longform,9134,6,0
OM-xtyfpkr8,2026-09-16,CJ Careers,"CJ 채용 정보, 알차게 배송해드립니다📦 | CJ Careers Showcase 2부 물류·신유통·인프라 사업군",https://youtu.be/OM-xtyfpkr8,2026-09-18,9:00,Longform,7520,13,1
_xoShAckHXk,2026-09-16,롯데백화점,직구터뷰 추석 편 | 롯데백화점,https://youtu.be/_xoShAckHXk,2026-09-18,9:00,Longform,5736,32,0
EyEEYcwiefk,2026-09-17,CJ Careers,물류산업에 AI를 더하려면 가장 먼저 필요한 것은? l We Who Prove It #CJ대한통운,https://youtu.be/EyEEYcwiefk,2026-09-18,9:00,Shorts,1138,1,0
0khjcyonRQk,2026-09-17,CJ Careers,단 하나의 질문이 만든 나의 Career High l We Who Prove It #CJ대한통운,https://youtu.be/0khjcyonRQk,2026-09-18,9:00,Shorts,1472,1,0
dwy_M82AKM8,2026-09-17,CJ Careers,"CJ제일제당+AI기술, 우리에게 필요한 역량은? l We Who Prove It #CJ제일제당",https://youtu.be/dwy_M82AKM8,2026-09-18,9:00,Shorts,1523,1,0
waWFwPr3Xro,2026-09-17,CJ Careers,균주 연구하던 내가 AI 개발에 나선 이유! l We Who Prove It #CJ제일제당,https://youtu.be/waWFwPr3Xro,2026-09-18,9:00,Shorts,1578,1,0
KvFine98XPQ,2026-09-17,CJ Careers,유튜브 프리미엄 안 쓴다고?! 커머스 PD의 트렌드 읽는 법 l We Who Prove It #CJENM커머스 #CJ온스타일,https://youtu.be/KvFine98XPQ,2026-09-18,9:00,Shorts,1653,2,0
bayhnkkgPUI,2026-09-17,CJ Careers,"신입 커머스 PD, 현실의 벽은 높았다?! l We Who Prove It #CJENM커머스 #CJ온스타일",https://youtu.be/bayhnkkgPUI,2026-09-18,9:00,Shorts,1637,2,0
JcMc1iMIEjA,2026-09-17,CJ Careers,"반드시 결과로, 성과로 증명한 빛나는 순간 l We Who Prove It #CJ프레시웨이",https://youtu.be/JcMc1iMIEjA,2026-09-18,9:00,Shorts,1701,1,0
BevrLYDguJI,2026-09-17,CJ Careers,어서와 신입은 처음이지? 아찔했던 주문 실수 SSUL l We Who Prove It #CJ프레시웨이,https://youtu.be/BevrLYDguJI,2026-09-18,9:00,Shorts,1695,1,0
7_g0jjN3MEU,2026-09-17,CJ Careers,CGV 컨세션사업 기확자로의 성장 모먼트 BEST 3 l We Who Prove It #CGV #CJCGV,https://youtu.be/7_g0jjN3MEU,2026-09-18,9:00,Shorts,1636,2,0
xR7Psk7ir5k,2026-09-17,CJ Careers,컨세션사업 기획자에게 반드시 필요한 역량은? l We Who Prove It #CGV #CJCGV,https://youtu.be/xR7Psk7ir5k,2026-09-18,9:00,Shorts,1542,1,0
8lPItKNTC1k,2026-09-17,CJ Careers,CJ푸드빌 전략 기획자로의 성장 모먼트 BEST 3 l We Who Prove It #CJ푸드빌,https://youtu.be/8lPItKNTC1k,2026-09-18,9:00,Shorts,1630,1,0
393vq03OlPY,2026-09-17,CJ Careers,회사 전략 세우는 기획자가 평소 가장 많이 하는 말은? l We Who Prove It #CJ푸드빌,https://youtu.be/393vq03OlPY,2026-09-18,9:00,Shorts,1807,1,0
KPYQQSOlJDk,2026-09-17,CJ Careers,"면접관의 고난이도 질문, CJ 신입즈의 답변은?💡| 면접 INSIDE OUT 1부",https://youtu.be/KPYQQSOlJDk,2026-09-18,9:00,Shorts,2002,2,0
sYv8FfBLd9U,2026-09-17,CJ Careers,면접 필살기 없이도 합격할 수 있었던 이유🤔 | 면접 INSIDE OUT 1부,https://youtu.be/sYv8FfBLd9U,2026-09-18,9:00,Shorts,1858,1,0
hLRlLzE2z2I,2026-09-17,CJ Careers,시켜줘 CJ제일제당 명예홍보대사👏🏻ㅣ면접 INSIDE OUT 1부,https://youtu.be/hLRlLzE2z2I,2026-09-18,9:00,Longform,1615,1,0
ycoRyzGWDnk,2026-09-17,CJ Careers,면접을 대하는 CJ 신입이들의 자세🔥ㅣ면접 INSIDE OUT 2부,https://youtu.be/ycoRyzGWDnk,2026-09-18,9:00,Shorts,1821,1,0
5ejOzX2isM8,2026-09-17,CJ Careers,"기적 같은 합격, 다음은 당신 차례!🙏🏻ㅣ면접 INSIDE OUT 2부",https://youtu.be/5ejOzX2isM8,2026-09-18,9:00,Shorts,1611,1,0
rAWO8r9BquU,2026-09-17,CJ Careers,여러분들은 이미 100점짜리 지원자!💯면접 INSIDE OUT 2부,https://youtu.be/rAWO8r9BquU,2026-09-18,9:00,Shorts,1788,2,0
nqfOnp9zzHc,2026-09-17,CJ Careers,2026 KCON LA 직접 가봤습니다!🎤ㅣ채용담당자의 미국 출장 VLOG💛,https://youtu.be/nqfOnp9zzHc,2026-09-18,9:00,Longform,1731,2,0
r6Vf1EebRV4,2026-09-17,CJ Careers,미국에서 CJ 찾기 이렇게 쉽다고요?! 👀ㅣ채용담당자의 미국 출장 VLOG💛,https://youtu.be/r6Vf1EebRV4,2026-09-18,9:00,Longform,1853,2,0
pur5tXsIUzw,2026-09-16,CJ Careers,"1년 후, 저는 CJ대한통운 선배가 됐습니다🚚✨ | [어느 날, 신입사원에게 7명의 선배가 생겼다?!] EP.09-CJ대한통운",https://youtu.be/pur5tXsIUzw,2026-09-18,9:00,Longform,4164,4,2
O1saPHiKUzs,2026-09-16,CJ Careers,"1년 후, 저는 CJ올리브네트웍스 선배가 됐습니다💻✨ | [어느 날, 신입사원에게 7명의 선배가 생겼다?!] EP.09-CJ올리브네트웍스",https://youtu.be/O1saPHiKUzs,2026-09-18,9:00,Longform,4436,4,2
0nfWQLUmoDY,2026-09-16,CJ Careers,"1년 후, 저는 CJ올리브영 선배가 됐습니다🫒✨ | [어느 날, 신입사원에게 7명의 선배가 생겼다?!] EP.09-CJ올리브영",https://youtu.be/0nfWQLUmoDY,2026-09-18,9:00,Longform,4308,4,3
3vmgZPhTFnw,2026-09-16,CJ Careers,"1년 후, 저는 CJ 프레시웨이 선배가 됐습니다🍽️✨ | [어느 날, 신입사원에게 7명의 선배가 생겼다?!] EP.09-CJ프레시웨이",https://youtu.be/3vmgZPhTFnw,2026-09-18,9:00,Longform,3347,8,2
7ohYSlJeR8E,2026-09-16,CJ Careers,"1년 후, 저는 CJ ENM 엔터테인먼트부문 선배가 됐습니다🎬✨ | [어느 날, 신입사원에게 7명의 선배가 생겼다?!] EP.09-CJ ENM 엔터테인먼트부문",https://youtu.be/7ohYSlJeR8E,2026-09-18,9:00,Longform,3673,3,2
LkOPxMIoRg0,2026-09-16,CJ Careers,"1년 후, 저는 CJ제일제당 선배가 됐습니다🍚✨ | [어느 날, 신입사원에게 7명의 선배가 생겼다?!] EP.09-CJ제일제당",https://youtu.be/LkOPxMIoRg0,2026-09-18,9:00,Longform,3843,4,2
ff4rPwXukfw,2026-09-16,CJ Careers,"“제가 마음 먹은 건 늘 놓친 적이 없어요.” 🫵🏻 한대통의 마지막 어필 | [어느 날, 신입사원에게 7명의 선배가 생겼다?!] EP.08-한대통",https://youtu.be/ff4rPwXukfw,2026-09-18,9:00,Longform,2550,3,1
lgetsC7mimk,2026-09-16,CJ Careers,CJ제일제당(핵심소재)🧪 신입사원의 합격 자기소개서🎉 | 자소설 낭독회📝,https://youtu.be/lgetsC7mimk,2026-09-18,9:00,Longform,6832,4,0
FiEQjVIAodk,2026-09-16,CJ Careers,"“팀 전체 회의 때보다 떨리네요.” 🫣 김올네의 마지막 어필 | [어느 날, 신입사원에게 7명의 선배가 생겼다?!] EP.08-김올네",https://youtu.be/FiEQjVIAodk,2026-09-18,9:00,Longform,2114,4,1
MsGYxKseM1Q,2026-09-16,CJ Careers,CJ대한통운 건설부문🏗️ 신입사원의 합격 자기소개서🎉 | 자소설 낭독회📝,https://youtu.be/MsGYxKseM1Q,2026-09-18,9:00,Longform,6700,2,0
0nDpcWbJFMw,2026-09-16,CJ Careers,CJ ENM 커머스부문🛍️ 신입사원의 합격 자기소개서🎉 | 자소설 낭독회📝,https://youtu.be/0nDpcWbJFMw,2026-09-18,9:00,Longform,7839,5,0
dZP0qWd5MU4,2026-09-16,CJ Careers,"“나 성해원님이 올리브영 온다고 했잖아? 온리원 이딴 거 안 나왔어.” 🔥 권올영의 마지막 어필 | | [어느 날, 신입사원에게 7명의 선배가 생겼다?!] EP.08-권올영",https://youtu.be/dZP0qWd5MU4,2026-09-18,9:00,Longform,2483,6,1
h0avFODxnqw,2026-09-16,CJ Careers,CJ푸드빌🍰 신입사원의 합격 자기소개서🎉 | 자소설 낭독회📝,https://youtu.be/h0avFODxnqw,2026-09-18,9:00,Longform,7137,5,0
wCFn_AXaouI,2026-09-16,CJ Careers,"“많이 일하고 싶었다. 성해원!” 😂 송프웨의 마지막 어필 | | [어느 날, 신입사원에게 7명의 선배가 생겼다?!] EP.08-송프웨",https://youtu.be/wCFn_AXaouI,2026-09-18,9:00,Longform,2423,10,1
7O8Ju03iyMc,2026-09-16,CJ Careers,"'성해원 세일즈 제안서’가 등장했다?! 💌 이엔엠의 마지막 어필 | | [어느 날, 신입사원에게 7명의 선배가 생겼다?!] EP.08-이엔엠",https://youtu.be/7O8Ju03iyMc,2026-09-18,9:00,Longform,1991,4,0
jOiKkKo7rDI,2026-09-16,CJ Careers,CJ프레시웨이🥗 신입사원의 합격 자기소개서🎉 | 자소설 낭독회📝,https://youtu.be/jOiKkKo7rDI,2026-09-18,9:00,Longform,17238,6,0
F-qpwwSJMpU,2026-09-16,CJ Careers,CJ CGV🎬 신입사원의 합격 자기소개서🎉 | 자소설 낭독회📝,https://youtu.be/F-qpwwSJMpU,2026-09-18,9:00,Longform,6086,3,0
CXb3A0P15rg,2026-09-16,CJ Careers,"“내일 봬요, 후배님” 😉 백제당의 마지막 어필 | [어느 날, 신입사원에게 7명의 선배가 생겼다?!] EP.08-백제당",https://youtu.be/CXb3A0P15rg,2026-09-18,9:00,Longform,2249,5,1
odvNIAbpxl4,2026-09-16,CJ Careers,"웰니스×IT×물류가 만나면? 🫒💻📦 한 명을 위한 CJ 워크샵 | [어느 날, 신입사원에게 7명의 선배가 생겼다?!] EP.07-B팀",https://youtu.be/odvNIAbpxl4,2026-09-18,9:00,Longform,4286,4,2
47RKmwCjg68,2026-09-16,CJ Careers,CJ 4DPLEX🎥 신입사원의 합격 자기소개서🎉 | 자소설 낭독회📝,https://youtu.be/47RKmwCjg68,2026-09-18,9:00,Longform,6182,6,0
9epHB6_B_ps,2026-09-16,CJ Careers,CJ 신입사원의 일상을 들여다봤습니다👀📱 | 신입의 사생활 EP.01 CJ ENM 커머스부문🛍️,https://youtu.be/9epHB6_B_ps,2026-09-18,9:00,Longform,6814,4,0
-W0Enmk54dg,2026-09-16,CJ Careers,"선택 못 받으면 전원 탈락?!🔥 백제당×이엔엠×송프웨의 승부 | [어느 날, 신입사원에게 7명의 선배가 생겼다?!] EP.07-A팀",https://youtu.be/-W0Enmk54dg,2026-09-18,9:00,Longform,2163,6,0
0SYAQfhJqjw,2026-09-16,CJ Careers,CJ 신입사원의 일상을 들여다봤습니다👀📱 | 신입의 사생활 EP.02 CJ푸드빌🍰,https://youtu.be/0SYAQfhJqjw,2026-09-18,9:00,Longform,6245,4,0
EaTwoWAqk1Q,2026-09-16,CJ Careers,"해원의 X는 과연 누구?! 😳 7년 전 두 사람의 인연 공개 | [어느 날, 신입사원에게 7명의 선배가 생겼다?!] EP.06",https://youtu.be/EaTwoWAqk1Q,2026-09-18,9:00,Longform,3112,9,2
UB2b6tf4O6U,2026-09-16,CJ Careers,"인턴 왔더니 바로 생방송 투입?! 📺 CJ ENM 커머스부문 모바일라이브커머스 PD 일일 체험| [어느 날, 신입사원에게 7명의 선배가 생겼다?!] EP.05-온스탈",https://youtu.be/UB2b6tf4O6U,2026-09-18,9:00,Longform,7498,6,0
erloPt0wUzw,2026-09-16,CJ Careers,CJ 신입사원의 일상을 들여다봤습니다👀📱 | 신입의 사생활 EP.03 CJ CGV🎬,https://youtu.be/erloPt0wUzw,2026-09-18,9:00,Longform,6474,4,0
ECet3AagCyo,2026-09-16,CJ Careers,CJ 마케터의 하루는 어떻게 흘러갈까?👀 | 너도? 나도! EP.01 CJ제일제당 × CJ 4DPLEX,https://youtu.be/ECet3AagCyo,2026-09-18,9:00,Shorts,41031,14,0
2LfVGgf2d60,2026-09-16,CJ Careers,"같은 콘텐츠 직무, 하루는 얼마나 다를까?🎬 | 너도? 나도! EP.03 CJ ENM 엔터테인먼트 x 커머스",https://youtu.be/2LfVGgf2d60,2026-09-18,9:00,Shorts,6738,5,0
A8PD8INJCTY,2026-09-16,CJ Careers,"바코드가 안 읽힌다?!🚨 멈춰버린 물류를 살려라 CJ대한통운 물류 AI 엔지니어 인턴 체험 | [어느 날, 신입사원에게 7명의 선배가 생겼다?!] EP.05-한대통",https://youtu.be/A8PD8INJCTY,2026-09-18,9:00,Longform,5216,4,0
S3RrZ9qJP5o,2026-09-16,CJ Careers,IT로 CJ를 움직이는 신입사원의 하루💻 | 너도? 나도! EP.04 CJ올리브영 × CJ올리브네트웍스,https://youtu.be/S3RrZ9qJP5o,2026-09-18,9:00,Longform,6897,6,0
nYmpIV957VA,2026-09-16,CJ Careers,고객과 가장 가까운 곳에서 일하는 하루🤝 | 너도? 나도! EP.05 CJ푸드빌 × CJ프레시웨이,https://youtu.be/nYmpIV957VA,2026-09-18,9:00,Longform,6350,6,0
YmO97MubDsY,2026-09-16,CJ Careers,이건 못 고르겠는데요?🤔 CJ 신입사원들의 밸런스 게임⚖️ | EP.01,https://youtu.be/YmO97MubDsY,2026-09-18,9:00,Longform,5902,3,0
Pd4RemcYgdQ,2026-09-16,CJ Careers,하나만 고르라고요?😵 CJ 신입사원들의 선택은⚖️ | 밸런스 게임 EP.02,https://youtu.be/Pd4RemcYgdQ,2026-09-18,9:00,Longform,5928,2,0
DjQWu0F67_c,2026-09-16,CJ Careers,CJ제일제당 신입사원에게 직접 물어봤습니다🎤 | CJ에 푹 빠졌수다🌊,https://youtu.be/DjQWu0F67_c,2026-09-18,9:00,Longform,5827,3,0
wadkqCdv7uU,2026-09-16,CJ Careers,CJ대한통운 신입사원의 리얼 입사 이야기📦 | CJ에 푹 빠졌수다🌊,https://youtu.be/wadkqCdv7uU,2026-09-18,9:00,Longform,6110,2,0
YoHhcO-rJeo,2026-09-16,CJ Careers,CJ올리브영 신입사원이 직접 말하는 올영 생활💚 | CJ에 푹 빠졌수다🌊,https://youtu.be/YoHhcO-rJeo,2026-09-18,9:00,Longform,6346,6,0
2Y4uT7LQSQU,2026-09-16,CJ Careers,신입사원의 첫 시작을 노래로 담아봤습니다🎶✨ | AI 뮤비뮤비 EP.01,https://youtu.be/2Y4uT7LQSQU,2026-09-18,9:00,Shorts,6831,3,0
orizM0U9U6o,2026-09-16,CJ Careers,"트래픽 폭주를 막아라! 💻 CJ올리브네트웍스 소프트웨어 엔지니어 인턴 첫 미션 | [어느 날, 신입사원에게 7명의 선배가 생겼다?!] EP.05-김올네",https://youtu.be/orizM0U9U6o,2026-09-18,9:00,Longform,6036,5,0
GNpiaJTQhdA,2026-09-16,CJ Careers,"매대 하나 바꿨더니 고객이 멈췄다?! 👀 CJ올리브영 웰니스 MD 인턴 체험 | [어느 날, 신입사원에게 7명의 선배가 생겼다?!] EP.05-권올영",https://youtu.be/GNpiaJTQhdA,2026-09-18,9:00,Longform,7820,8,1
EIYpBJH5C2o,2026-09-16,CJ Careers,"제주에 간 CJ 신입사원, 하루가 뮤비가 됐습니다🎬🌴 | AI 뮤비뮤비 EP.02",https://youtu.be/EIYpBJH5C2o,2026-09-18,9:00,Shorts,7577,6,0
gaagVA_V21o,2026-09-16,CJ Careers,신입사원의 하루가 노래가 된다면?🎧🌴 | AI 뮤비뮤비 EP.03,https://youtu.be/gaagVA_V21o,2026-09-18,9:00,Shorts,6308,3,0
ZRjJOpDyT08,2026-09-16,CJ Careers,"떡볶이+팝콘이 신상품이 된다고?! 🍿🔥 CJ프레시웨이 가공MD 인턴의 첫 미션 | [어느 날, 신입사원에게 7명의 선배가 생겼다?!] EP.05-송프웨",https://youtu.be/ZRjJOpDyT08,2026-09-18,9:00,Longform,6313,12,0
I4wbzbfY-_U,2026-09-16,CJ Careers,"🌍떠나는 글로벌 바이어의 마음을 돌려라 CJ ENM 엔터테인먼트부문 해외 콘텐츠 세일즈 인턴 체험 | [어느 날, 신입사원에게 7명의 선배가 생겼다?!] EP.05-이엔엠",https://youtu.be/I4wbzbfY-_U,2026-09-18,9:00,Longform,8799,7,1
dxNi0LsNfr8,2026-09-16,CJ Careers,"출시 직전 신제품이 폐기 위기?! 😱 CJ제일제당 PM이 해결하는 법 | [어느 날, 신입사원에게 7명의 선배가 생겼다?!] EP.05-백제당",https://youtu.be/dxNi0LsNfr8,2026-09-18,9:00,Longform,6041,7,1
ZlMmKTRu3_0,2026-09-16,CJ Careers,"새로운 CJ대한통운 메기 등장🔥 “제가 마음 먹은 건 놓친 적이 없어요”🚚 | [어느 날, 신입사원에게 7명의 선배가 생겼다?!] EP.04-한대통",https://youtu.be/ZlMmKTRu3_0,2026-09-18,9:00,Longform,17834,5,0
kjqQREznFjg,2026-09-16,CJ Careers,"메기 등장🔥 프레시웨이 독점상품을 만드는 MD가 나를 데리러 왔다?!🍽️ | [어느 날, 신입사원에게 7명의 선배가 생겼다?!] EP.04-송프웨",https://youtu.be/kjqQREznFjg,2026-09-18,9:00,Longform,12236,14,2
xbkvURZGJHg,2026-09-16,CJ Careers,"7명의 선배를 만난 신입사원👀 성해원, 임나영님의 응원 메시지❤️",https://youtu.be/xbkvURZGJHg,2026-09-18,9:00,Shorts,6882,10,0
mylMKIPiITU,2026-09-16,CJ Careers,"“성해원님의 X에게서 편지가 도착했습니다” 💌👀 | [어느 날, 신입사원에게 7명의 선배가 생겼다?!] EP.03",https://youtu.be/mylMKIPiITU,2026-09-18,9:00,Longform,15621,8,3
Ug4cj9TGRoM,2026-09-16,CJ Careers,"취준생 여러분, CJ로 넘어갈게요~📣 미미미누님의 응원 메시지🔥",https://youtu.be/Ug4cj9TGRoM,2026-09-18,9:00,Longform,6369,2,0
001fZv_6Vdk,2026-09-16,CJ Careers,"CJ 올래?(O) 말래?(X), 조진세님이 전하는 특별 배송📦 CJ 지원자 응원이 도착했습니다!",https://youtu.be/001fZv_6Vdk,2026-09-18,9:00,Longform,6901,6,0
kumYzA_BPA4,2026-09-16,CJ Careers,"코딩은 잘하는데 플러팅은 오류남💻⚠️ | [어느 날, 신입사원에게 7명의 선배가 생겼다?!] EP.02-김올네",https://youtu.be/kumYzA_BPA4,2026-09-18,9:00,Longform,5364,12,2
rZ5cMso-fa4,2026-09-16,CJ Careers,중식여신에서 식품 연구원까지🧪 정지선 셰프님이 CJ 지원자를 응원합니다!,https://youtu.be/rZ5cMso-fa4,2026-09-18,9:00,Shorts,6438,4,0
hJUvtyUIPBU,2026-09-16,CJ Careers,"건강도 챙겨주고 취업도 시켜주는 CJ올리브영 선배님?! 🫒👀 | [어느 날, 신입사원에게 7명의 선배가 생겼다?!] EP.02-권올영",https://youtu.be/hJUvtyUIPBU,2026-09-18,9:00,Longform,5628,15,5
289ODQXV_eM,2026-09-16,CJ Careers,"🎬 누워서 드라마 보는 게 스펙이라고요? CJ ENM 엔터테인먼트부문의 플러팅 시작  | [어느 날, 신입사원에게 7명의 선배가 생겼다?!] EP.02-이엔엠",https://youtu.be/289ODQXV_eM,2026-09-18,9:00,Longform,5768,8,1
GeslK-diMCI,2026-09-16,CJ Careers,해외 바이어로 변신한 카니님🌏 CJ 지원자에게 보내는 응원!,https://youtu.be/GeslK-diMCI,2026-09-18,9:00,Longform,6549,4,0
QPTeHNaWgZ4,2026-09-16,CJ Careers,"첫 사옥 데이트 상대는 CJ제일제당 선배님?! 🍚💘 | [어느 날, 신입사원에게 7명의 선배가 생겼다?!] EP.02-백제당",https://youtu.be/QPTeHNaWgZ4,2026-09-18,9:00,Longform,6350,14,0
7Q_grY8R-PM,2026-09-16,CJ Careers,숏드라마를 접수한 헝그리부대🍽️ 이번엔 CJ 지원자 응원하러 왔습니다!,https://youtu.be/7Q_grY8R-PM,2026-09-18,9:00,Shorts,8456,13,1
jvqewl7AGQU,2026-09-16,CJ Careers,쇼호스트 조휘현님의 오늘의 PICK🛍️ 바로 CJ에 도전하는 여러분!,https://youtu.be/jvqewl7AGQU,2026-09-18,9:00,Longform,7242,3,0
usvlFFPwKfg,2026-09-16,CJ Careers,"연애 프로그램인 줄 알았는데… 신입사원 모집이라고요? 👀 | [어느 날, 신입사원에게 7명의 선배가 생겼다?!] EP.01",https://youtu.be/usvlFFPwKfg,2026-09-18,9:00,Longform,15146,67,8
J0qtMvxqHAI,2026-09-17,SK하이닉스 [SK hynix],SK hynix Presents ‘New Spectrum’ for AI Infrastructure at Joins ‘AI Infra Summit 2026’,https://youtu.be/J0qtMvxqHAI,2026-09-18,9:00,Shorts,500,1,0
YOE_KQ6cEuo,2026-09-17,SK하이닉스 [SK hynix],"SK하이닉스, 'AI Infra Summit 2026' 참가… AI 인프라의 ‘New Spectrum’ 제시",https://youtu.be/YOE_KQ6cEuo,2026-09-18,9:00,Shorts,268,1,0
catw3C1IRKs,2026-09-16,CJ Careers,"CJ 채용 정보, 맛있게 준비했습니다🍽️ | CJ Careers Showcase 1부 식품·식품서비스 사업군",https://youtu.be/catw3C1IRKs,2026-09-19,9:00,Longform,14963,38,3
LebUClEVHm8,2026-09-16,CJ Careers,"콘텐츠부터 IT까지, CJ 채용 라인업 공개🎬💻 | CJ Careers Showcase 3부 미디어·콘텐츠·IT 사업군",https://youtu.be/LebUClEVHm8,2026-09-19,9:00,Longform,13758,37,2
sBT2HB4LayI,2026-09-16,CJ Careers,"We Who Prove It : EP.01 AI 시대, 집요함으로 증명하다 | CJ제일제당 × CJ대한통운",https://youtu.be/sBT2HB4LayI,2026-09-19,9:00,Longform,33321,8,1
PBr5ts2fXVI,2026-09-16,CJ Careers,We Who Prove It : EP.02 고객의 마음을 움직이는 사람들 | CJ프레시웨이 × CJ ENM 커머스부문,https://youtu.be/PBr5ts2fXVI,2026-09-19,9:00,Longform,14785,11,3
FEmsDHwjzEg,2026-09-16,CJ Careers,We Who Prove It : EP.03 미래를 현실로 만드는 사람들 | CJ푸드빌 × CJ CGV,https://youtu.be/FEmsDHwjzEg,2026-09-19,9:00,Longform,25061,11,1
Q6kUdlXaoHg,2026-09-16,CJ Careers,"면접장에서 돌아온 CJ 신입즈, 그날의 면접 이야기💬 | 면접 INSIDE OUT 1부",https://youtu.be/Q6kUdlXaoHg,2026-09-19,9:00,Longform,15137,15,1
fQThx-GE-ac,2026-09-16,CJ Careers,CJ 면접 꿀팁? 합격한 신입즈가 직접 알려드립니다💡 | 면접 INSIDE OUT 2부,https://youtu.be/fQThx-GE-ac,2026-09-19,9:00,Longform,22752,33,1
QXS_6ZvuJsc,2026-09-16,CJ Careers,"LA 곳곳에 CJ가 있다고? 👀 KCON LA부터 올리브영, 비비고까지ㅣ채용담당자 미국 출장 VLOG🌎✈️💼",https://youtu.be/QXS_6ZvuJsc,2026-09-19,9:00,Longform,8202,53,14
TPzbtWJK-VM,2026-09-16,CJ Careers,"1년 후, 저는 CJ ENM 커머스부문 선배가 됐습니다📺✨ | [어느 날, 신입사원에게 7명의 선배가 생겼다?!] EP.09-CJ ENM 커머스부문",https://youtu.be/TPzbtWJK-VM,2026-09-19,9:00,Longform,4448,9,5
V44QyDGgd2M,2026-09-16,CJ Careers,"같은 듯 다른, 사업의 최전선에서 일하는 하루👀 | 너도? 나도! EP.02 CJ대한통운",https://youtu.be/V44QyDGgd2M,2026-09-19,9:00,Longform,11559,7,0
OM-xtyfpkr8,2026-09-16,CJ Careers,"CJ 채용 정보, 알차게 배송해드립니다📦 | CJ Careers Showcase 2부 물류·신유통·인프라 사업군",https://youtu.be/OM-xtyfpkr8,2026-09-19,9:00,Longform,10664,17,2
_xoShAckHXk,2026-09-16,롯데백화점,직구터뷰 추석 편 | 롯데백화점,https://youtu.be/_xoShAckHXk,2026-09-19,9:00,Longform,9407,59,0
Wwz-vpgTV00,2026-09-18,CJ Careers,CJ제일제당에 끌리는 3가지 이유 | CJ Careers Showcase 1부 식품·식품서비스 사업군🍽️,https://youtu.be/Wwz-vpgTV00,2026-09-19,9:00,Shorts,7465,3,0
aBB_BSlA5sY,2026-09-18,CJ Careers,CJ푸드빌의 빵터지는 매력포인트.ZIP | CJ Careers Showcase 1부 식품·식품서비스 사업군🍽️,https://youtu.be/aBB_BSlA5sY,2026-09-19,9:00,Shorts,8134,2,0
Bvuhq1chbSM,2026-09-18,CJ Careers,"우리 이미 만난 적 있어요, CJ프레시웨이 | CJ Careers Showcase 1부 식품·식품서비스 사업군🍽️",https://youtu.be/Bvuhq1chbSM,2026-09-19,9:00,Longform,7638,3,0
58u-h0v6V0o,2026-09-18,CJ Careers,"내 택배 뒤엔, 데이터가 있다! | CJ Careers Showcase 2부 물류·신유통·인프라 사업군📦",https://youtu.be/58u-h0v6V0o,2026-09-19,9:00,Shorts,7996,2,0
1Pl6-Pwr19I,2026-09-18,CJ Careers,건물만 짓는 줄 알았죠? 커리어도 짓습니다! | CJ Careers Showcase 2부 물류·신유통·인프라 사업군📦,https://youtu.be/1Pl6-Pwr19I,2026-09-19,9:00,Shorts,7847,3,0
yqOWDvzq3co,2026-09-18,CJ Careers,"CJ올리브영, 어디까지 커지는 거예요? | CJ Careers Showcase 2부 물류·신유통·인프라 사업군📦",https://youtu.be/yqOWDvzq3co,2026-09-19,9:00,Shorts,8763,6,0
e5HYbxYu6As,2026-09-18,CJ Careers,채용담당자가 지원 꿀팁까지 알려준다고?! | CJ Careers Showcase 2부 물류·신유통·인프라 사업군📦,https://youtu.be/e5HYbxYu6As,2026-09-19,9:00,Shorts,7547,2,0
lkcep1rNRgM,2026-09-18,CJ Careers,"내가 만든 콘텐츠가, 전세계로?  | CJ Careers Showcase 3부 미디어·콘텐츠·IT 사업군",https://youtu.be/lkcep1rNRgM,2026-09-19,9:00,Shorts,8301,4,0
N-TBqCzfpSk,2026-09-18,CJ Careers,CJ CGV 취업하면 무슨일을 할까?  | CJ Careers Showcase 3부 미디어·콘텐츠·IT 사업군🎬💻,https://youtu.be/N-TBqCzfpSk,2026-09-19,9:00,Longform,7681,4,0
SF6CcEPbONY,2026-09-18,CJ Careers,"4DPLEX=4DX?, 그게 다가 아닙니다!  | CJ Careers Showcase 3부 미디어·콘텐츠·IT 사업군🎬💻",https://youtu.be/SF6CcEPbONY,2026-09-19,9:00,Shorts,7333,2,0
jWVEfmUnsc8,2026-09-18,CJ Careers,"IT직무인데, 산업 경험은 N개?!  | CJ Careers Showcase 3부 미디어·콘텐츠·IT 사업군🎬💻",https://youtu.be/jWVEfmUnsc8,2026-09-19,9:00,Shorts,8367,1,0
EyEEYcwiefk,2026-09-17,CJ Careers,물류산업에 AI를 더하려면 가장 먼저 필요한 것은? l We Who Prove It #CJ대한통운,https://youtu.be/EyEEYcwiefk,2026-09-19,9:00,Shorts,2277,3,0
0khjcyonRQk,2026-09-17,CJ Careers,단 하나의 질문이 만든 나의 Career High l We Who Prove It #CJ대한통운,https://youtu.be/0khjcyonRQk,2026-09-19,9:00,Shorts,2944,2,0
dwy_M82AKM8,2026-09-17,CJ Careers,"CJ제일제당+AI기술, 우리에게 필요한 역량은? l We Who Prove It #CJ제일제당",https://youtu.be/dwy_M82AKM8,2026-09-19,9:00,Shorts,3047,3,0
waWFwPr3Xro,2026-09-17,CJ Careers,균주 연구하던 내가 AI 개발에 나선 이유! l We Who Prove It #CJ제일제당,https://youtu.be/waWFwPr3Xro,2026-09-19,9:00,Shorts,3155,2,0
KvFine98XPQ,2026-09-17,CJ Careers,유튜브 프리미엄 안 쓴다고?! 커머스 PD의 트렌드 읽는 법 l We Who Prove It #CJENM커머스 #CJ온스타일,https://youtu.be/KvFine98XPQ,2026-09-19,9:00,Shorts,3307,4,0
bayhnkkgPUI,2026-09-17,CJ Careers,"신입 커머스 PD, 현실의 벽은 높았다?! l We Who Prove It #CJENM커머스 #CJ온스타일",https://youtu.be/bayhnkkgPUI,2026-09-19,9:00,Shorts,3273,3,0
JcMc1iMIEjA,2026-09-17,CJ Careers,"반드시 결과로, 성과로 증명한 빛나는 순간 l We Who Prove It #CJ프레시웨이",https://youtu.be/JcMc1iMIEjA,2026-09-19,9:00,Shorts,3403,3,0
BevrLYDguJI,2026-09-17,CJ Careers,어서와 신입은 처음이지? 아찔했던 주문 실수 SSUL l We Who Prove It #CJ프레시웨이,https://youtu.be/BevrLYDguJI,2026-09-19,9:00,Shorts,3390,2,0
7_g0jjN3MEU,2026-09-17,CJ Careers,CGV 컨세션사업 기확자로의 성장 모먼트 BEST 3 l We Who Prove It #CGV #CJCGV,https://youtu.be/7_g0jjN3MEU,2026-09-19,9:00,Shorts,3272,4,0
xR7Psk7ir5k,2026-09-17,CJ Careers,컨세션사업 기획자에게 반드시 필요한 역량은? l We Who Prove It #CGV #CJCGV,https://youtu.be/xR7Psk7ir5k,2026-09-19,9:00,Shorts,3085,2,0
8lPItKNTC1k,2026-09-17,CJ Careers,CJ푸드빌 전략 기획자로의 성장 모먼트 BEST 3 l We Who Prove It #CJ푸드빌,https://youtu.be/8lPItKNTC1k,2026-09-19,9:00,Shorts,3259,2,0
393vq03OlPY,2026-09-17,CJ Careers,회사 전략 세우는 기획자가 평소 가장 많이 하는 말은? l We Who Prove It #CJ푸드빌,https://youtu.be/393vq03OlPY,2026-09-19,9:00,Shorts,3614,3,0
KPYQQSOlJDk,2026-09-17,CJ Careers,"면접관의 고난이도 질문, CJ 신입즈의 답변은?💡| 면접 INSIDE OUT 1부",https://youtu.be/KPYQQSOlJDk,2026-09-19,9:00,Shorts,4004,5,0
sYv8FfBLd9U,2026-09-17,CJ Careers,면접 필살기 없이도 합격할 수 있었던 이유🤔 | 면접 INSIDE OUT 1부,https://youtu.be/sYv8FfBLd9U,2026-09-19,9:00,Shorts,3717,3,0
hLRlLzE2z2I,2026-09-17,CJ Careers,시켜줘 CJ제일제당 명예홍보대사👏🏻ㅣ면접 INSIDE OUT 1부,https://youtu.be/hLRlLzE2z2I,2026-09-19,9:00,Longform,3230,2,0
ycoRyzGWDnk,2026-09-17,CJ Careers,면접을 대하는 CJ 신입이들의 자세🔥ㅣ면접 INSIDE OUT 2부,https://youtu.be/ycoRyzGWDnk,2026-09-19,9:00,Shorts,3642,2,0
5ejOzX2isM8,2026-09-17,CJ Careers,"기적 같은 합격, 다음은 당신 차례!🙏🏻ㅣ면접 INSIDE OUT 2부",https://youtu.be/5ejOzX2isM8,2026-09-19,9:00,Shorts,3222,2,0
rAWO8r9BquU,2026-09-17,CJ Careers,여러분들은 이미 100점짜리 지원자!💯면접 INSIDE OUT 2부,https://youtu.be/rAWO8r9BquU,2026-09-19,9:00,Shorts,3576,4,0
nqfOnp9zzHc,2026-09-17,CJ Careers,2026 KCON LA 직접 가봤습니다!🎤ㅣ채용담당자의 미국 출장 VLOG💛,https://youtu.be/nqfOnp9zzHc,2026-09-19,9:00,Longform,3463,4,0
r6Vf1EebRV4,2026-09-17,CJ Careers,미국에서 CJ 찾기 이렇게 쉽다고요?! 👀ㅣ채용담당자의 미국 출장 VLOG💛,https://youtu.be/r6Vf1EebRV4,2026-09-19,9:00,Longform,3706,4,0
pur5tXsIUzw,2026-09-16,CJ Careers,"1년 후, 저는 CJ대한통운 선배가 됐습니다🚚✨ | [어느 날, 신입사원에게 7명의 선배가 생겼다?!] EP.09-CJ대한통운",https://youtu.be/pur5tXsIUzw,2026-09-19,9:00,Longform,6246,7,2
O1saPHiKUzs,2026-09-16,CJ Careers,"1년 후, 저는 CJ올리브네트웍스 선배가 됐습니다💻✨ | [어느 날, 신입사원에게 7명의 선배가 생겼다?!] EP.09-CJ올리브네트웍스",https://youtu.be/O1saPHiKUzs,2026-09-19,9:00,Longform,6654,7,4
0nfWQLUmoDY,2026-09-16,CJ Careers,"1년 후, 저는 CJ올리브영 선배가 됐습니다🫒✨ | [어느 날, 신입사원에게 7명의 선배가 생겼다?!] EP.09-CJ올리브영",https://youtu.be/0nfWQLUmoDY,2026-09-19,9:00,Longform,6461,7,4
3vmgZPhTFnw,2026-09-16,CJ Careers,"1년 후, 저는 CJ 프레시웨이 선배가 됐습니다🍽️✨ | [어느 날, 신입사원에게 7명의 선배가 생겼다?!] EP.09-CJ프레시웨이",https://youtu.be/3vmgZPhTFnw,2026-09-19,9:00,Longform,5021,13,2
7ohYSlJeR8E,2026-09-16,CJ Careers,"1년 후, 저는 CJ ENM 엔터테인먼트부문 선배가 됐습니다🎬✨ | [어느 날, 신입사원에게 7명의 선배가 생겼다?!] EP.09-CJ ENM 엔터테인먼트부문",https://youtu.be/7ohYSlJeR8E,2026-09-19,9:00,Longform,5510,5,4
LkOPxMIoRg0,2026-09-16,CJ Careers,"1년 후, 저는 CJ제일제당 선배가 됐습니다🍚✨ | [어느 날, 신입사원에게 7명의 선배가 생겼다?!] EP.09-CJ제일제당",https://youtu.be/LkOPxMIoRg0,2026-09-19,9:00,Longform,5764,7,3
ff4rPwXukfw,2026-09-16,CJ Careers,"“제가 마음 먹은 건 늘 놓친 적이 없어요.” 🫵🏻 한대통의 마지막 어필 | [어느 날, 신입사원에게 7명의 선배가 생겼다?!] EP.08-한대통",https://youtu.be/ff4rPwXukfw,2026-09-19,9:00,Longform,3826,5,2
lgetsC7mimk,2026-09-16,CJ Careers,CJ제일제당(핵심소재)🧪 신입사원의 합격 자기소개서🎉 | 자소설 낭독회📝,https://youtu.be/lgetsC7mimk,2026-09-19,9:00,Longform,10248,6,0
FiEQjVIAodk,2026-09-16,CJ Careers,"“팀 전체 회의 때보다 떨리네요.” 🫣 김올네의 마지막 어필 | [어느 날, 신입사원에게 7명의 선배가 생겼다?!] EP.08-김올네",https://youtu.be/FiEQjVIAodk,2026-09-19,9:00,Longform,3170,7,1
MsGYxKseM1Q,2026-09-16,CJ Careers,CJ대한통운 건설부문🏗️ 신입사원의 합격 자기소개서🎉 | 자소설 낭독회📝,https://youtu.be/MsGYxKseM1Q,2026-09-19,9:00,Longform,10051,3,0
0nDpcWbJFMw,2026-09-16,CJ Careers,CJ ENM 커머스부문🛍️ 신입사원의 합격 자기소개서🎉 | 자소설 낭독회📝,https://youtu.be/0nDpcWbJFMw,2026-09-19,9:00,Longform,11758,7,1
dZP0qWd5MU4,2026-09-16,CJ Careers,"“나 성해원님이 올리브영 온다고 했잖아? 온리원 이딴 거 안 나왔어.” 🔥 권올영의 마지막 어필 | | [어느 날, 신입사원에게 7명의 선배가 생겼다?!] EP.08-권올영",https://youtu.be/dZP0qWd5MU4,2026-09-19,9:00,Longform,3725,10,1
h0avFODxnqw,2026-09-16,CJ Careers,CJ푸드빌🍰 신입사원의 합격 자기소개서🎉 | 자소설 낭독회📝,https://youtu.be/h0avFODxnqw,2026-09-19,9:00,Longform,10705,8,0
wCFn_AXaouI,2026-09-16,CJ Careers,"“많이 일하고 싶었다. 성해원!” 😂 송프웨의 마지막 어필 | | [어느 날, 신입사원에게 7명의 선배가 생겼다?!] EP.08-송프웨",https://youtu.be/wCFn_AXaouI,2026-09-19,9:00,Longform,3635,15,2
7O8Ju03iyMc,2026-09-16,CJ Careers,"'성해원 세일즈 제안서’가 등장했다?! 💌 이엔엠의 마지막 어필 | | [어느 날, 신입사원에게 7명의 선배가 생겼다?!] EP.08-이엔엠",https://youtu.be/7O8Ju03iyMc,2026-09-19,9:00,Longform,2987,5,1
jOiKkKo7rDI,2026-09-16,CJ Careers,CJ프레시웨이🥗 신입사원의 합격 자기소개서🎉 | 자소설 낭독회📝,https://youtu.be/jOiKkKo7rDI,2026-09-19,9:00,Longform,25856,10,0
F-qpwwSJMpU,2026-09-16,CJ Careers,CJ CGV🎬 신입사원의 합격 자기소개서🎉 | 자소설 낭독회📝,https://youtu.be/F-qpwwSJMpU,2026-09-19,9:00,Longform,9129,5,0
CXb3A0P15rg,2026-09-16,CJ Careers,"“내일 봬요, 후배님” 😉 백제당의 마지막 어필 | [어느 날, 신입사원에게 7명의 선배가 생겼다?!] EP.08-백제당",https://youtu.be/CXb3A0P15rg,2026-09-19,9:00,Longform,3374,8,2
odvNIAbpxl4,2026-09-16,CJ Careers,"웰니스×IT×물류가 만나면? 🫒💻📦 한 명을 위한 CJ 워크샵 | [어느 날, 신입사원에게 7명의 선배가 생겼다?!] EP.07-B팀",https://youtu.be/odvNIAbpxl4,2026-09-19,9:00,Longform,6429,7,3
47RKmwCjg68,2026-09-16,CJ Careers,CJ 4DPLEX🎥 신입사원의 합격 자기소개서🎉 | 자소설 낭독회📝,https://youtu.be/47RKmwCjg68,2026-09-19,9:00,Longform,9273,9,0
9epHB6_B_ps,2026-09-16,CJ Careers,CJ 신입사원의 일상을 들여다봤습니다👀📱 | 신입의 사생활 EP.01 CJ ENM 커머스부문🛍️,https://youtu.be/9epHB6_B_ps,2026-09-19,9:00,Longform,10221,6,0
-W0Enmk54dg,2026-09-16,CJ Careers,"선택 못 받으면 전원 탈락?!🔥 백제당×이엔엠×송프웨의 승부 | [어느 날, 신입사원에게 7명의 선배가 생겼다?!] EP.07-A팀",https://youtu.be/-W0Enmk54dg,2026-09-19,9:00,Longform,3244,9,1
0SYAQfhJqjw,2026-09-16,CJ Careers,CJ 신입사원의 일상을 들여다봤습니다👀📱 | 신입의 사생활 EP.02 CJ푸드빌🍰,https://youtu.be/0SYAQfhJqjw,2026-09-19,9:00,Longform,9367,7,0
EaTwoWAqk1Q,2026-09-16,CJ Careers,"해원의 X는 과연 누구?! 😳 7년 전 두 사람의 인연 공개 | [어느 날, 신입사원에게 7명의 선배가 생겼다?!] EP.06",https://youtu.be/EaTwoWAqk1Q,2026-09-19,9:00,Longform,4668,13,4
UB2b6tf4O6U,2026-09-16,CJ Careers,"인턴 왔더니 바로 생방송 투입?! 📺 CJ ENM 커머스부문 모바일라이브커머스 PD 일일 체험| [어느 날, 신입사원에게 7명의 선배가 생겼다?!] EP.05-온스탈",https://youtu.be/UB2b6tf4O6U,2026-09-19,9:00,Longform,11248,8,1
erloPt0wUzw,2026-09-16,CJ Careers,CJ 신입사원의 일상을 들여다봤습니다👀📱 | 신입의 사생활 EP.03 CJ CGV🎬,https://youtu.be/erloPt0wUzw,2026-09-19,9:00,Longform,9711,6,0
ECet3AagCyo,2026-09-16,CJ Careers,CJ 마케터의 하루는 어떻게 흘러갈까?👀 | 너도? 나도! EP.01 CJ제일제당 × CJ 4DPLEX,https://youtu.be/ECet3AagCyo,2026-09-19,9:00,Shorts,61546,22,0
2LfVGgf2d60,2026-09-16,CJ Careers,"같은 콘텐츠 직무, 하루는 얼마나 다를까?🎬 | 너도? 나도! EP.03 CJ ENM 엔터테인먼트 x 커머스",https://youtu.be/2LfVGgf2d60,2026-09-19,9:00,Shorts,10107,8,0
A8PD8INJCTY,2026-09-16,CJ Careers,"바코드가 안 읽힌다?!🚨 멈춰버린 물류를 살려라 CJ대한통운 물류 AI 엔지니어 인턴 체험 | [어느 날, 신입사원에게 7명의 선배가 생겼다?!] EP.05-한대통",https://youtu.be/A8PD8INJCTY,2026-09-19,9:00,Longform,7825,7,1
S3RrZ9qJP5o,2026-09-16,CJ Careers,IT로 CJ를 움직이는 신입사원의 하루💻 | 너도? 나도! EP.04 CJ올리브영 × CJ올리브네트웍스,https://youtu.be/S3RrZ9qJP5o,2026-09-19,9:00,Longform,10346,10,0
nYmpIV957VA,2026-09-16,CJ Careers,고객과 가장 가까운 곳에서 일하는 하루🤝 | 너도? 나도! EP.05 CJ푸드빌 × CJ프레시웨이,https://youtu.be/nYmpIV957VA,2026-09-19,9:00,Longform,9525,10,0
YmO97MubDsY,2026-09-16,CJ Careers,이건 못 고르겠는데요?🤔 CJ 신입사원들의 밸런스 게임⚖️ | EP.01,https://youtu.be/YmO97MubDsY,2026-09-19,9:00,Longform,8853,4,1
Pd4RemcYgdQ,2026-09-16,CJ Careers,하나만 고르라고요?😵 CJ 신입사원들의 선택은⚖️ | 밸런스 게임 EP.02,https://youtu.be/Pd4RemcYgdQ,2026-09-19,9:00,Longform,8891,3,0
DjQWu0F67_c,2026-09-16,CJ Careers,CJ제일제당 신입사원에게 직접 물어봤습니다🎤 | CJ에 푹 빠졌수다🌊,https://youtu.be/DjQWu0F67_c,2026-09-19,9:00,Longform,8740,4,0
wadkqCdv7uU,2026-09-16,CJ Careers,CJ대한통운 신입사원의 리얼 입사 이야기📦 | CJ에 푹 빠졌수다🌊,https://youtu.be/wadkqCdv7uU,2026-09-19,9:00,Longform,9165,3,0
YoHhcO-rJeo,2026-09-16,CJ Careers,CJ올리브영 신입사원이 직접 말하는 올영 생활💚 | CJ에 푹 빠졌수다🌊,https://youtu.be/YoHhcO-rJeo,2026-09-19,9:00,Longform,9519,9,0
2Y4uT7LQSQU,2026-09-16,CJ Careers,신입사원의 첫 시작을 노래로 담아봤습니다🎶✨ | AI 뮤비뮤비 EP.01,https://youtu.be/2Y4uT7LQSQU,2026-09-19,9:00,Shorts,10246,4,0
orizM0U9U6o,2026-09-16,CJ Careers,"트래픽 폭주를 막아라! 💻 CJ올리브네트웍스 소프트웨어 엔지니어 인턴 첫 미션 | [어느 날, 신입사원에게 7명의 선배가 생겼다?!] EP.05-김올네",https://youtu.be/orizM0U9U6o,2026-09-19,9:00,Longform,9055,8,1
GNpiaJTQhdA,2026-09-16,CJ Careers,"매대 하나 바꿨더니 고객이 멈췄다?! 👀 CJ올리브영 웰니스 MD 인턴 체험 | [어느 날, 신입사원에게 7명의 선배가 생겼다?!] EP.05-권올영",https://youtu.be/GNpiaJTQhdA,2026-09-19,9:00,Longform,11730,11,2
EIYpBJH5C2o,2026-09-16,CJ Careers,"제주에 간 CJ 신입사원, 하루가 뮤비가 됐습니다🎬🌴 | AI 뮤비뮤비 EP.02",https://youtu.be/EIYpBJH5C2o,2026-09-19,9:00,Shorts,11365,9,0
gaagVA_V21o,2026-09-16,CJ Careers,신입사원의 하루가 노래가 된다면?🎧🌴 | AI 뮤비뮤비 EP.03,https://youtu.be/gaagVA_V21o,2026-09-19,9:00,Shorts,9462,4,0
ZRjJOpDyT08,2026-09-16,CJ Careers,"떡볶이+팝콘이 신상품이 된다고?! 🍿🔥 CJ프레시웨이 가공MD 인턴의 첫 미션 | [어느 날, 신입사원에게 7명의 선배가 생겼다?!] EP.05-송프웨",https://youtu.be/ZRjJOpDyT08,2026-09-19,9:00,Longform,9469,17,1
I4wbzbfY-_U,2026-09-16,CJ Careers,"🌍떠나는 글로벌 바이어의 마음을 돌려라 CJ ENM 엔터테인먼트부문 해외 콘텐츠 세일즈 인턴 체험 | [어느 날, 신입사원에게 7명의 선배가 생겼다?!] EP.05-이엔엠",https://youtu.be/I4wbzbfY-_U,2026-09-19,9:00,Longform,13198,11,2
dxNi0LsNfr8,2026-09-16,CJ Careers,"출시 직전 신제품이 폐기 위기?! 😱 CJ제일제당 PM이 해결하는 법 | [어느 날, 신입사원에게 7명의 선배가 생겼다?!] EP.05-백제당",https://youtu.be/dxNi0LsNfr8,2026-09-19,9:00,Longform,9061,10,2
ZlMmKTRu3_0,2026-09-16,CJ Careers,"새로운 CJ대한통운 메기 등장🔥 “제가 마음 먹은 건 놓친 적이 없어요”🚚 | [어느 날, 신입사원에게 7명의 선배가 생겼다?!] EP.04-한대통",https://youtu.be/ZlMmKTRu3_0,2026-09-19,9:00,Longform,26751,7,1
kjqQREznFjg,2026-09-16,CJ Careers,"메기 등장🔥 프레시웨이 독점상품을 만드는 MD가 나를 데리러 왔다?!🍽️ | [어느 날, 신입사원에게 7명의 선배가 생겼다?!] EP.04-송프웨",https://youtu.be/kjqQREznFjg,2026-09-19,9:00,Longform,18355,22,3
xbkvURZGJHg,2026-09-16,CJ Careers,"7명의 선배를 만난 신입사원👀 성해원, 임나영님의 응원 메시지❤️",https://youtu.be/xbkvURZGJHg,2026-09-19,9:00,Shorts,10323,14,1
mylMKIPiITU,2026-09-16,CJ Careers,"“성해원님의 X에게서 편지가 도착했습니다” 💌👀 | [어느 날, 신입사원에게 7명의 선배가 생겼다?!] EP.03",https://youtu.be/mylMKIPiITU,2026-09-19,9:00,Longform,23431,13,5
Ug4cj9TGRoM,2026-09-16,CJ Careers,"취준생 여러분, CJ로 넘어갈게요~📣 미미미누님의 응원 메시지🔥",https://youtu.be/Ug4cj9TGRoM,2026-09-19,9:00,Longform,9553,4,1
001fZv_6Vdk,2026-09-16,CJ Careers,"CJ 올래?(O) 말래?(X), 조진세님이 전하는 특별 배송📦 CJ 지원자 응원이 도착했습니다!",https://youtu.be/001fZv_6Vdk,2026-09-19,9:00,Longform,10352,8,1
kumYzA_BPA4,2026-09-16,CJ Careers,"코딩은 잘하는데 플러팅은 오류남💻⚠️ | [어느 날, 신입사원에게 7명의 선배가 생겼다?!] EP.02-김올네",https://youtu.be/kumYzA_BPA4,2026-09-19,9:00,Longform,8045,19,4
rZ5cMso-fa4,2026-09-16,CJ Careers,중식여신에서 식품 연구원까지🧪 정지선 셰프님이 CJ 지원자를 응원합니다!,https://youtu.be/rZ5cMso-fa4,2026-09-19,9:00,Shorts,9657,7,1
hJUvtyUIPBU,2026-09-16,CJ Careers,"건강도 챙겨주고 취업도 시켜주는 CJ올리브영 선배님?! 🫒👀 | [어느 날, 신입사원에게 7명의 선배가 생겼다?!] EP.02-권올영",https://youtu.be/hJUvtyUIPBU,2026-09-19,9:00,Longform,8443,23,8
289ODQXV_eM,2026-09-16,CJ Careers,"🎬 누워서 드라마 보는 게 스펙이라고요? CJ ENM 엔터테인먼트부문의 플러팅 시작  | [어느 날, 신입사원에게 7명의 선배가 생겼다?!] EP.02-이엔엠",https://youtu.be/289ODQXV_eM,2026-09-19,9:00,Longform,8652,13,1
GeslK-diMCI,2026-09-16,CJ Careers,해외 바이어로 변신한 카니님🌏 CJ 지원자에게 보내는 응원!,https://youtu.be/GeslK-diMCI,2026-09-19,9:00,Longform,9823,7,1
QPTeHNaWgZ4,2026-09-16,CJ Careers,"첫 사옥 데이트 상대는 CJ제일제당 선배님?! 🍚💘 | [어느 날, 신입사원에게 7명의 선배가 생겼다?!] EP.02-백제당",https://youtu.be/QPTeHNaWgZ4,2026-09-19,9:00,Longform,9525,20,1
7Q_grY8R-PM,2026-09-16,CJ Careers,숏드라마를 접수한 헝그리부대🍽️ 이번엔 CJ 지원자 응원하러 왔습니다!,https://youtu.be/7Q_grY8R-PM,2026-09-19,9:00,Shorts,12683,20,1
jvqewl7AGQU,2026-09-16,CJ Careers,쇼호스트 조휘현님의 오늘의 PICK🛍️ 바로 CJ에 도전하는 여러분!,https://youtu.be/jvqewl7AGQU,2026-09-19,9:00,Longform,10864,5,1
usvlFFPwKfg,2026-09-16,CJ Careers,"연애 프로그램인 줄 알았는데… 신입사원 모집이라고요? 👀 | [어느 날, 신입사원에게 7명의 선배가 생겼다?!] EP.01",https://youtu.be/usvlFFPwKfg,2026-09-19,9:00,Longform,22720,100,12
BdcSxNWSLK0,2026-09-18,HD현대,세계 1위 선박 엔진이 AI 데이터센터로 간 이유‼️ #AI #발전엔진 #데이터센터 #HD현대 #조선업,https://youtu.be/BdcSxNWSLK0,2026-09-19,9:00,Longform,868,8,1
J0qtMvxqHAI,2026-09-17,SK하이닉스 [SK hynix],SK hynix Presents ‘New Spectrum’ for AI Infrastructure at Joins ‘AI Infra Summit 2026’,https://youtu.be/J0qtMvxqHAI,2026-09-19,9:00,Shorts,1001,2,0
YOE_KQ6cEuo,2026-09-17,SK하이닉스 [SK hynix],"SK하이닉스, 'AI Infra Summit 2026' 참가… AI 인프라의 ‘New Spectrum’ 제시",https://youtu.be/YOE_KQ6cEuo,2026-09-19,9:00,Shorts,536,2,0
zopEbeL37rE,2026-09-18,롯데백화점,Conran Space Project : 다이도 모리야마 사진전ㅣ롯데백화점,https://youtu.be/zopEbeL37rE,2026-09-19,9:00,Shorts,299,3,0
lMaBMhskScg,2026-09-18,한화오션,퇴근하면 바다가 있는 생활 🌊,https://youtu.be/lMaBMhskScg,2026-09-19,9:00,Shorts,617,5,0
FZMsOQvgfPg,2026-09-18,한화오션,World's First LNG Carrier with WINGS! The Wind Challenger Is Here,https://youtu.be/FZMsOQvgfPg,2026-09-19,9:00,Longform,717,13,1
catw3C1IRKs,2026-09-16,CJ Careers,"CJ 채용 정보, 맛있게 준비했습니다🍽️ | CJ Careers Showcase 1부 식품·식품서비스 사업군",https://youtu.be/catw3C1IRKs,2026-09-20,9:00,Longform,18351,42,2
LebUClEVHm8,2026-09-16,CJ Careers,"콘텐츠부터 IT까지, CJ 채용 라인업 공개🎬💻 | CJ Careers Showcase 3부 미디어·콘텐츠·IT 사업군",https://youtu.be/LebUClEVHm8,2026-09-20,9:00,Longform,17558,42,2
sBT2HB4LayI,2026-09-16,CJ Careers,"We Who Prove It : EP.01 AI 시대, 집요함으로 증명하다 | CJ제일제당 × CJ대한통운",https://youtu.be/sBT2HB4LayI,2026-09-20,9:00,Longform,46440,9,1
PBr5ts2fXVI,2026-09-16,CJ Careers,We Who Prove It : EP.02 고객의 마음을 움직이는 사람들 | CJ프레시웨이 × CJ ENM 커머스부문,https://youtu.be/PBr5ts2fXVI,2026-09-20,9:00,Longform,20278,12,3
FEmsDHwjzEg,2026-09-16,CJ Careers,We Who Prove It : EP.03 미래를 현실로 만드는 사람들 | CJ푸드빌 × CJ CGV,https://youtu.be/FEmsDHwjzEg,2026-09-20,9:00,Longform,35163,11,1
Q6kUdlXaoHg,2026-09-16,CJ Careers,"면접장에서 돌아온 CJ 신입즈, 그날의 면접 이야기💬 | 면접 INSIDE OUT 1부",https://youtu.be/Q6kUdlXaoHg,2026-09-20,9:00,Longform,20388,17,1
fQThx-GE-ac,2026-09-16,CJ Careers,CJ 면접 꿀팁? 합격한 신입즈가 직접 알려드립니다💡 | 면접 INSIDE OUT 2부,https://youtu.be/fQThx-GE-ac,2026-09-20,9:00,Longform,30624,37,1
QXS_6ZvuJsc,2026-09-16,CJ Careers,"LA 곳곳에 CJ가 있다고? 👀 KCON LA부터 올리브영, 비비고까지ㅣ채용담당자 미국 출장 VLOG🌎✈️💼",https://youtu.be/QXS_6ZvuJsc,2026-09-20,9:00,Longform,10660,55,14
TPzbtWJK-VM,2026-09-16,CJ Careers,"1년 후, 저는 CJ ENM 커머스부문 선배가 됐습니다📺✨ | [어느 날, 신입사원에게 7명의 선배가 생겼다?!] EP.09-CJ ENM 커머스부문",https://youtu.be/TPzbtWJK-VM,2026-09-20,9:00,Longform,5925,12,6
V44QyDGgd2M,2026-09-16,CJ Careers,"같은 듯 다른, 사업의 최전선에서 일하는 하루👀 | 너도? 나도! EP.02 CJ대한통운",https://youtu.be/V44QyDGgd2M,2026-09-20,9:00,Longform,13983,8,0
OM-xtyfpkr8,2026-09-16,CJ Careers,"CJ 채용 정보, 알차게 배송해드립니다📦 | CJ Careers Showcase 2부 물류·신유통·인프라 사업군",https://youtu.be/OM-xtyfpkr8,2026-09-20,9:00,Longform,13809,20,2
_xoShAckHXk,2026-09-16,롯데백화점,직구터뷰 추석 편 | 롯데백화점,https://youtu.be/_xoShAckHXk,2026-09-20,9:00,Longform,13077,85,0
Wwz-vpgTV00,2026-09-18,CJ Careers,CJ제일제당에 끌리는 3가지 이유 | CJ Careers Showcase 1부 식품·식품서비스 사업군🍽️,https://youtu.be/Wwz-vpgTV00,2026-09-20,9:00,Shorts,14930,5,0
aBB_BSlA5sY,2026-09-18,CJ Careers,CJ푸드빌의 빵터지는 매력포인트.ZIP | CJ Careers Showcase 1부 식품·식품서비스 사업군🍽️,https://youtu.be/aBB_BSlA5sY,2026-09-20,9:00,Shorts,16268,5,0
Bvuhq1chbSM,2026-09-18,CJ Careers,"우리 이미 만난 적 있어요, CJ프레시웨이 | CJ Careers Showcase 1부 식품·식품서비스 사업군🍽️",https://youtu.be/Bvuhq1chbSM,2026-09-20,9:00,Longform,15277,7,0
58u-h0v6V0o,2026-09-18,CJ Careers,"내 택배 뒤엔, 데이터가 있다! | CJ Careers Showcase 2부 물류·신유통·인프라 사업군📦",https://youtu.be/58u-h0v6V0o,2026-09-20,9:00,Shorts,15991,5,0
1Pl6-Pwr19I,2026-09-18,CJ Careers,건물만 짓는 줄 알았죠? 커리어도 짓습니다! | CJ Careers Showcase 2부 물류·신유통·인프라 사업군📦,https://youtu.be/1Pl6-Pwr19I,2026-09-20,9:00,Shorts,15693,7,0
yqOWDvzq3co,2026-09-18,CJ Careers,"CJ올리브영, 어디까지 커지는 거예요? | CJ Careers Showcase 2부 물류·신유통·인프라 사업군📦",https://youtu.be/yqOWDvzq3co,2026-09-20,9:00,Shorts,17526,13,0
e5HYbxYu6As,2026-09-18,CJ Careers,채용담당자가 지원 꿀팁까지 알려준다고?! | CJ Careers Showcase 2부 물류·신유통·인프라 사업군📦,https://youtu.be/e5HYbxYu6As,2026-09-20,9:00,Shorts,15094,5,0
lkcep1rNRgM,2026-09-18,CJ Careers,"내가 만든 콘텐츠가, 전세계로?  | CJ Careers Showcase 3부 미디어·콘텐츠·IT 사업군",https://youtu.be/lkcep1rNRgM,2026-09-20,9:00,Shorts,16601,7,0
N-TBqCzfpSk,2026-09-18,CJ Careers,CJ CGV 취업하면 무슨일을 할까?  | CJ Careers Showcase 3부 미디어·콘텐츠·IT 사업군🎬💻,https://youtu.be/N-TBqCzfpSk,2026-09-20,9:00,Longform,15363,8,0
SF6CcEPbONY,2026-09-18,CJ Careers,"4DPLEX=4DX?, 그게 다가 아닙니다!  | CJ Careers Showcase 3부 미디어·콘텐츠·IT 사업군🎬💻",https://youtu.be/SF6CcEPbONY,2026-09-20,9:00,Shorts,14666,5,0
jWVEfmUnsc8,2026-09-18,CJ Careers,"IT직무인데, 산업 경험은 N개?!  | CJ Careers Showcase 3부 미디어·콘텐츠·IT 사업군🎬💻",https://youtu.be/jWVEfmUnsc8,2026-09-20,9:00,Shorts,16733,2,0
EyEEYcwiefk,2026-09-17,CJ Careers,물류산업에 AI를 더하려면 가장 먼저 필요한 것은? l We Who Prove It #CJ대한통운,https://youtu.be/EyEEYcwiefk,2026-09-20,9:00,Shorts,3415,4,0
0khjcyonRQk,2026-09-17,CJ Careers,단 하나의 질문이 만든 나의 Career High l We Who Prove It #CJ대한통운,https://youtu.be/0khjcyonRQk,2026-09-20,9:00,Shorts,4415,2,0
dwy_M82AKM8,2026-09-17,CJ Careers,"CJ제일제당+AI기술, 우리에게 필요한 역량은? l We Who Prove It #CJ제일제당",https://youtu.be/dwy_M82AKM8,2026-09-20,9:00,Shorts,4570,4,0
waWFwPr3Xro,2026-09-17,CJ Careers,균주 연구하던 내가 AI 개발에 나선 이유! l We Who Prove It #CJ제일제당,https://youtu.be/waWFwPr3Xro,2026-09-20,9:00,Shorts,4733,2,0
KvFine98XPQ,2026-09-17,CJ Careers,유튜브 프리미엄 안 쓴다고?! 커머스 PD의 트렌드 읽는 법 l We Who Prove It #CJENM커머스 #CJ온스타일,https://youtu.be/KvFine98XPQ,2026-09-20,9:00,Shorts,4960,5,0
bayhnkkgPUI,2026-09-17,CJ Careers,"신입 커머스 PD, 현실의 벽은 높았다?! l We Who Prove It #CJENM커머스 #CJ온스타일",https://youtu.be/bayhnkkgPUI,2026-09-20,9:00,Shorts,4910,5,0
JcMc1iMIEjA,2026-09-17,CJ Careers,"반드시 결과로, 성과로 증명한 빛나는 순간 l We Who Prove It #CJ프레시웨이",https://youtu.be/JcMc1iMIEjA,2026-09-20,9:00,Shorts,5104,4,0
BevrLYDguJI,2026-09-17,CJ Careers,어서와 신입은 처음이지? 아찔했던 주문 실수 SSUL l We Who Prove It #CJ프레시웨이,https://youtu.be/BevrLYDguJI,2026-09-20,9:00,Shorts,5085,2,0
7_g0jjN3MEU,2026-09-17,CJ Careers,CGV 컨세션사업 기확자로의 성장 모먼트 BEST 3 l We Who Prove It #CGV #CJCGV,https://youtu.be/7_g0jjN3MEU,2026-09-20,9:00,Shorts,4907,5,0
xR7Psk7ir5k,2026-09-17,CJ Careers,컨세션사업 기획자에게 반드시 필요한 역량은? l We Who Prove It #CGV #CJCGV,https://youtu.be/xR7Psk7ir5k,2026-09-20,9:00,Shorts,4627,2,0
8lPItKNTC1k,2026-09-17,CJ Careers,CJ푸드빌 전략 기획자로의 성장 모먼트 BEST 3 l We Who Prove It #CJ푸드빌,https://youtu.be/8lPItKNTC1k,2026-09-20,9:00,Shorts,4889,3,0
393vq03OlPY,2026-09-17,CJ Careers,회사 전략 세우는 기획자가 평소 가장 많이 하는 말은? l We Who Prove It #CJ푸드빌,https://youtu.be/393vq03OlPY,2026-09-20,9:00,Shorts,5420,4,0
KPYQQSOlJDk,2026-09-17,CJ Careers,"면접관의 고난이도 질문, CJ 신입즈의 답변은?💡| 면접 INSIDE OUT 1부",https://youtu.be/KPYQQSOlJDk,2026-09-20,9:00,Shorts,6005,7,0
sYv8FfBLd9U,2026-09-17,CJ Careers,면접 필살기 없이도 합격할 수 있었던 이유🤔 | 면접 INSIDE OUT 1부,https://youtu.be/sYv8FfBLd9U,2026-09-20,9:00,Shorts,5575,4,0
hLRlLzE2z2I,2026-09-17,CJ Careers,시켜줘 CJ제일제당 명예홍보대사👏🏻ㅣ면접 INSIDE OUT 1부,https://youtu.be/hLRlLzE2z2I,2026-09-20,9:00,Longform,4845,3,0
ycoRyzGWDnk,2026-09-17,CJ Careers,면접을 대하는 CJ 신입이들의 자세🔥ㅣ면접 INSIDE OUT 2부,https://youtu.be/ycoRyzGWDnk,2026-09-20,9:00,Shorts,5463,2,0
5ejOzX2isM8,2026-09-17,CJ Careers,"기적 같은 합격, 다음은 당신 차례!🙏🏻ㅣ면접 INSIDE OUT 2부",https://youtu.be/5ejOzX2isM8,2026-09-20,9:00,Shorts,4833,2,0
rAWO8r9BquU,2026-09-17,CJ Careers,여러분들은 이미 100점짜리 지원자!💯면접 INSIDE OUT 2부,https://youtu.be/rAWO8r9BquU,2026-09-20,9:00,Shorts,5364,6,0
nqfOnp9zzHc,2026-09-17,CJ Careers,2026 KCON LA 직접 가봤습니다!🎤ㅣ채용담당자의 미국 출장 VLOG💛,https://youtu.be/nqfOnp9zzHc,2026-09-20,9:00,Longform,5194,5,0
r6Vf1EebRV4,2026-09-17,CJ Careers,미국에서 CJ 찾기 이렇게 쉽다고요?! 👀ㅣ채용담당자의 미국 출장 VLOG💛,https://youtu.be/r6Vf1EebRV4,2026-09-20,9:00,Longform,5558,6,0
pur5tXsIUzw,2026-09-16,CJ Careers,"1년 후, 저는 CJ대한통운 선배가 됐습니다🚚✨ | [어느 날, 신입사원에게 7명의 선배가 생겼다?!] EP.09-CJ대한통운",https://youtu.be/pur5tXsIUzw,2026-09-20,9:00,Longform,8328,9,3
O1saPHiKUzs,2026-09-16,CJ Careers,"1년 후, 저는 CJ올리브네트웍스 선배가 됐습니다💻✨ | [어느 날, 신입사원에게 7명의 선배가 생겼다?!] EP.09-CJ올리브네트웍스",https://youtu.be/O1saPHiKUzs,2026-09-20,9:00,Longform,8872,9,5
0nfWQLUmoDY,2026-09-16,CJ Careers,"1년 후, 저는 CJ올리브영 선배가 됐습니다🫒✨ | [어느 날, 신입사원에게 7명의 선배가 생겼다?!] EP.09-CJ올리브영",https://youtu.be/0nfWQLUmoDY,2026-09-20,9:00,Longform,8615,9,6
3vmgZPhTFnw,2026-09-16,CJ Careers,"1년 후, 저는 CJ 프레시웨이 선배가 됐습니다🍽️✨ | [어느 날, 신입사원에게 7명의 선배가 생겼다?!] EP.09-CJ프레시웨이",https://youtu.be/3vmgZPhTFnw,2026-09-20,9:00,Longform,6694,17,3
7ohYSlJeR8E,2026-09-16,CJ Careers,"1년 후, 저는 CJ ENM 엔터테인먼트부문 선배가 됐습니다🎬✨ | [어느 날, 신입사원에게 7명의 선배가 생겼다?!] EP.09-CJ ENM 엔터테인먼트부문",https://youtu.be/7ohYSlJeR8E,2026-09-20,9:00,Longform,7346,6,5
LkOPxMIoRg0,2026-09-16,CJ Careers,"1년 후, 저는 CJ제일제당 선배가 됐습니다🍚✨ | [어느 날, 신입사원에게 7명의 선배가 생겼다?!] EP.09-CJ제일제당",https://youtu.be/LkOPxMIoRg0,2026-09-20,9:00,Longform,7686,9,4
ff4rPwXukfw,2026-09-16,CJ Careers,"“제가 마음 먹은 건 늘 놓친 적이 없어요.” 🫵🏻 한대통의 마지막 어필 | [어느 날, 신입사원에게 7명의 선배가 생겼다?!] EP.08-한대통",https://youtu.be/ff4rPwXukfw,2026-09-20,9:00,Longform,5101,6,2
lgetsC7mimk,2026-09-16,CJ Careers,CJ제일제당(핵심소재)🧪 신입사원의 합격 자기소개서🎉 | 자소설 낭독회📝,https://youtu.be/lgetsC7mimk,2026-09-20,9:00,Longform,13664,8,0
FiEQjVIAodk,2026-09-16,CJ Careers,"“팀 전체 회의 때보다 떨리네요.” 🫣 김올네의 마지막 어필 | [어느 날, 신입사원에게 7명의 선배가 생겼다?!] EP.08-김올네",https://youtu.be/FiEQjVIAodk,2026-09-20,9:00,Longform,4227,9,2
MsGYxKseM1Q,2026-09-16,CJ Careers,CJ대한통운 건설부문🏗️ 신입사원의 합격 자기소개서🎉 | 자소설 낭독회📝,https://youtu.be/MsGYxKseM1Q,2026-09-20,9:00,Longform,13401,4,0
0nDpcWbJFMw,2026-09-16,CJ Careers,CJ ENM 커머스부문🛍️ 신입사원의 합격 자기소개서🎉 | 자소설 낭독회📝,https://youtu.be/0nDpcWbJFMw,2026-09-20,9:00,Longform,15678,10,1
dZP0qWd5MU4,2026-09-16,CJ Careers,"“나 성해원님이 올리브영 온다고 했잖아? 온리원 이딴 거 안 나왔어.” 🔥 권올영의 마지막 어필 | | [어느 날, 신입사원에게 7명의 선배가 생겼다?!] EP.08-권올영",https://youtu.be/dZP0qWd5MU4,2026-09-20,9:00,Longform,4966,13,2
h0avFODxnqw,2026-09-16,CJ Careers,CJ푸드빌🍰 신입사원의 합격 자기소개서🎉 | 자소설 낭독회📝,https://youtu.be/h0avFODxnqw,2026-09-20,9:00,Longform,14274,10,0
wCFn_AXaouI,2026-09-16,CJ Careers,"“많이 일하고 싶었다. 성해원!” 😂 송프웨의 마지막 어필 | | [어느 날, 신입사원에게 7명의 선배가 생겼다?!] EP.08-송프웨",https://youtu.be/wCFn_AXaouI,2026-09-20,9:00,Longform,4846,20,2
7O8Ju03iyMc,2026-09-16,CJ Careers,"'성해원 세일즈 제안서’가 등장했다?! 💌 이엔엠의 마지막 어필 | | [어느 날, 신입사원에게 7명의 선배가 생겼다?!] EP.08-이엔엠",https://youtu.be/7O8Ju03iyMc,2026-09-20,9:00,Longform,3982,7,1
jOiKkKo7rDI,2026-09-16,CJ Careers,CJ프레시웨이🥗 신입사원의 합격 자기소개서🎉 | 자소설 낭독회📝,https://youtu.be/jOiKkKo7rDI,2026-09-20,9:00,Longform,34475,13,0
F-qpwwSJMpU,2026-09-16,CJ Careers,CJ CGV🎬 신입사원의 합격 자기소개서🎉 | 자소설 낭독회📝,https://youtu.be/F-qpwwSJMpU,2026-09-20,9:00,Longform,12172,6,0
CXb3A0P15rg,2026-09-16,CJ Careers,"“내일 봬요, 후배님” 😉 백제당의 마지막 어필 | [어느 날, 신입사원에게 7명의 선배가 생겼다?!] EP.08-백제당",https://youtu.be/CXb3A0P15rg,2026-09-20,9:00,Longform,4498,10,2
odvNIAbpxl4,2026-09-16,CJ Careers,"웰니스×IT×물류가 만나면? 🫒💻📦 한 명을 위한 CJ 워크샵 | [어느 날, 신입사원에게 7명의 선배가 생겼다?!] EP.07-B팀",https://youtu.be/odvNIAbpxl4,2026-09-20,9:00,Longform,8572,9,4
47RKmwCjg68,2026-09-16,CJ Careers,CJ 4DPLEX🎥 신입사원의 합격 자기소개서🎉 | 자소설 낭독회📝,https://youtu.be/47RKmwCjg68,2026-09-20,9:00,Longform,12364,12,0
9epHB6_B_ps,2026-09-16,CJ Careers,CJ 신입사원의 일상을 들여다봤습니다👀📱 | 신입의 사생활 EP.01 CJ ENM 커머스부문🛍️,https://youtu.be/9epHB6_B_ps,2026-09-20,9:00,Longform,13628,8,0
-W0Enmk54dg,2026-09-16,CJ Careers,"선택 못 받으면 전원 탈락?!🔥 백제당×이엔엠×송프웨의 승부 | [어느 날, 신입사원에게 7명의 선배가 생겼다?!] EP.07-A팀",https://youtu.be/-W0Enmk54dg,2026-09-20,9:00,Longform,4326,12,1
0SYAQfhJqjw,2026-09-16,CJ Careers,CJ 신입사원의 일상을 들여다봤습니다👀📱 | 신입의 사생활 EP.02 CJ푸드빌🍰,https://youtu.be/0SYAQfhJqjw,2026-09-20,9:00,Longform,12490,9,0
EaTwoWAqk1Q,2026-09-16,CJ Careers,"해원의 X는 과연 누구?! 😳 7년 전 두 사람의 인연 공개 | [어느 날, 신입사원에게 7명의 선배가 생겼다?!] EP.06",https://youtu.be/EaTwoWAqk1Q,2026-09-20,9:00,Longform,6224,18,5
UB2b6tf4O6U,2026-09-16,CJ Careers,"인턴 왔더니 바로 생방송 투입?! 📺 CJ ENM 커머스부문 모바일라이브커머스 PD 일일 체험| [어느 날, 신입사원에게 7명의 선배가 생겼다?!] EP.05-온스탈",https://youtu.be/UB2b6tf4O6U,2026-09-20,9:00,Longform,14997,11,1
erloPt0wUzw,2026-09-16,CJ Careers,CJ 신입사원의 일상을 들여다봤습니다👀📱 | 신입의 사생활 EP.03 CJ CGV🎬,https://youtu.be/erloPt0wUzw,2026-09-20,9:00,Longform,12948,8,0
ECet3AagCyo,2026-09-16,CJ Careers,CJ 마케터의 하루는 어떻게 흘러갈까?👀 | 너도? 나도! EP.01 CJ제일제당 × CJ 4DPLEX,https://youtu.be/ECet3AagCyo,2026-09-20,9:00,Shorts,82062,29,0
2LfVGgf2d60,2026-09-16,CJ Careers,"같은 콘텐츠 직무, 하루는 얼마나 다를까?🎬 | 너도? 나도! EP.03 CJ ENM 엔터테인먼트 x 커머스",https://youtu.be/2LfVGgf2d60,2026-09-20,9:00,Shorts,13476,10,0
A8PD8INJCTY,2026-09-16,CJ Careers,"바코드가 안 읽힌다?!🚨 멈춰버린 물류를 살려라 CJ대한통운 물류 AI 엔지니어 인턴 체험 | [어느 날, 신입사원에게 7명의 선배가 생겼다?!] EP.05-한대통",https://youtu.be/A8PD8INJCTY,2026-09-20,9:00,Longform,10433,9,1
S3RrZ9qJP5o,2026-09-16,CJ Careers,IT로 CJ를 움직이는 신입사원의 하루💻 | 너도? 나도! EP.04 CJ올리브영 × CJ올리브네트웍스,https://youtu.be/S3RrZ9qJP5o,2026-09-20,9:00,Longform,13794,13,0
nYmpIV957VA,2026-09-16,CJ Careers,고객과 가장 가까운 곳에서 일하는 하루🤝 | 너도? 나도! EP.05 CJ푸드빌 × CJ프레시웨이,https://youtu.be/nYmpIV957VA,2026-09-20,9:00,Longform,12700,13,0
YmO97MubDsY,2026-09-16,CJ Careers,이건 못 고르겠는데요?🤔 CJ 신입사원들의 밸런스 게임⚖️ | EP.01,https://youtu.be/YmO97MubDsY,2026-09-20,9:00,Longform,11804,6,1
Pd4RemcYgdQ,2026-09-16,CJ Careers,하나만 고르라고요?😵 CJ 신입사원들의 선택은⚖️ | 밸런스 게임 EP.02,https://youtu.be/Pd4RemcYgdQ,2026-09-20,9:00,Longform,11855,4,0
DjQWu0F67_c,2026-09-16,CJ Careers,CJ제일제당 신입사원에게 직접 물어봤습니다🎤 | CJ에 푹 빠졌수다🌊,https://youtu.be/DjQWu0F67_c,2026-09-20,9:00,Longform,11654,6,0
wadkqCdv7uU,2026-09-16,CJ Careers,CJ대한통운 신입사원의 리얼 입사 이야기📦 | CJ에 푹 빠졌수다🌊,https://youtu.be/wadkqCdv7uU,2026-09-20,9:00,Longform,12220,4,0
YoHhcO-rJeo,2026-09-16,CJ Careers,CJ올리브영 신입사원이 직접 말하는 올영 생활💚 | CJ에 푹 빠졌수다🌊,https://youtu.be/YoHhcO-rJeo,2026-09-20,9:00,Longform,12692,12,0
2Y4uT7LQSQU,2026-09-16,CJ Careers,신입사원의 첫 시작을 노래로 담아봤습니다🎶✨ | AI 뮤비뮤비 EP.01,https://youtu.be/2Y4uT7LQSQU,2026-09-20,9:00,Shorts,13662,6,0
orizM0U9U6o,2026-09-16,CJ Careers,"트래픽 폭주를 막아라! 💻 CJ올리브네트웍스 소프트웨어 엔지니어 인턴 첫 미션 | [어느 날, 신입사원에게 7명의 선배가 생겼다?!] EP.05-김올네",https://youtu.be/orizM0U9U6o,2026-09-20,9:00,Longform,12073,10,1
GNpiaJTQhdA,2026-09-16,CJ Careers,"매대 하나 바꿨더니 고객이 멈췄다?! 👀 CJ올리브영 웰니스 MD 인턴 체험 | [어느 날, 신입사원에게 7명의 선배가 생겼다?!] EP.05-권올영",https://youtu.be/GNpiaJTQhdA,2026-09-20,9:00,Longform,15640,15,2
EIYpBJH5C2o,2026-09-16,CJ Careers,"제주에 간 CJ 신입사원, 하루가 뮤비가 됐습니다🎬🌴 | AI 뮤비뮤비 EP.02",https://youtu.be/EIYpBJH5C2o,2026-09-20,9:00,Shorts,15154,12,0
gaagVA_V21o,2026-09-16,CJ Careers,신입사원의 하루가 노래가 된다면?🎧🌴 | AI 뮤비뮤비 EP.03,https://youtu.be/gaagVA_V21o,2026-09-20,9:00,Shorts,12616,6,0
ZRjJOpDyT08,2026-09-16,CJ Careers,"떡볶이+팝콘이 신상품이 된다고?! 🍿🔥 CJ프레시웨이 가공MD 인턴의 첫 미션 | [어느 날, 신입사원에게 7명의 선배가 생겼다?!] EP.05-송프웨",https://youtu.be/ZRjJOpDyT08,2026-09-20,9:00,Longform,12626,23,1
I4wbzbfY-_U,2026-09-16,CJ Careers,"🌍떠나는 글로벌 바이어의 마음을 돌려라 CJ ENM 엔터테인먼트부문 해외 콘텐츠 세일즈 인턴 체험 | [어느 날, 신입사원에게 7명의 선배가 생겼다?!] EP.05-이엔엠",https://youtu.be/I4wbzbfY-_U,2026-09-20,9:00,Longform,17598,14,2
dxNi0LsNfr8,2026-09-16,CJ Careers,"출시 직전 신제품이 폐기 위기?! 😱 CJ제일제당 PM이 해결하는 법 | [어느 날, 신입사원에게 7명의 선배가 생겼다?!] EP.05-백제당",https://youtu.be/dxNi0LsNfr8,2026-09-20,9:00,Longform,12082,14,2
ZlMmKTRu3_0,2026-09-16,CJ Careers,"새로운 CJ대한통운 메기 등장🔥 “제가 마음 먹은 건 놓친 적이 없어요”🚚 | [어느 날, 신입사원에게 7명의 선배가 생겼다?!] EP.04-한대통",https://youtu.be/ZlMmKTRu3_0,2026-09-20,9:00,Longform,35668,10,1
kjqQREznFjg,2026-09-16,CJ Careers,"메기 등장🔥 프레시웨이 독점상품을 만드는 MD가 나를 데리러 왔다?!🍽️ | [어느 날, 신입사원에게 7명의 선배가 생겼다?!] EP.04-송프웨",https://youtu.be/kjqQREznFjg,2026-09-20,9:00,Longform,24473,29,4
xbkvURZGJHg,2026-09-16,CJ Careers,"7명의 선배를 만난 신입사원👀 성해원, 임나영님의 응원 메시지❤️",https://youtu.be/xbkvURZGJHg,2026-09-20,9:00,Shorts,13764,19,1
mylMKIPiITU,2026-09-16,CJ Careers,"“성해원님의 X에게서 편지가 도착했습니다” 💌👀 | [어느 날, 신입사원에게 7명의 선배가 생겼다?!] EP.03",https://youtu.be/mylMKIPiITU,2026-09-20,9:00,Longform,31242,17,6
Ug4cj9TGRoM,2026-09-16,CJ Careers,"취준생 여러분, CJ로 넘어갈게요~📣 미미미누님의 응원 메시지🔥",https://youtu.be/Ug4cj9TGRoM,2026-09-20,9:00,Longform,12738,5,1
001fZv_6Vdk,2026-09-16,CJ Careers,"CJ 올래?(O) 말래?(X), 조진세님이 전하는 특별 배송📦 CJ 지원자 응원이 도착했습니다!",https://youtu.be/001fZv_6Vdk,2026-09-20,9:00,Longform,13802,11,1
kumYzA_BPA4,2026-09-16,CJ Careers,"코딩은 잘하는데 플러팅은 오류남💻⚠️ | [어느 날, 신입사원에게 7명의 선배가 생겼다?!] EP.02-김올네",https://youtu.be/kumYzA_BPA4,2026-09-20,9:00,Longform,10727,25,5
rZ5cMso-fa4,2026-09-16,CJ Careers,중식여신에서 식품 연구원까지🧪 정지선 셰프님이 CJ 지원자를 응원합니다!,https://youtu.be/rZ5cMso-fa4,2026-09-20,9:00,Shorts,12876,9,1
hJUvtyUIPBU,2026-09-16,CJ Careers,"건강도 챙겨주고 취업도 시켜주는 CJ올리브영 선배님?! 🫒👀 | [어느 날, 신입사원에게 7명의 선배가 생겼다?!] EP.02-권올영",https://youtu.be/hJUvtyUIPBU,2026-09-20,9:00,Longform,11257,30,10
289ODQXV_eM,2026-09-16,CJ Careers,"🎬 누워서 드라마 보는 게 스펙이라고요? CJ ENM 엔터테인먼트부문의 플러팅 시작  | [어느 날, 신입사원에게 7명의 선배가 생겼다?!] EP.02-이엔엠",https://youtu.be/289ODQXV_eM,2026-09-20,9:00,Longform,11536,17,2
GeslK-diMCI,2026-09-16,CJ Careers,해외 바이어로 변신한 카니님🌏 CJ 지원자에게 보내는 응원!,https://youtu.be/GeslK-diMCI,2026-09-20,9:00,Longform,13098,9,1
QPTeHNaWgZ4,2026-09-16,CJ Careers,"첫 사옥 데이트 상대는 CJ제일제당 선배님?! 🍚💘 | [어느 날, 신입사원에게 7명의 선배가 생겼다?!] EP.02-백제당",https://youtu.be/QPTeHNaWgZ4,2026-09-20,9:00,Longform,12700,27,1
7Q_grY8R-PM,2026-09-16,CJ Careers,숏드라마를 접수한 헝그리부대🍽️ 이번엔 CJ 지원자 응원하러 왔습니다!,https://youtu.be/7Q_grY8R-PM,2026-09-20,9:00,Shorts,16911,26,2
jvqewl7AGQU,2026-09-16,CJ Careers,쇼호스트 조휘현님의 오늘의 PICK🛍️ 바로 CJ에 도전하는 여러분!,https://youtu.be/jvqewl7AGQU,2026-09-20,9:00,Longform,14485,6,1
usvlFFPwKfg,2026-09-16,CJ Careers,"연애 프로그램인 줄 알았는데… 신입사원 모집이라고요? 👀 | [어느 날, 신입사원에게 7명의 선배가 생겼다?!] EP.01",https://youtu.be/usvlFFPwKfg,2026-09-20,9:00,Longform,30293,134,16
BdcSxNWSLK0,2026-09-18,HD현대,세계 1위 선박 엔진이 AI 데이터센터로 간 이유‼️ #AI #발전엔진 #데이터센터 #HD현대 #조선업,https://youtu.be/BdcSxNWSLK0,2026-09-20,9:00,Longform,1737,16,2
J0qtMvxqHAI,2026-09-17,SK하이닉스 [SK hynix],SK hynix Presents ‘New Spectrum’ for AI Infrastructure at Joins ‘AI Infra Summit 2026’,https://youtu.be/J0qtMvxqHAI,2026-09-20,9:00,Shorts,1501,3,0
YOE_KQ6cEuo,2026-09-17,SK하이닉스 [SK hynix],"SK하이닉스, 'AI Infra Summit 2026' 참가… AI 인프라의 ‘New Spectrum’ 제시",https://youtu.be/YOE_KQ6cEuo,2026-09-20,9:00,Shorts,803,2,0
zopEbeL37rE,2026-09-18,롯데백화점,Conran Space Project : 다이도 모리야마 사진전ㅣ롯데백화점,https://youtu.be/zopEbeL37rE,2026-09-20,9:00,Shorts,597,6,1
A-nmmKjYZY0,2026-09-19,한화오션,내 전공은 한화오션에서 어디로 이어질까? 🧑‍🏫,https://youtu.be/A-nmmKjYZY0,2026-09-20,9:00,Shorts,751,5,0
lMaBMhskScg,2026-09-18,한화오션,퇴근하면 바다가 있는 생활 🌊,https://youtu.be/lMaBMhskScg,2026-09-20,9:00,Shorts,1235,9,0
FZMsOQvgfPg,2026-09-18,한화오션,World's First LNG Carrier with WINGS! The Wind Challenger Is Here,https://youtu.be/FZMsOQvgfPg,2026-09-20,9:00,Longform,1434,25,2
Wwz-vpgTV00,2026-09-18,CJ Careers,CJ제일제당에 끌리는 3가지 이유 | CJ Careers Showcase 1부 식품·식품서비스 사업군🍽️,https://youtu.be/Wwz-vpgTV00,2026-09-21,9:00,Shorts,22395,8,0
aBB_BSlA5sY,2026-09-18,CJ Careers,CJ푸드빌의 빵터지는 매력포인트.ZIP | CJ Careers Showcase 1부 식품·식품서비스 사업군🍽️,https://youtu.be/aBB_BSlA5sY,2026-09-21,9:00,Shorts,24402,7,0
Bvuhq1chbSM,2026-09-18,CJ Careers,"우리 이미 만난 적 있어요, CJ프레시웨이 | CJ Careers Showcase 1부 식품·식품서비스 사업군🍽️",https://youtu.be/Bvuhq1chbSM,2026-09-21,9:00,Longform,22915,10,0
58u-h0v6V0o,2026-09-18,CJ Careers,"내 택배 뒤엔, 데이터가 있다! | CJ Careers Showcase 2부 물류·신유통·인프라 사업군📦",https://youtu.be/58u-h0v6V0o,2026-09-21,9:00,Shorts,23987,7,0
1Pl6-Pwr19I,2026-09-18,CJ Careers,건물만 짓는 줄 알았죠? 커리어도 짓습니다! | CJ Careers Showcase 2부 물류·신유통·인프라 사업군📦,https://youtu.be/1Pl6-Pwr19I,2026-09-21,9:00,Shorts,23540,10,0
yqOWDvzq3co,2026-09-18,CJ Careers,"CJ올리브영, 어디까지 커지는 거예요? | CJ Careers Showcase 2부 물류·신유통·인프라 사업군📦",https://youtu.be/yqOWDvzq3co,2026-09-21,9:00,Shorts,26289,19,0
e5HYbxYu6As,2026-09-18,CJ Careers,채용담당자가 지원 꿀팁까지 알려준다고?! | CJ Careers Showcase 2부 물류·신유통·인프라 사업군📦,https://youtu.be/e5HYbxYu6As,2026-09-21,9:00,Shorts,22641,7,0
lkcep1rNRgM,2026-09-18,CJ Careers,"내가 만든 콘텐츠가, 전세계로?  | CJ Careers Showcase 3부 미디어·콘텐츠·IT 사업군",https://youtu.be/lkcep1rNRgM,2026-09-21,9:00,Shorts,24902,11,0
N-TBqCzfpSk,2026-09-18,CJ Careers,CJ CGV 취업하면 무슨일을 할까?  | CJ Careers Showcase 3부 미디어·콘텐츠·IT 사업군🎬💻,https://youtu.be/N-TBqCzfpSk,2026-09-21,9:00,Longform,23044,12,0
SF6CcEPbONY,2026-09-18,CJ Careers,"4DPLEX=4DX?, 그게 다가 아닙니다!  | CJ Careers Showcase 3부 미디어·콘텐츠·IT 사업군🎬💻",https://youtu.be/SF6CcEPbONY,2026-09-21,9:00,Shorts,21999,7,0
jWVEfmUnsc8,2026-09-18,CJ Careers,"IT직무인데, 산업 경험은 N개?!  | CJ Careers Showcase 3부 미디어·콘텐츠·IT 사업군🎬💻",https://youtu.be/jWVEfmUnsc8,2026-09-21,9:00,Shorts,25100,3,0
EyEEYcwiefk,2026-09-17,CJ Careers,물류산업에 AI를 더하려면 가장 먼저 필요한 것은? l We Who Prove It #CJ대한통운,https://youtu.be/EyEEYcwiefk,2026-09-21,9:00,Shorts,4553,5,0
0khjcyonRQk,2026-09-17,CJ Careers,단 하나의 질문이 만든 나의 Career High l We Who Prove It #CJ대한통운,https://youtu.be/0khjcyonRQk,2026-09-21,9:00,Shorts,5887,3,0
dwy_M82AKM8,2026-09-17,CJ Careers,"CJ제일제당+AI기술, 우리에게 필요한 역량은? l We Who Prove It #CJ제일제당",https://youtu.be/dwy_M82AKM8,2026-09-21,9:00,Shorts,6093,5,0
waWFwPr3Xro,2026-09-17,CJ Careers,균주 연구하던 내가 AI 개발에 나선 이유! l We Who Prove It #CJ제일제당,https://youtu.be/waWFwPr3Xro,2026-09-21,9:00,Shorts,6310,3,0
KvFine98XPQ,2026-09-17,CJ Careers,유튜브 프리미엄 안 쓴다고?! 커머스 PD의 트렌드 읽는 법 l We Who Prove It #CJENM커머스 #CJ온스타일,https://youtu.be/KvFine98XPQ,2026-09-21,9:00,Shorts,6613,7,0
bayhnkkgPUI,2026-09-17,CJ Careers,"신입 커머스 PD, 현실의 벽은 높았다?! l We Who Prove It #CJENM커머스 #CJ온스타일",https://youtu.be/bayhnkkgPUI,2026-09-21,9:00,Shorts,6546,6,0
JcMc1iMIEjA,2026-09-17,CJ Careers,"반드시 결과로, 성과로 증명한 빛나는 순간 l We Who Prove It #CJ프레시웨이",https://youtu.be/JcMc1iMIEjA,2026-09-21,9:00,Shorts,6805,5,0
BevrLYDguJI,2026-09-17,CJ Careers,어서와 신입은 처음이지? 아찔했던 주문 실수 SSUL l We Who Prove It #CJ프레시웨이,https://youtu.be/BevrLYDguJI,2026-09-21,9:00,Shorts,6780,3,0
7_g0jjN3MEU,2026-09-17,CJ Careers,CGV 컨세션사업 기확자로의 성장 모먼트 BEST 3 l We Who Prove It #CGV #CJCGV,https://youtu.be/7_g0jjN3MEU,2026-09-21,9:00,Shorts,6543,7,0
xR7Psk7ir5k,2026-09-17,CJ Careers,컨세션사업 기획자에게 반드시 필요한 역량은? l We Who Prove It #CGV #CJCGV,https://youtu.be/xR7Psk7ir5k,2026-09-21,9:00,Shorts,6169,3,0
8lPItKNTC1k,2026-09-17,CJ Careers,CJ푸드빌 전략 기획자로의 성장 모먼트 BEST 3 l We Who Prove It #CJ푸드빌,https://youtu.be/8lPItKNTC1k,2026-09-21,9:00,Shorts,6518,4,0
393vq03OlPY,2026-09-17,CJ Careers,회사 전략 세우는 기획자가 평소 가장 많이 하는 말은? l We Who Prove It #CJ푸드빌,https://youtu.be/393vq03OlPY,2026-09-21,9:00,Shorts,7227,5,0
KPYQQSOlJDk,2026-09-17,CJ Careers,"면접관의 고난이도 질문, CJ 신입즈의 답변은?💡| 면접 INSIDE OUT 1부",https://youtu.be/KPYQQSOlJDk,2026-09-21,9:00,Shorts,8007,9,0
sYv8FfBLd9U,2026-09-17,CJ Careers,면접 필살기 없이도 합격할 수 있었던 이유🤔 | 면접 INSIDE OUT 1부,https://youtu.be/sYv8FfBLd9U,2026-09-21,9:00,Shorts,7433,5,0
hLRlLzE2z2I,2026-09-17,CJ Careers,시켜줘 CJ제일제당 명예홍보대사👏🏻ㅣ면접 INSIDE OUT 1부,https://youtu.be/hLRlLzE2z2I,2026-09-21,9:00,Longform,6460,4,0
ycoRyzGWDnk,2026-09-17,CJ Careers,면접을 대하는 CJ 신입이들의 자세🔥ㅣ면접 INSIDE OUT 2부,https://youtu.be/ycoRyzGWDnk,2026-09-21,9:00,Shorts,7284,3,0
5ejOzX2isM8,2026-09-17,CJ Careers,"기적 같은 합격, 다음은 당신 차례!🙏🏻ㅣ면접 INSIDE OUT 2부",https://youtu.be/5ejOzX2isM8,2026-09-21,9:00,Shorts,6444,3,0
rAWO8r9BquU,2026-09-17,CJ Careers,여러분들은 이미 100점짜리 지원자!💯면접 INSIDE OUT 2부,https://youtu.be/rAWO8r9BquU,2026-09-21,9:00,Shorts,7152,8,0
nqfOnp9zzHc,2026-09-17,CJ Careers,2026 KCON LA 직접 가봤습니다!🎤ㅣ채용담당자의 미국 출장 VLOG💛,https://youtu.be/nqfOnp9zzHc,2026-09-21,9:00,Longform,6925,7,0
r6Vf1EebRV4,2026-09-17,CJ Careers,미국에서 CJ 찾기 이렇게 쉽다고요?! 👀ㅣ채용담당자의 미국 출장 VLOG💛,https://youtu.be/r6Vf1EebRV4,2026-09-21,9:00,Longform,7411,8,0
V44QyDGgd2M,2026-09-16,CJ Careers,"같은 듯 다른, 사업의 최전선에서 일하는 하루👀 | 너도? 나도! EP.02 CJ대한통운",https://youtu.be/V44QyDGgd2M,2026-09-21,9:00,Longform,16407,9,0
OM-xtyfpkr8,2026-09-16,CJ Careers,"CJ 채용 정보, 알차게 배송해드립니다📦 | CJ Careers Showcase 2부 물류·신유통·인프라 사업군",https://youtu.be/OM-xtyfpkr8,2026-09-21,9:00,Longform,16953,23,2
catw3C1IRKs,2026-09-16,CJ Careers,"CJ 채용 정보, 맛있게 준비했습니다🍽️ | CJ Careers Showcase 1부 식품·식품서비스 사업군",https://youtu.be/catw3C1IRKs,2026-09-21,9:00,Longform,21739,47,2
LebUClEVHm8,2026-09-16,CJ Careers,"콘텐츠부터 IT까지, CJ 채용 라인업 공개🎬💻 | CJ Careers Showcase 3부 미디어·콘텐츠·IT 사업군",https://youtu.be/LebUClEVHm8,2026-09-21,9:00,Longform,21358,48,2
sBT2HB4LayI,2026-09-16,CJ Careers,"We Who Prove It : EP.01 AI 시대, 집요함으로 증명하다 | CJ제일제당 × CJ대한통운",https://youtu.be/sBT2HB4LayI,2026-09-21,9:00,Longform,59558,10,1
PBr5ts2fXVI,2026-09-16,CJ Careers,We Who Prove It : EP.02 고객의 마음을 움직이는 사람들 | CJ프레시웨이 × CJ ENM 커머스부문,https://youtu.be/PBr5ts2fXVI,2026-09-21,9:00,Longform,25771,13,3
FEmsDHwjzEg,2026-09-16,CJ Careers,We Who Prove It : EP.03 미래를 현실로 만드는 사람들 | CJ푸드빌 × CJ CGV,https://youtu.be/FEmsDHwjzEg,2026-09-21,9:00,Longform,45264,12,1
Q6kUdlXaoHg,2026-09-16,CJ Careers,"면접장에서 돌아온 CJ 신입즈, 그날의 면접 이야기💬 | 면접 INSIDE OUT 1부",https://youtu.be/Q6kUdlXaoHg,2026-09-21,9:00,Longform,25639,19,1
fQThx-GE-ac,2026-09-16,CJ Careers,CJ 면접 꿀팁? 합격한 신입즈가 직접 알려드립니다💡 | 면접 INSIDE OUT 2부,https://youtu.be/fQThx-GE-ac,2026-09-21,9:00,Longform,38495,42,1
QXS_6ZvuJsc,2026-09-16,CJ Careers,"LA 곳곳에 CJ가 있다고? 👀 KCON LA부터 올리브영, 비비고까지ㅣ채용담당자 미국 출장 VLOG🌎✈️💼",https://youtu.be/QXS_6ZvuJsc,2026-09-21,9:00,Longform,13118,57,14
TPzbtWJK-VM,2026-09-16,CJ Careers,"1년 후, 저는 CJ ENM 커머스부문 선배가 됐습니다📺✨ | [어느 날, 신입사원에게 7명의 선배가 생겼다?!] EP.09-CJ ENM 커머스부문",https://youtu.be/TPzbtWJK-VM,2026-09-21,9:00,Longform,7402,15,7
pur5tXsIUzw,2026-09-16,CJ Careers,"1년 후, 저는 CJ대한통운 선배가 됐습니다🚚✨ | [어느 날, 신입사원에게 7명의 선배가 생겼다?!] EP.09-CJ대한통운",https://youtu.be/pur5tXsIUzw,2026-09-21,9:00,Longform,10410,11,4
O1saPHiKUzs,2026-09-16,CJ Careers,"1년 후, 저는 CJ올리브네트웍스 선배가 됐습니다💻✨ | [어느 날, 신입사원에게 7명의 선배가 생겼다?!] EP.09-CJ올리브네트웍스",https://youtu.be/O1saPHiKUzs,2026-09-21,9:00,Longform,11090,11,6
0nfWQLUmoDY,2026-09-16,CJ Careers,"1년 후, 저는 CJ올리브영 선배가 됐습니다🫒✨ | [어느 날, 신입사원에게 7명의 선배가 생겼다?!] EP.09-CJ올리브영",https://youtu.be/0nfWQLUmoDY,2026-09-21,9:00,Longform,10769,11,7
3vmgZPhTFnw,2026-09-16,CJ Careers,"1년 후, 저는 CJ 프레시웨이 선배가 됐습니다🍽️✨ | [어느 날, 신입사원에게 7명의 선배가 생겼다?!] EP.09-CJ프레시웨이",https://youtu.be/3vmgZPhTFnw,2026-09-21,9:00,Longform,8368,21,4
7ohYSlJeR8E,2026-09-16,CJ Careers,"1년 후, 저는 CJ ENM 엔터테인먼트부문 선배가 됐습니다🎬✨ | [어느 날, 신입사원에게 7명의 선배가 생겼다?!] EP.09-CJ ENM 엔터테인먼트부문",https://youtu.be/7ohYSlJeR8E,2026-09-21,9:00,Longform,9183,8,6
LkOPxMIoRg0,2026-09-16,CJ Careers,"1년 후, 저는 CJ제일제당 선배가 됐습니다🍚✨ | [어느 날, 신입사원에게 7명의 선배가 생겼다?!] EP.09-CJ제일제당",https://youtu.be/LkOPxMIoRg0,2026-09-21,9:00,Longform,9607,11,5
ff4rPwXukfw,2026-09-16,CJ Careers,"“제가 마음 먹은 건 늘 놓친 적이 없어요.” 🫵🏻 한대통의 마지막 어필 | [어느 날, 신입사원에게 7명의 선배가 생겼다?!] EP.08-한대통",https://youtu.be/ff4rPwXukfw,2026-09-21,9:00,Longform,6376,8,3
lgetsC7mimk,2026-09-16,CJ Careers,CJ제일제당(핵심소재)🧪 신입사원의 합격 자기소개서🎉 | 자소설 낭독회📝,https://youtu.be/lgetsC7mimk,2026-09-21,9:00,Longform,17080,10,0
FiEQjVIAodk,2026-09-16,CJ Careers,"“팀 전체 회의 때보다 떨리네요.” 🫣 김올네의 마지막 어필 | [어느 날, 신입사원에게 7명의 선배가 생겼다?!] EP.08-김올네",https://youtu.be/FiEQjVIAodk,2026-09-21,9:00,Longform,5284,11,2
MsGYxKseM1Q,2026-09-16,CJ Careers,CJ대한통운 건설부문🏗️ 신입사원의 합격 자기소개서🎉 | 자소설 낭독회📝,https://youtu.be/MsGYxKseM1Q,2026-09-21,9:00,Longform,16751,5,0
0nDpcWbJFMw,2026-09-16,CJ Careers,CJ ENM 커머스부문🛍️ 신입사원의 합격 자기소개서🎉 | 자소설 낭독회📝,https://youtu.be/0nDpcWbJFMw,2026-09-21,9:00,Longform,19597,12,1
dZP0qWd5MU4,2026-09-16,CJ Careers,"“나 성해원님이 올리브영 온다고 했잖아? 온리원 이딴 거 안 나왔어.” 🔥 권올영의 마지막 어필 | | [어느 날, 신입사원에게 7명의 선배가 생겼다?!] EP.08-권올영",https://youtu.be/dZP0qWd5MU4,2026-09-21,9:00,Longform,6208,16,2
h0avFODxnqw,2026-09-16,CJ Careers,CJ푸드빌🍰 신입사원의 합격 자기소개서🎉 | 자소설 낭독회📝,https://youtu.be/h0avFODxnqw,2026-09-21,9:00,Longform,17842,13,0
wCFn_AXaouI,2026-09-16,CJ Careers,"“많이 일하고 싶었다. 성해원!” 😂 송프웨의 마지막 어필 | | [어느 날, 신입사원에게 7명의 선배가 생겼다?!] EP.08-송프웨",https://youtu.be/wCFn_AXaouI,2026-09-21,9:00,Longform,6058,25,3
7O8Ju03iyMc,2026-09-16,CJ Careers,"'성해원 세일즈 제안서’가 등장했다?! 💌 이엔엠의 마지막 어필 | | [어느 날, 신입사원에게 7명의 선배가 생겼다?!] EP.08-이엔엠",https://youtu.be/7O8Ju03iyMc,2026-09-21,9:00,Longform,4978,9,1
jOiKkKo7rDI,2026-09-16,CJ Careers,CJ프레시웨이🥗 신입사원의 합격 자기소개서🎉 | 자소설 낭독회📝,https://youtu.be/jOiKkKo7rDI,2026-09-21,9:00,Longform,43094,16,0
F-qpwwSJMpU,2026-09-16,CJ Careers,CJ CGV🎬 신입사원의 합격 자기소개서🎉 | 자소설 낭독회📝,https://youtu.be/F-qpwwSJMpU,2026-09-21,9:00,Longform,15215,8,0
CXb3A0P15rg,2026-09-16,CJ Careers,"“내일 봬요, 후배님” 😉 백제당의 마지막 어필 | [어느 날, 신입사원에게 7명의 선배가 생겼다?!] EP.08-백제당",https://youtu.be/CXb3A0P15rg,2026-09-21,9:00,Longform,5623,13,3
odvNIAbpxl4,2026-09-16,CJ Careers,"웰니스×IT×물류가 만나면? 🫒💻📦 한 명을 위한 CJ 워크샵 | [어느 날, 신입사원에게 7명의 선배가 생겼다?!] EP.07-B팀",https://youtu.be/odvNIAbpxl4,2026-09-21,9:00,Longform,10715,11,5
47RKmwCjg68,2026-09-16,CJ Careers,CJ 4DPLEX🎥 신입사원의 합격 자기소개서🎉 | 자소설 낭독회📝,https://youtu.be/47RKmwCjg68,2026-09-21,9:00,Longform,15455,15,0
9epHB6_B_ps,2026-09-16,CJ Careers,CJ 신입사원의 일상을 들여다봤습니다👀📱 | 신입의 사생활 EP.01 CJ ENM 커머스부문🛍️,https://youtu.be/9epHB6_B_ps,2026-09-21,9:00,Longform,17035,10,0
-W0Enmk54dg,2026-09-16,CJ Careers,"선택 못 받으면 전원 탈락?!🔥 백제당×이엔엠×송프웨의 승부 | [어느 날, 신입사원에게 7명의 선배가 생겼다?!] EP.07-A팀",https://youtu.be/-W0Enmk54dg,2026-09-21,9:00,Longform,5407,15,1
0SYAQfhJqjw,2026-09-16,CJ Careers,CJ 신입사원의 일상을 들여다봤습니다👀📱 | 신입의 사생활 EP.02 CJ푸드빌🍰,https://youtu.be/0SYAQfhJqjw,2026-09-21,9:00,Longform,15612,11,0
EaTwoWAqk1Q,2026-09-16,CJ Careers,"해원의 X는 과연 누구?! 😳 7년 전 두 사람의 인연 공개 | [어느 날, 신입사원에게 7명의 선배가 생겼다?!] EP.06",https://youtu.be/EaTwoWAqk1Q,2026-09-21,9:00,Longform,7780,22,6
UB2b6tf4O6U,2026-09-16,CJ Careers,"인턴 왔더니 바로 생방송 투입?! 📺 CJ ENM 커머스부문 모바일라이브커머스 PD 일일 체험| [어느 날, 신입사원에게 7명의 선배가 생겼다?!] EP.05-온스탈",https://youtu.be/UB2b6tf4O6U,2026-09-21,9:00,Longform,18746,14,1
erloPt0wUzw,2026-09-16,CJ Careers,CJ 신입사원의 일상을 들여다봤습니다👀📱 | 신입의 사생활 EP.03 CJ CGV🎬,https://youtu.be/erloPt0wUzw,2026-09-21,9:00,Longform,16185,10,0
ECet3AagCyo,2026-09-16,CJ Careers,CJ 마케터의 하루는 어떻게 흘러갈까?👀 | 너도? 나도! EP.01 CJ제일제당 × CJ 4DPLEX,https://youtu.be/ECet3AagCyo,2026-09-21,9:00,Shorts,102577,36,0
2LfVGgf2d60,2026-09-16,CJ Careers,"같은 콘텐츠 직무, 하루는 얼마나 다를까?🎬 | 너도? 나도! EP.03 CJ ENM 엔터테인먼트 x 커머스",https://youtu.be/2LfVGgf2d60,2026-09-21,9:00,Shorts,16845,13,0
A8PD8INJCTY,2026-09-16,CJ Careers,"바코드가 안 읽힌다?!🚨 멈춰버린 물류를 살려라 CJ대한통운 물류 AI 엔지니어 인턴 체험 | [어느 날, 신입사원에게 7명의 선배가 생겼다?!] EP.05-한대통",https://youtu.be/A8PD8INJCTY,2026-09-21,9:00,Longform,13041,11,1
S3RrZ9qJP5o,2026-09-16,CJ Careers,IT로 CJ를 움직이는 신입사원의 하루💻 | 너도? 나도! EP.04 CJ올리브영 × CJ올리브네트웍스,https://youtu.be/S3RrZ9qJP5o,2026-09-21,9:00,Longform,17243,16,0
nYmpIV957VA,2026-09-16,CJ Careers,고객과 가장 가까운 곳에서 일하는 하루🤝 | 너도? 나도! EP.05 CJ푸드빌 × CJ프레시웨이,https://youtu.be/nYmpIV957VA,2026-09-21,9:00,Longform,15875,16,0
YmO97MubDsY,2026-09-16,CJ Careers,이건 못 고르겠는데요?🤔 CJ 신입사원들의 밸런스 게임⚖️ | EP.01,https://youtu.be/YmO97MubDsY,2026-09-21,9:00,Longform,14755,7,1
Pd4RemcYgdQ,2026-09-16,CJ Careers,하나만 고르라고요?😵 CJ 신입사원들의 선택은⚖️ | 밸런스 게임 EP.02,https://youtu.be/Pd4RemcYgdQ,2026-09-21,9:00,Longform,14819,5,0
DjQWu0F67_c,2026-09-16,CJ Careers,CJ제일제당 신입사원에게 직접 물어봤습니다🎤 | CJ에 푹 빠졌수다🌊,https://youtu.be/DjQWu0F67_c,2026-09-21,9:00,Longform,14567,7,0
wadkqCdv7uU,2026-09-16,CJ Careers,CJ대한통운 신입사원의 리얼 입사 이야기📦 | CJ에 푹 빠졌수다🌊,https://youtu.be/wadkqCdv7uU,2026-09-21,9:00,Longform,15275,5,0
YoHhcO-rJeo,2026-09-16,CJ Careers,CJ올리브영 신입사원이 직접 말하는 올영 생활💚 | CJ에 푹 빠졌수다🌊,https://youtu.be/YoHhcO-rJeo,2026-09-21,9:00,Longform,15865,15,0
2Y4uT7LQSQU,2026-09-16,CJ Careers,신입사원의 첫 시작을 노래로 담아봤습니다🎶✨ | AI 뮤비뮤비 EP.01,https://youtu.be/2Y4uT7LQSQU,2026-09-21,9:00,Shorts,17077,7,0
orizM0U9U6o,2026-09-16,CJ Careers,"트래픽 폭주를 막아라! 💻 CJ올리브네트웍스 소프트웨어 엔지니어 인턴 첫 미션 | [어느 날, 신입사원에게 7명의 선배가 생겼다?!] EP.05-김올네",https://youtu.be/orizM0U9U6o,2026-09-21,9:00,Longform,15091,13,1
GNpiaJTQhdA,2026-09-16,CJ Careers,"매대 하나 바꿨더니 고객이 멈췄다?! 👀 CJ올리브영 웰니스 MD 인턴 체험 | [어느 날, 신입사원에게 7명의 선배가 생겼다?!] EP.05-권올영",https://youtu.be/GNpiaJTQhdA,2026-09-21,9:00,Longform,19550,19,3
EIYpBJH5C2o,2026-09-16,CJ Careers,"제주에 간 CJ 신입사원, 하루가 뮤비가 됐습니다🎬🌴 | AI 뮤비뮤비 EP.02",https://youtu.be/EIYpBJH5C2o,2026-09-21,9:00,Shorts,18942,15,0
gaagVA_V21o,2026-09-16,CJ Careers,신입사원의 하루가 노래가 된다면?🎧🌴 | AI 뮤비뮤비 EP.03,https://youtu.be/gaagVA_V21o,2026-09-21,9:00,Shorts,15770,7,0
ZRjJOpDyT08,2026-09-16,CJ Careers,"떡볶이+팝콘이 신상품이 된다고?! 🍿🔥 CJ프레시웨이 가공MD 인턴의 첫 미션 | [어느 날, 신입사원에게 7명의 선배가 생겼다?!] EP.05-송프웨",https://youtu.be/ZRjJOpDyT08,2026-09-21,9:00,Longform,15782,29,1
I4wbzbfY-_U,2026-09-16,CJ Careers,"🌍떠나는 글로벌 바이어의 마음을 돌려라 CJ ENM 엔터테인먼트부문 해외 콘텐츠 세일즈 인턴 체험 | [어느 날, 신입사원에게 7명의 선배가 생겼다?!] EP.05-이엔엠",https://youtu.be/I4wbzbfY-_U,2026-09-21,9:00,Longform,21997,18,3
dxNi0LsNfr8,2026-09-16,CJ Careers,"출시 직전 신제품이 폐기 위기?! 😱 CJ제일제당 PM이 해결하는 법 | [어느 날, 신입사원에게 7명의 선배가 생겼다?!] EP.05-백제당",https://youtu.be/dxNi0LsNfr8,2026-09-21,9:00,Longform,15102,17,3
ZlMmKTRu3_0,2026-09-16,CJ Careers,"새로운 CJ대한통운 메기 등장🔥 “제가 마음 먹은 건 놓친 적이 없어요”🚚 | [어느 날, 신입사원에게 7명의 선배가 생겼다?!] EP.04-한대통",https://youtu.be/ZlMmKTRu3_0,2026-09-21,9:00,Longform,44585,12,1
kjqQREznFjg,2026-09-16,CJ Careers,"메기 등장🔥 프레시웨이 독점상품을 만드는 MD가 나를 데리러 왔다?!🍽️ | [어느 날, 신입사원에게 7명의 선배가 생겼다?!] EP.04-송프웨",https://youtu.be/kjqQREznFjg,2026-09-21,9:00,Longform,30591,36,5
xbkvURZGJHg,2026-09-16,CJ Careers,"7명의 선배를 만난 신입사원👀 성해원, 임나영님의 응원 메시지❤️",https://youtu.be/xbkvURZGJHg,2026-09-21,9:00,Shorts,17205,24,1
mylMKIPiITU,2026-09-16,CJ Careers,"“성해원님의 X에게서 편지가 도착했습니다” 💌👀 | [어느 날, 신입사원에게 7명의 선배가 생겼다?!] EP.03",https://youtu.be/mylMKIPiITU,2026-09-21,9:00,Longform,39052,21,8
Ug4cj9TGRoM,2026-09-16,CJ Careers,"취준생 여러분, CJ로 넘어갈게요~📣 미미미누님의 응원 메시지🔥",https://youtu.be/Ug4cj9TGRoM,2026-09-21,9:00,Longform,15922,6,1
001fZv_6Vdk,2026-09-16,CJ Careers,"CJ 올래?(O) 말래?(X), 조진세님이 전하는 특별 배송📦 CJ 지원자 응원이 도착했습니다!",https://youtu.be/001fZv_6Vdk,2026-09-21,9:00,Longform,17253,14,1
kumYzA_BPA4,2026-09-16,CJ Careers,"코딩은 잘하는데 플러팅은 오류남💻⚠️ | [어느 날, 신입사원에게 7명의 선배가 생겼다?!] EP.02-김올네",https://youtu.be/kumYzA_BPA4,2026-09-21,9:00,Longform,13409,31,6
rZ5cMso-fa4,2026-09-16,CJ Careers,중식여신에서 식품 연구원까지🧪 정지선 셰프님이 CJ 지원자를 응원합니다!,https://youtu.be/rZ5cMso-fa4,2026-09-21,9:00,Shorts,16095,11,1
hJUvtyUIPBU,2026-09-16,CJ Careers,"건강도 챙겨주고 취업도 시켜주는 CJ올리브영 선배님?! 🫒👀 | [어느 날, 신입사원에게 7명의 선배가 생겼다?!] EP.02-권올영",https://youtu.be/hJUvtyUIPBU,2026-09-21,9:00,Longform,14071,38,13
289ODQXV_eM,2026-09-16,CJ Careers,"🎬 누워서 드라마 보는 게 스펙이라고요? CJ ENM 엔터테인먼트부문의 플러팅 시작  | [어느 날, 신입사원에게 7명의 선배가 생겼다?!] EP.02-이엔엠",https://youtu.be/289ODQXV_eM,2026-09-21,9:00,Longform,14420,21,2
GeslK-diMCI,2026-09-16,CJ Careers,해외 바이어로 변신한 카니님🌏 CJ 지원자에게 보내는 응원!,https://youtu.be/GeslK-diMCI,2026-09-21,9:00,Longform,16372,11,1
QPTeHNaWgZ4,2026-09-16,CJ Careers,"첫 사옥 데이트 상대는 CJ제일제당 선배님?! 🍚💘 | [어느 날, 신입사원에게 7명의 선배가 생겼다?!] EP.02-백제당",https://youtu.be/QPTeHNaWgZ4,2026-09-21,9:00,Longform,15875,34,1
7Q_grY8R-PM,2026-09-16,CJ Careers,숏드라마를 접수한 헝그리부대🍽️ 이번엔 CJ 지원자 응원하러 왔습니다!,https://youtu.be/7Q_grY8R-PM,2026-09-21,9:00,Shorts,21139,33,2
jvqewl7AGQU,2026-09-16,CJ Careers,쇼호스트 조휘현님의 오늘의 PICK🛍️ 바로 CJ에 도전하는 여러분!,https://youtu.be/jvqewl7AGQU,2026-09-21,9:00,Longform,18106,8,1
usvlFFPwKfg,2026-09-16,CJ Careers,"연애 프로그램인 줄 알았는데… 신입사원 모집이라고요? 👀 | [어느 날, 신입사원에게 7명의 선배가 생겼다?!] EP.01",https://youtu.be/usvlFFPwKfg,2026-09-21,9:00,Longform,37866,167,20
lHqlSgwE0xk,2026-09-15,CJ Careers,CJ ENM 커머스부문 직무 체험 브이로그ㅣ워크온에어 [MD편] (CJ온스타일)ㅣ이중생활 MD를 찾다🎤,https://youtu.be/lHqlSgwE0xk,2026-09-21,9:00,Longform,1417,14,1
rl_rezb42xk,2026-09-15,CJ Careers,CJ ENM 커머스부문 직무 체험 브이로그ㅣ워크온에어 [PD편](CJ온스타일)ㅣPD는 미팅중독자(?)🤫,https://youtu.be/rl_rezb42xk,2026-09-21,9:00,Longform,825,22,7
_UIm2xt8vFw,2026-09-15,CJ Careers,쉿...! 최초 공개할게요🤫ㅣCJ ENM 커머스부문 임직원이 들려주는 CJ온스타일에 입사하면 좋은 점💜,https://youtu.be/_UIm2xt8vFw,2026-09-21,9:00,Shorts,602,19,0
3ln3AZ9gtjA,2026-09-15,CJ Careers,"🤷‍♀️CJ온스타일 MD, PD, 마케터는 어떻게 일할까?👀ㅣCJ ENM 커머스부문 신입사원 셋로그🐣",https://youtu.be/3ln3AZ9gtjA,2026-09-21,9:00,Shorts,1543,24,0
s_TO_PKc8ig,2026-09-14,CJ Careers,"연애하러 왔는데… 취업하라고요?💘 |  [어느 날, 신입사원에게 7명의 선배가 생겼다?!] 메인예고",https://youtu.be/s_TO_PKc8ig,2026-09-21,9:00,Longform,224128,226,36
x4l33qYzxbc,2026-09-21,HD현대,"탄소중립을 향한 결심, GASTECH 2026 출격❗❗ #HD현대 #뉴스 #GASTECH",https://youtu.be/x4l33qYzxbc,2026-09-21,9:00,Longform,62,7,1
BdcSxNWSLK0,2026-09-18,HD현대,세계 1위 선박 엔진이 AI 데이터센터로 간 이유‼️ #AI #발전엔진 #데이터센터 #HD현대 #조선업,https://youtu.be/BdcSxNWSLK0,2026-09-21,9:00,Longform,2605,24,3
stDRQWkZitc,2026-09-11,HD현대,"[ENG sub] HD테크 | 발전엔진 | 바다에서 검증된 선박 발전용 엔진, AI 전력난의 해법이 되다",https://youtu.be/stDRQWkZitc,2026-09-21,9:00,Longform,32165,21,7
rCwgA4hfxvE,2026-09-01,HD현대,큰 일하는 큰 회사에서 큰 사람 모십니다 | 2026년 하반기 HD현대 신입사원 채용,https://youtu.be/rCwgA4hfxvE,2026-09-21,9:00,Shorts,1380594,40,1
B7fw-boQMmc,2026-08-28,HD현대,"팀 K리그팬 vs 맨시티팬, 직장 동료 맞습니다 ⚽️🔥 HD현대 직원들의 2026 쿠팡플레이 시리즈 직관 브이로그 (feat. 피터 빈트)",https://youtu.be/B7fw-boQMmc,2026-09-21,9:00,Longform,7742,25,3
EyO0PYoSHmU,2026-08-21,HD현대,⚽️축구 꿈나무들에게 찾아온 최고의 하루ㅣ드림플레이어 아이들의 특별한 여름방학 ✨ (feat. 팀 K리그 vs 맨시티 경기 직관),https://youtu.be/EyO0PYoSHmU,2026-09-21,9:00,Longform,7062,31,8
m2H15EGD-Y8,2026-08-14,HD현대,"단기 성과보다 10년·20년 뒤를 본다, HD현대 사장단 회의",https://youtu.be/m2H15EGD-Y8,2026-09-21,9:00,Shorts,2885,39,3
3vLi42bNnr4,2026-08-14,HD현대,무더위 싹 날리는 특급 당 충전 | HD현대가 ROTC 후보생 여러분을 응원 합니다.,https://youtu.be/3vLi42bNnr4,2026-09-21,9:00,Longform,13364,23,4
bb_arqi9QA8,2026-08-07,HD현대,태양의 힘을 지상에 구현하는 K-조선,https://youtu.be/bb_arqi9QA8,2026-09-21,9:00,Longform,2282,31,4
HL50qMffEkE,2026-09-21,SK하이닉스 [SK hynix],"SK hynix Hosts ‘2026 Global Forum,’ Sharing Its Technology Vision and Future Strategy for the AI Era",https://youtu.be/HL50qMffEkE,2026-09-21,9:00,Longform,405,2,0
BtrJ1lR2-58,2026-09-21,SK하이닉스 [SK hynix],"SK하이닉스, '2026 글로벌 포럼' 개최… AI 시대 기술 비전과 미래 전략 공유",https://youtu.be/BtrJ1lR2-58,2026-09-21,9:00,Shorts,579,2,0
J0qtMvxqHAI,2026-09-17,SK하이닉스 [SK hynix],SK hynix Presents ‘New Spectrum’ for AI Infrastructure at Joins ‘AI Infra Summit 2026’,https://youtu.be/J0qtMvxqHAI,2026-09-21,9:00,Shorts,2001,4,0
YOE_KQ6cEuo,2026-09-17,SK하이닉스 [SK hynix],"SK하이닉스, 'AI Infra Summit 2026' 참가… AI 인프라의 ‘New Spectrum’ 제시",https://youtu.be/YOE_KQ6cEuo,2026-09-21,9:00,Shorts,1071,3,0
zIyShSUsrRA,2026-09-11,SK하이닉스 [SK hynix],📍SK하이닉스 앰버서더 랩(Lab)ㅣ아이들이 그리는 반도체?,https://youtu.be/zIyShSUsrRA,2026-09-21,9:00,Shorts,2688,1,0
srlHPtzExnM,2026-09-11,SK하이닉스 [SK hynix],"📍SK하이닉스 앰버서더 랩(Lab)ㅣ반도체, 아이들에게 물어봤습니다",https://youtu.be/srlHPtzExnM,2026-09-21,9:00,Longform,7497,16,0
ZRW9lAC4P9s,2026-09-11,SK하이닉스 [SK hynix],📍SK하이닉스 앰버서더 랩(Lab)ㅣ아이들은 반도체에 대해 얼마나 알까?,https://youtu.be/ZRW9lAC4P9s,2026-09-21,9:00,Shorts,1914,4,0
vGezikwh9XE,2026-09-11,SK하이닉스 [SK hynix],📍SK하이닉스 앰버서더 랩(Lab)ㅣ종이 한 장으로 포토 공정 설명하기,https://youtu.be/vGezikwh9XE,2026-09-21,9:00,Longform,1639,6,1
nSsCmBWMW8M,2026-09-11,SK하이닉스 [SK hynix],📍SK하이닉스 앰버서더 랩(Lab)ㅣChip Chat with SK hynix 🎙️💾,https://youtu.be/nSsCmBWMW8M,2026-09-21,9:00,Shorts,1039,13,0
TSCE_NtzdgI,2026-09-09,SK하이닉스 [SK hynix],"Social Value Connect, SOVAC 2026 사전등록 오픈✅",https://youtu.be/TSCE_NtzdgI,2026-09-21,9:00,Shorts,4799,10,0
YULZb6r29IY,2026-09-09,SK하이닉스 [SK hynix],"SK hynix Charts Its Direction at the 2026 Future Forum—""Now Is the Golden Time to Leap Forward""",https://youtu.be/YULZb6r29IY,2026-09-21,9:00,Shorts,1364,1,0
XBli0r_xTMk,2026-09-09,SK하이닉스 [SK hynix],"SK하이닉스, ‘2026 미래포럼’에서 사업 · 기술 방향성 모색 “지금이 도약의 골든 타임”",https://youtu.be/XBli0r_xTMk,2026-09-21,9:00,Shorts,886,5,0
z_HBvATC-VQ,2026-09-07,SK하이닉스 [SK hynix],"[하이피디아 4편 – 양산관리] 팹의 생산 흐름을 조율하는 키, 'TAT' ⏱️",https://youtu.be/z_HBvATC-VQ,2026-09-21,9:00,Longform,2935,23,1
RwGn98VuPDQ,2026-09-07,SK하이닉스 [SK hynix],"거대한 팹의 판을 짜는, 제조 현장의 마스터키 [양산관리] | N잡러2 EP.4",https://youtu.be/RwGn98VuPDQ,2026-09-21,9:00,Longform,12021,90,5
76MGYSH473w,2026-09-07,SK하이닉스 [SK hynix],N잡러2 EP.4 ⭐⭐⭐⭐⭐(중요!) 양산관리 5대 지표,https://youtu.be/76MGYSH473w,2026-09-21,9:00,Shorts,1989,9,1
RelLYadXTeo,2026-09-06,SK하이닉스 [SK hynix],N잡러2 EP.4 양산관리 - 양산관리 직무가 헷갈린다면?! 나무 말고 숲을 보라🔍,https://youtu.be/RelLYadXTeo,2026-09-21,9:00,Shorts,1788,4,0
SCld_4JgNs8,2026-09-06,SK하이닉스 [SK hynix],N잡러2 EP.4 양산관리 - SK하이닉스 잘.알?!💡M16 소개하는 TL(?)님의 정체,https://youtu.be/SCld_4JgNs8,2026-09-21,9:00,Shorts,960,3,0
diyeNEFl-fU,2026-08-29,SK하이닉스 [SK hynix],[Newsroom] SK hynix Indiana fab breaks ground as new hub for US AI innovation,https://youtu.be/diyeNEFl-fU,2026-09-21,9:00,Longform,6804,8,1
KOEXZAr1RwE,2026-08-29,SK하이닉스 [SK hynix],"[뉴스룸] 미국 AI 혁신의 새 거점, SK하이닉스 인디애나 팹 첫 삽 뜨다",https://youtu.be/KOEXZAr1RwE,2026-09-21,9:00,Longform,5796,11,0
Qwacxyjsuas,2026-08-25,SK하이닉스 [SK hynix],SK hynix Presents a Full Lineup of Memory Solutions Optimized for AI Infrastructure at DTF 2026,https://youtu.be/Qwacxyjsuas,2026-09-21,9:00,Shorts,3720,3,0
vBWciubzLqk,2026-08-25,SK하이닉스 [SK hynix],"SK하이닉스, ‘DTF 2026’서 AI 인프라에 최적화된 메모리 설루션 총망라",https://youtu.be/vBWciubzLqk,2026-09-21,9:00,Shorts,1189,13,0
VX0kROtlGos,2026-08-21,SK하이닉스 [SK hynix],[HY-Knowledge EP.3] Physical AI: The Next Revolution After Generative AI | Professor Cho Kyu-jin,https://youtu.be/VX0kROtlGos,2026-09-21,9:00,Longform,2549,9,0
ZynywFcY00I,2026-08-21,SK하이닉스 [SK hynix],[하이널리지 EP3] 생성형 AI 다음 혁명은 '몸'이다: 피지컬 AI가 그리는 미래 | 서울대 기계공학부 조규진 교수,https://youtu.be/ZynywFcY00I,2026-09-21,9:00,Longform,4099,42,6
4wRkjlPR5dk,2026-08-19,SK하이닉스 [SK hynix],"AI 전쟁의 무대는 '칩'에서 '시스템'으로… SK 하이닉스, 네이처 일렉트로닉스 논문으로 '랙·포드·시스템' CPO 상용화 청사진 증명",https://youtu.be/4wRkjlPR5dk,2026-09-21,9:00,Shorts,1162,4,0
AY5g9OZ5adk,2026-08-19,SK하이닉스 [SK hynix],SK hynix’s Technology Roadmap for Co-Packaged Optics Features in “Nature Electronics”,https://youtu.be/AY5g9OZ5adk,2026-09-21,9:00,Longform,1059,6,0
uwIYkbJ4Oww,2026-08-14,SK하이닉스 [SK hynix],📍SK하이닉스 앰버서더 랩(Lab)ㅣ배우 도전 1일차_Feat. HBM4,https://youtu.be/uwIYkbJ4Oww,2026-09-21,9:00,Shorts,1857,2,0
qy5WPz8t7zw,2026-08-14,SK하이닉스 [SK hynix],[미래인재 CLASS] 피지컬 AI '1황' 노리는 대한민국의 무기!,https://youtu.be/qy5WPz8t7zw,2026-09-21,9:00,Shorts,1740,5,0
ywNMIe3NJTw,2026-08-14,SK하이닉스 [SK hynix],[미래인재 CLASS] 피지컬 AI 시대! 아이언맨은 언제쯤..?,https://youtu.be/ywNMIe3NJTw,2026-09-21,9:00,Shorts,1875,4,0
khimRYRUppI,2026-08-14,SK하이닉스 [SK hynix],[미래인재 CLASS] 피지컬 AI와 로봇은 다르다?!,https://youtu.be/khimRYRUppI,2026-09-21,9:00,Shorts,1810,3,0
5by_ktjl6L4,2026-08-14,SK하이닉스 [SK hynix],[미래인재 CLASS] 미래의 AI 경쟁은 이걸로 한다? 지금 우리 피지컬 AI는...,https://youtu.be/5by_ktjl6L4,2026-09-21,9:00,Longform,1663,10,0
FZxiUEY20mo,2026-08-14,SK하이닉스 [SK hynix],📍SK하이닉스 앰버서더 랩(Lab)ㅣ메모리 왁뿌볼,https://youtu.be/FZxiUEY20mo,2026-09-21,9:00,Longform,1597,23,1
70SiKTGN2vY,2026-08-14,SK하이닉스 [SK hynix],📍SK하이닉스 앰버서더 랩(Lab)ㅣHBM 만난 사람들 반응 특징,https://youtu.be/70SiKTGN2vY,2026-09-21,9:00,Shorts,1560,6,0
KS8xGzj36Bk,2026-08-14,SK하이닉스 [SK hynix],[Analyst Interview | AI 메모리의 구조적 성장 속에서 SK하이닉스의 다음 기회를 묻다],https://youtu.be/KS8xGzj36Bk,2026-09-21,9:00,Longform,994,12,6
GRlI5WV4-_k,2026-08-14,SK하이닉스 [SK hynix],[Analyst Interview | Exploring SK hynix's Next Opportunity Amid the Structural Growth of AI Memory],https://youtu.be/GRlI5WV4-_k,2026-09-21,9:00,Longform,222,3,0
mZudyz7vS0g,2026-08-13,SK하이닉스 [SK hynix],📍SK하이닉스 앰버서더 랩(Lab)ㅣ반도체 전공정 10초 만에 암기하는 법,https://youtu.be/mZudyz7vS0g,2026-09-21,9:00,Shorts,1211,12,1
d4vpPrMVbeU,2026-08-13,SK하이닉스 [SK hynix],"📍SK하이닉스 앰버서더 랩(Lab)ㅣ나 이천 큰 손 메모리인데, 이제 계산까지 내가 다 한다",https://youtu.be/d4vpPrMVbeU,2026-09-21,9:00,Shorts,2629,7,0
SIcPIX8TDqg,2026-08-12,SK하이닉스 [SK hynix],📍SK하이닉스 앰버서더 랩(Lab)ㅣSK하이닉스의 AI Era 정복기 (with..하빔이 🐥),https://youtu.be/SIcPIX8TDqg,2026-09-21,9:00,Longform,1453,7,1
V1m1XKCP9ZY,2026-08-12,SK하이닉스 [SK hynix],📍SK하이닉스 앰버서더 랩(Lab)ㅣ 도대체 무슨 소식이길래 다들 이렇게 놀란 걸까요? 👀,https://youtu.be/V1m1XKCP9ZY,2026-09-21,9:00,Shorts,1428,5,0
T7y4m3dJqBE,2026-08-12,SK하이닉스 [SK hynix],📍SK하이닉스 앰버서더 랩(Lab)ㅣSK하이닉스에서 말랑이를 출시했다고?,https://youtu.be/T7y4m3dJqBE,2026-09-21,9:00,Shorts,1207,12,1
-z8z4NC2MmI,2026-08-12,SK하이닉스 [SK hynix],📍SK하이닉스 앰버서더 랩(Lab)ㅣ내 머리 속의 SK하이닉스,https://youtu.be/-z8z4NC2MmI,2026-09-21,9:00,Shorts,1952,9,0
ZPrbBqia6qI,2026-08-12,SK하이닉스 [SK hynix],📍SK하이닉스 앰버서더 랩(Lab)ㅣ갓생러 공대생의 SK하이닉스 뉴스룸 활용 꿀팁! 💡,https://youtu.be/ZPrbBqia6qI,2026-09-21,9:00,Shorts,987,5,0
rMCD4EQyDSo,2026-08-11,SK하이닉스 [SK hynix],"📍SK하이닉스 앰버서더 랩(Lab)ㅣSK하이닉스의 차세대 AI 메모리, HBM4E를 소개합니다",https://youtu.be/rMCD4EQyDSo,2026-09-21,9:00,Shorts,1677,4,0
K9hCZT249yI,2026-08-11,SK하이닉스 [SK hynix],📍SK하이닉스 앰버서더 랩(Lab)ㅣ세상을 바꾼 반도체 회사,https://youtu.be/K9hCZT249yI,2026-09-21,9:00,Shorts,1146,1,0
KLzFYQsKxio,2026-08-11,SK하이닉스 [SK hynix],📍SK하이닉스 앰버서더 랩(Lab)ㅣ반도체 어드벤쳐 2탄,https://youtu.be/KLzFYQsKxio,2026-09-21,9:00,Shorts,568,0,0
3U2EPSuNApw,2026-08-10,SK하이닉스 [SK hynix],📍SK하이닉스 앰버서더 랩(Lab)ㅣ💘 반도체 남자친구 시뮬레이션 💘,https://youtu.be/3U2EPSuNApw,2026-09-21,9:00,Longform,1530,6,0
EVzShH9maH0,2026-08-10,SK하이닉스 [SK hynix],📍SK하이닉스 앰버서더 랩(Lab)ㅣ우리 집 AI는 엄마,https://youtu.be/EVzShH9maH0,2026-09-21,9:00,Shorts,1255,1,0
TEZH45mrbIM,2026-08-10,SK하이닉스 [SK hynix],📍SK하이닉스 앰버서더 랩(Lab)ㅣ반도체 대중화의 숨은 영웅,https://youtu.be/TEZH45mrbIM,2026-09-21,9:00,Longform,1420,4,1
FwS73k-lLZk,2026-08-10,SK하이닉스 [SK hynix],📍SK하이닉스 앰버서더 랩(Lab)ㅣHBM4E의 숨은 기능?!!,https://youtu.be/FwS73k-lLZk,2026-09-21,9:00,Shorts,1205,0,2
iXjLrg_Iu_I,2026-08-07,SK하이닉스 [SK hynix],SK hynix Invests 54 Trillion Won in Yongin Y2 and Cheongju M17,https://youtu.be/iXjLrg_Iu_I,2026-09-21,9:00,Shorts,892,4,1
4SxuClaUILQ,2026-08-07,SK하이닉스 [SK hynix],"SK하이닉스, 용인 Y2 ∙ 청주 M17에 54조 원 투자… AI 시대 메모리 수요 대응 위한 중장기 생산 기반 확보",https://youtu.be/4SxuClaUILQ,2026-09-21,9:00,Shorts,1757,10,0
UgN4bla2N_4,2026-08-07,SK하이닉스 [SK hynix],"AI 시대, 차세대 메모리 아키텍처는?... SK하이닉스, ‘FMS 2026’서 방향성 제시",https://youtu.be/UgN4bla2N_4,2026-09-21,9:00,Shorts,955,1,1
ruDIRzms1QI,2026-08-07,SK하이닉스 [SK hynix],The Next-Generation Memory Architecture in the AI Era? SK hynix Charts the Direction at ‘FMS 2026’,https://youtu.be/ruDIRzms1QI,2026-09-21,9:00,Shorts,590,1,0
dCHDe8UdB-g,2026-08-03,SK하이닉스 [SK hynix],SK hynix Unveils First HBF Standard Specifications with SanDisk,https://youtu.be/dCHDe8UdB-g,2026-09-21,9:00,Shorts,949,3,1
cSH4GT-8n4U,2026-08-03,SK하이닉스 [SK hynix],"SK하이닉스, 샌디스크와 HBF 첫 표준 규격 공개…‘FMS 2026’서 AI 메모리 해법 알린다",https://youtu.be/cSH4GT-8n4U,2026-09-21,9:00,Shorts,2605,13,0
ECcEkqIgFj4,2026-08-03,SK하이닉스 [SK hynix],"[뉴스룸] SK하이닉스, '2026 하인슈타인 올림피아드-AI챌린지&플레이' 개최… AI와 함께 도전하고 즐기다",https://youtu.be/ECcEkqIgFj4,2026-09-21,9:00,Longform,1989,16,3
ZDaPbrJcfjk,2026-09-04,현대자동차 채용,[Team Hyundai Talk Live] 선배사원 Talk,https://youtu.be/ZDaPbrJcfjk,2026-09-21,9:00,Longform,14369,71,2
F6Q5kA8595k,2026-09-04,현대자동차 채용,[Team Hyundai Talk Live] 채용담당자 Talk,https://youtu.be/F6Q5kA8595k,2026-09-21,9:00,Longform,36086,194,9
mk6BzBLUJAY,2026-09-11,LG에너지솔루션 [LG Energy Solution],"[Making Every Possibility] 활성화 공정, 각형 배터리의 품질을 높이는 기술!",https://youtu.be/mk6BzBLUJAY,2026-09-21,9:00,Longform,135773,603,0
zCW4haoyizI,2026-09-02,LG에너지솔루션 [LG Energy Solution],[Empower Cast] LG에너지솔루션의 8월에는 무슨일이 있었을까요? | 2026년 8월 주요 소식,https://youtu.be/zCW4haoyizI,2026-09-21,9:00,Longform,104150,19,0
-NEz4r0uw84,2026-08-14,LG에너지솔루션 [LG Energy Solution],[Powering Everything] 거대한 선박을 배터리로 움직인다? 선박 전동화의 비밀!,https://youtu.be/-NEz4r0uw84,2026-09-21,9:00,Longform,273537,10374,8
VtylzsBa3CE,2026-08-05,LG에너지솔루션 [LG Energy Solution],[Empower Cast] LG에너지솔루션의 7월에는 무슨일이 있었을까요? | 2026년 7월 주요 소식,https://youtu.be/VtylzsBa3CE,2026-09-21,9:00,Longform,107230,10,0
FUV9343n7yc,2026-08-24,LG전자 채용,인턴 없이 HR 직무 합격한 썰,https://youtu.be/FUV9343n7yc,2026-09-21,9:00,Longform,1713,19,0
H59a7dXOHzY,2026-08-24,LG전자 채용,공대생이야? 학점보다 더 중요한 건,https://youtu.be/H59a7dXOHzY,2026-09-21,9:00,Longform,1662,11,0
Xe0ONIAL0Ak,2026-08-24,LG전자 채용,LG전자 구매팀 자소서가 궁금해,https://youtu.be/Xe0ONIAL0Ak,2026-09-21,9:00,Longform,1414,22,0
TQxwFbiPkxc,2026-08-24,LG전자 채용,POV : 전기전자 현직자가 취준생으로 돌아갔다,https://youtu.be/TQxwFbiPkxc,2026-09-21,9:00,Longform,1195,18,6
mwDurt7i3HY,2026-08-24,LG전자 채용,"생산기술 직무, 대학원 필수에요?",https://youtu.be/mwDurt7i3HY,2026-09-21,9:00,Longform,1794,17,4
b98C03aWjn0,2026-08-24,LG전자 채용,전략기획팀 면접? 이렇게 하면 합격이야,https://youtu.be/b98C03aWjn0,2026-09-21,9:00,Longform,755,13,0
o5EoNXJ1Kdw,2026-08-24,LG전자 채용,네? 제가 Finance 체질이라고요?,https://youtu.be/o5EoNXJ1Kdw,2026-09-21,9:00,Longform,783,12,0
chDO_d91TRo,2026-08-24,LG전자 채용,"SCM 취준, 이것부터 준비해",https://youtu.be/chDO_d91TRo,2026-09-21,9:00,Longform,1185,24,1
i-6uUzcAxAQ,2026-08-24,LG전자 채용,생각해보니 품질 직무로 지원하겠습니다,https://youtu.be/i-6uUzcAxAQ,2026-09-21,9:00,Longform,1432,17,1
vblD_qT4PqM,2026-08-24,LG전자 채용,"영업직, 전공과 학점 중요한가요?",https://youtu.be/vblD_qT4PqM,2026-09-21,9:00,Longform,1590,8,0
jC_cQRLWlb4,2026-08-24,LG전자 채용,로봇직무 합격? 채용공고에 답이 있다...,https://youtu.be/jC_cQRLWlb4,2026-09-21,9:00,Longform,674,3,0
5D2uUCCOvUw,2026-08-13,LG전자 채용,여름 방학에 LG전자로 출근 🏃‍➡️💼 | 2026년 하이엘지 토크콘서트 커리어편 현장 스케치,https://youtu.be/5D2uUCCOvUw,2026-09-21,9:00,Longform,779,5,0
R7fXbwTNsKw,2026-09-08,GS건설,이산화탄소로 나프타 생산 상용화,https://youtu.be/R7fXbwTNsKw,2026-09-21,9:00,Shorts,79609,221,0
n7qx6S-7hMA,2026-09-08,GS건설,원유 한 방울 없이 휘발유를 만드는 방법,https://youtu.be/n7qx6S-7hMA,2026-09-21,9:00,Shorts,75986,129,0
mOtOst1Y19w,2026-09-03,GS건설,"""농사는 포기한 땅이었어요"" 버려진 염해 농지가 마을 수익원이 된 이유",https://youtu.be/mOtOst1Y19w,2026-09-21,9:00,Longform,187547,57,5
DaiJ7FgjNrQ,2026-08-31,GS건설,겉만 봐서 모르는 대한민국 0.01% 아파트,https://youtu.be/DaiJ7FgjNrQ,2026-09-21,9:00,Shorts,4229,29,1
aeDtU6me0Ww,2026-08-12,GS건설,"레고 2,647만 배 블록 쌓아 공동주택 짓기",https://youtu.be/aeDtU6me0Ww,2026-09-21,9:00,Shorts,62849,54,4
ujX6yCOjgQw,2026-08-11,GS건설,"비싸도 너무 비싼 기름 값, 답답해서 진짜로 만들었습니다",https://youtu.be/ujX6yCOjgQw,2026-09-21,9:00,Longform,162422,269,52
zopEbeL37rE,2026-09-18,롯데백화점,Conran Space Project : 다이도 모리야마 사진전ㅣ롯데백화점,https://youtu.be/zopEbeL37rE,2026-09-21,9:00,Shorts,896,9,1
_xoShAckHXk,2026-09-16,롯데백화점,직구터뷰 추석 편 | 롯데백화점,https://youtu.be/_xoShAckHXk,2026-09-21,9:00,Longform,16747,111,0
IazR3mCeucw,2026-09-10,롯데백화점,롯데백화점 앰배서더 2기 발대식,https://youtu.be/IazR3mCeucw,2026-09-21,9:00,Shorts,7443,31,0
WB7yGGRaGsc,2026-09-08,롯데백화점,부산본점 디저트 페어ㅣ롯데백화점,https://youtu.be/WB7yGGRaGsc,2026-09-21,9:00,Shorts,7649,37,0
91BTO_fGCHc,2026-09-08,롯데백화점,돌체앤가바나 부산본점 오픈ㅣ롯데백화점,https://youtu.be/91BTO_fGCHc,2026-09-21,9:00,Shorts,6487,27,0
s4MN16_DWxE,2026-09-04,롯데백화점,직구터뷰 패션위크 편 | 롯데백화점,https://youtu.be/s4MN16_DWxE,2026-09-21,9:00,Longform,22143,59,1
UkYF7ZlRWRg,2026-09-04,롯데백화점,2027 S/S 서울패션위크ㅣ롯데백화점,https://youtu.be/UkYF7ZlRWRg,2026-09-21,9:00,Shorts,8179,31,0
8tA-neW2As8,2026-09-04,롯데백화점,추석 즐기는 5가지 방법ㅣ롯데백화점,https://youtu.be/8tA-neW2As8,2026-09-21,9:00,Shorts,5606,9,0
h07GsAac7jo,2026-09-03,롯데백화점,2926 추석마중 와인ㅣ롯데백화점,https://youtu.be/h07GsAac7jo,2026-09-21,9:00,Longform,12926,10,0
LicCa_o-4I4,2026-09-03,롯데백화점,2026 추석마중 신선ㅣ롯데백화점,https://youtu.be/LicCa_o-4I4,2026-09-21,9:00,Longform,14907,6,0
jBMwgtMAPQE,2026-09-03,롯데백화점,2026 추석마중 그로서리ㅣ롯데백화점,https://youtu.be/jBMwgtMAPQE,2026-09-21,9:00,Shorts,16411,8,0
vVIQ2o2Tf60,2026-09-02,롯데백화점,월간미식ㅣep.6 후추,https://youtu.be/vVIQ2o2Tf60,2026-09-21,9:00,Shorts,26136,66,0
dRzrbheJKKc,2026-09-02,롯데백화점,에비뉴엘 잠실점 김해김 팝업ㅣ롯데백화점,https://youtu.be/dRzrbheJKKc,2026-09-21,9:00,Shorts,5968,5,0
e-J9bRIrDW0,2026-09-02,롯데백화점,심문섭X프리마크아비ㅣ롯데백화점,https://youtu.be/e-J9bRIrDW0,2026-09-21,9:00,Shorts,5794,9,0
tSajZggeCMM,2026-09-01,롯데백화점,𝟐𝟎𝟐𝟔 𝐒𝐓𝐘𝐋𝐄 𝐑𝐔𝐍 𝐖𝐈𝐓𝐇 𝐙𝐀𝐑𝐀 𝐀𝐓𝐇𝐋𝐄𝐓𝐈𝐂𝐙,https://youtu.be/tSajZggeCMM,2026-09-21,9:00,Shorts,5030,7,0
rvyneN5W5V8,2026-08-28,롯데백화점,롯데 패션 위크ㅣ롯데백화점,https://youtu.be/rvyneN5W5V8,2026-09-21,9:00,Shorts,21615,40,0
OznSUBKm9So,2026-08-27,롯데백화점,"누구에게나, 유토피아ㅣ롯데백화점",https://youtu.be/OznSUBKm9So,2026-09-21,9:00,Shorts,5635,10,0
qlcArdFT2wk,2026-08-25,롯데백화점,두오모 라이팅 잠실점 오픈ㅣ롯데백화점,https://youtu.be/qlcArdFT2wk,2026-09-21,9:00,Shorts,5330,5,0
jC_8IoXtR54,2026-08-24,롯데백화점,2027 서울패션위크 티저ㅣ롯데백화점,https://youtu.be/jC_8IoXtR54,2026-09-21,9:00,Shorts,6475,6,0
D28Jjxl2Aq4,2026-08-21,롯데백화점,MOVE MOVE MOVE,https://youtu.be/D28Jjxl2Aq4,2026-09-21,9:00,Shorts,4551,5,0
J1uRyXD5e8c,2026-08-20,롯데백화점,2026 스타일런 티저ㅣ롯데백화점,https://youtu.be/J1uRyXD5e8c,2026-09-21,9:00,Shorts,5519,8,0
EGkzgDw4beI,2026-08-16,롯데백화점,포켓몬 별빛낙원ㅣLOTTE TOWN Summer Market,https://youtu.be/EGkzgDw4beI,2026-09-21,9:00,Shorts,10516,16,0
kaAshOyfV88,2026-08-14,롯데백화점,"나를 믿어준 롯데, 그 믿음이 만든 이야기",https://youtu.be/kaAshOyfV88,2026-09-21,9:00,Longform,112,4,0
u0mwDElUwho,2026-08-14,롯데백화점,랑콤 팝업ㅣ롯데백화점,https://youtu.be/u0mwDElUwho,2026-09-21,9:00,Shorts,5468,8,0
GqKmWzPPnvM,2026-08-11,롯데백화점,월간미식ㅣep.5 옥수수,https://youtu.be/GqKmWzPPnvM,2026-09-21,9:00,Longform,31001,50,0
XwKBsIFmL2A,2026-08-05,롯데백화점,노원점 그랜드 오픈ㅣ롯데백화점,https://youtu.be/XwKBsIFmL2A,2026-09-21,9:00,Shorts,8771,27,1
C5LidzvAgMI,2026-08-03,롯데백화점,포터리 본점 오픈ㅣ롯데백화점,https://youtu.be/C5LidzvAgMI,2026-09-21,9:00,Shorts,5798,6,0
-NxnGkI-pyo,2026-09-02,삼성중공업,[Samsung Heavy Industries Brand Film] Drawing a New Line to Set a New Standard,https://youtu.be/-NxnGkI-pyo,2026-09-21,9:00,Longform,1014,9,0
4eAk16TZuho,2026-09-02,삼성중공업,[삼성중공업 홍보영상] 세상의 기준이 되는 선(船)을 그리다,https://youtu.be/4eAk16TZuho,2026-09-21,9:00,Longform,1843,17,0
A8g7kuMQeKs,2026-08-26,삼성중공업,"""애사비부터 해바라기까지, 삼성중공업 프로 가방 털기""",https://youtu.be/A8g7kuMQeKs,2026-09-21,9:00,Longform,1401,29,18
rtvSwFzu1UE,2026-08-26,삼성중공업,삼성중공업 캡슐뽑기 직터뷰!,https://youtu.be/rtvSwFzu1UE,2026-09-21,9:00,Longform,1259,13,0
PH9TbyA0kdM,2026-08-26,삼성중공업,삼성중공업 부산 R&D 센터 완전 정복!,https://youtu.be/PH9TbyA0kdM,2026-09-21,9:00,Longform,1142,106,5
mOBLipDBmQM,2026-08-13,삼성중공업,안녕하세요삼성중공업입니다잘부탁드립니다 ㅣ 삼성중공업 신입사원 입문교육✏️,https://youtu.be/mOBLipDBmQM,2026-09-21,9:00,Longform,6716,67,10
v7dIDkFUJsw,2026-09-21,한화오션,한화오션에서 만나 부부가 됐습니다 🧡,https://youtu.be/v7dIDkFUJsw,2026-09-21,9:00,Shorts,489,4,0
A-nmmKjYZY0,2026-09-19,한화오션,내 전공은 한화오션에서 어디로 이어질까? 🧑‍🏫,https://youtu.be/A-nmmKjYZY0,2026-09-21,9:00,Shorts,1502,10,0
lMaBMhskScg,2026-09-18,한화오션,퇴근하면 바다가 있는 생활 🌊,https://youtu.be/lMaBMhskScg,2026-09-21,9:00,Shorts,1852,14,0
FZMsOQvgfPg,2026-09-18,한화오션,World's First LNG Carrier with WINGS! The Wind Challenger Is Here,https://youtu.be/FZMsOQvgfPg,2026-09-21,9:00,Longform,2151,38,3
vtBUEXYMHtw,2026-09-14,한화오션,한화오션 피플로그ㅣ내 전공이 바다를 만난다면?,https://youtu.be/vtBUEXYMHtw,2026-09-21,9:00,Longform,8294,41,4
4C3rlv9o940,2026-08-21,한화오션,20층 아파트만한 돛을 달았더니 바람은 멘탈이 나가버렸습니다. 환장할 노릇이죠. 돛을 단 한화오션LNG선 대항해시대,https://youtu.be/4C3rlv9o940,2026-09-21,9:00,Longform,523803,3539,472
THps7qnm8cw,2026-09-21,한화손보,"여성을 위한 현실밀착형 보험, 시그니처 여성건강보험",https://youtu.be/THps7qnm8cw,2026-09-21,9:00,Longform,169,10,1
FgfMVDTrl_Q,2026-08-25,한화손보,"어린이보험, 아프기 전 건강관리도 가능할까요?｜검사부터 미리 살피는 한화 건강쑥쑥 어린이보험(무)2608",https://youtu.be/FgfMVDTrl_Q,2026-09-21,9:00,Shorts,2522464,5,1
ScF4MCor9Xw,2026-08-25,한화손보,"어린이보험, 어떤 보장을 준비해야 할까요?｜질병부터 생활 속 사고까지 한화 건강쑥쑥 어린이보험(무)2608",https://youtu.be/ScF4MCor9Xw,2026-09-21,9:00,Shorts,253,2,0
4a47E_Gh1J0,2026-08-25,한화손보,"치매보험, 치료비와 간병비 어떻게 준비할까요?｜한화치매간병보험(무) 핵심 보장 4가지",https://youtu.be/4a47E_Gh1J0,2026-09-21,9:00,Shorts,316,2,0
aAkQ61rlDNw,2026-08-20,한화손보,"집 보험, 32대 가전제품 고장부터 급배수시설 누출까지 | 한화 홈앤라이프 종합보험(무)",https://youtu.be/aAkQ61rlDNw,2026-09-21,9:00,Shorts,2623,61,0
7BWkEG4TO8c,2026-08-20,한화손보,"여성의 현실 가까이, 임신과 출산 그 안의 고민까지 | 한화 시그니처 여성 건강보험4.0",https://youtu.be/7BWkEG4TO8c,2026-09-21,9:00,Shorts,111337,15,9
ZiwX_U3gxa0,2026-08-20,한화손보,"여성의 현실 가까이, 여성암 진단 이후의 치료까지 | 한화 시그니처 여성 건강보험4.0",https://youtu.be/ZiwX_U3gxa0,2026-09-21,9:00,Shorts,92148,7,2
86UadVNH5T8,2026-08-20,한화손보,"여성의 현실 가까이, 갱년기 그 이후의 건강까지 | 한화 시그니처 여성 건강보험4.0",https://youtu.be/86UadVNH5T8,2026-09-21,9:00,Shorts,113797,8,4
8_47huSPGkM,2026-08-20,한화손보,"여성의 현실 가까이, 임신과 출산 그 안의 고민까지 | 한화 시그니처 여성 건강보험4.0",https://youtu.be/8_47huSPGkM,2026-09-21,9:00,Shorts,3898090,60,81
f9HrrBUNuXw,2026-08-20,한화손보,"여성의 현실 가까이, 여성암 진단 이후의 치료까지 | 한화 시그니처 여성 건강보험4.0",https://youtu.be/f9HrrBUNuXw,2026-09-21,9:00,Shorts,4598525,62,48
7UjWjujIdNs,2026-08-20,한화손보,"여성의 현실 가까이, 갱년기 그 이후의 건강까지 | 한화 시그니처 여성 건강보험4.0",https://youtu.be/7UjWjujIdNs,2026-09-21,9:00,Shorts,4755905,84,70
HUXzxjcYupg,2026-08-14,한화손보,"우리 집 화재부터 질병·상해까지, 어떻게 대비할까? | 한화 홈앤라이프 종합보험(무)",https://youtu.be/HUXzxjcYupg,2026-09-21,9:00,Shorts,1350,28,0
GLTf-CqyxN0,2026-08-07,한화손보,아이 보험 갈아타기 고민이라면 | 한화 더건강한 0540 (만 5세~40세),https://youtu.be/GLTf-CqyxN0,2026-09-21,9:00,Longform,1032,13,0
2_lvj3nsjgQ,2026-08-04,한화손보,한화 시그니처 여성건강보험4.0 배타적사용권(5종) 안내,https://youtu.be/2_lvj3nsjgQ,2026-09-21,9:00,Shorts,1372,12,0
Wwz-vpgTV00,2026-09-18,CJ Careers,CJ제일제당에 끌리는 3가지 이유 | CJ Careers Showcase 1부 식품·식품서비스 사업군🍽️,https://youtu.be/Wwz-vpgTV00,2026-09-22,9:00,Shorts,28173,11,0
aBB_BSlA5sY,2026-09-18,CJ Careers,CJ푸드빌의 빵터지는 매력포인트.ZIP | CJ Careers Showcase 1부 식품·식품서비스 사업군🍽️,https://youtu.be/aBB_BSlA5sY,2026-09-22,9:00,Shorts,30352,10,0
Bvuhq1chbSM,2026-09-18,CJ Careers,"우리 이미 만난 적 있어요, CJ프레시웨이 | CJ Careers Showcase 1부 식품·식품서비스 사업군🍽️",https://youtu.be/Bvuhq1chbSM,2026-09-22,9:00,Longform,28413,13,0
58u-h0v6V0o,2026-09-18,CJ Careers,"내 택배 뒤엔, 데이터가 있다! | CJ Careers Showcase 2부 물류·신유통·인프라 사업군📦",https://youtu.be/58u-h0v6V0o,2026-09-22,9:00,Shorts,30577,9,0
1Pl6-Pwr19I,2026-09-18,CJ Careers,건물만 짓는 줄 알았죠? 커리어도 짓습니다! | CJ Careers Showcase 2부 물류·신유통·인프라 사업군📦,https://youtu.be/1Pl6-Pwr19I,2026-09-22,9:00,Shorts,30009,14,0
yqOWDvzq3co,2026-09-18,CJ Careers,"CJ올리브영, 어디까지 커지는 거예요? | CJ Careers Showcase 2부 물류·신유통·인프라 사업군📦",https://youtu.be/yqOWDvzq3co,2026-09-22,9:00,Shorts,33067,23,0
e5HYbxYu6As,2026-09-18,CJ Careers,채용담당자가 지원 꿀팁까지 알려준다고?! | CJ Careers Showcase 2부 물류·신유통·인프라 사업군📦,https://youtu.be/e5HYbxYu6As,2026-09-22,9:00,Shorts,27618,9,0
lkcep1rNRgM,2026-09-18,CJ Careers,"내가 만든 콘텐츠가, 전세계로?  | CJ Careers Showcase 3부 미디어·콘텐츠·IT 사업군",https://youtu.be/lkcep1rNRgM,2026-09-22,9:00,Shorts,32403,17,0
N-TBqCzfpSk,2026-09-18,CJ Careers,CJ CGV 취업하면 무슨일을 할까?  | CJ Careers Showcase 3부 미디어·콘텐츠·IT 사업군🎬💻,https://youtu.be/N-TBqCzfpSk,2026-09-22,9:00,Longform,28386,13,0
SF6CcEPbONY,2026-09-18,CJ Careers,"4DPLEX=4DX?, 그게 다가 아닙니다!  | CJ Careers Showcase 3부 미디어·콘텐츠·IT 사업군🎬💻",https://youtu.be/SF6CcEPbONY,2026-09-22,9:00,Shorts,27618,9,0
jWVEfmUnsc8,2026-09-18,CJ Careers,"IT직무인데, 산업 경험은 N개?!  | CJ Careers Showcase 3부 미디어·콘텐츠·IT 사업군🎬💻",https://youtu.be/jWVEfmUnsc8,2026-09-22,9:00,Shorts,31775,6,0
EyEEYcwiefk,2026-09-17,CJ Careers,물류산업에 AI를 더하려면 가장 먼저 필요한 것은? l We Who Prove It #CJ대한통운,https://youtu.be/EyEEYcwiefk,2026-09-22,9:00,Shorts,5613,5,0
0khjcyonRQk,2026-09-17,CJ Careers,단 하나의 질문이 만든 나의 Career High l We Who Prove It #CJ대한통운,https://youtu.be/0khjcyonRQk,2026-09-22,9:00,Shorts,7225,4,0
dwy_M82AKM8,2026-09-17,CJ Careers,"CJ제일제당+AI기술, 우리에게 필요한 역량은? l We Who Prove It #CJ제일제당",https://youtu.be/dwy_M82AKM8,2026-09-22,9:00,Shorts,7181,6,0
waWFwPr3Xro,2026-09-17,CJ Careers,균주 연구하던 내가 AI 개발에 나선 이유! l We Who Prove It #CJ제일제당,https://youtu.be/waWFwPr3Xro,2026-09-22,9:00,Shorts,7601,3,0
KvFine98XPQ,2026-09-17,CJ Careers,유튜브 프리미엄 안 쓴다고?! 커머스 PD의 트렌드 읽는 법 l We Who Prove It #CJENM커머스 #CJ온스타일,https://youtu.be/KvFine98XPQ,2026-09-22,9:00,Shorts,7758,7,0
bayhnkkgPUI,2026-09-17,CJ Careers,"신입 커머스 PD, 현실의 벽은 높았다?! l We Who Prove It #CJENM커머스 #CJ온스타일",https://youtu.be/bayhnkkgPUI,2026-09-22,9:00,Shorts,7597,6,0
JcMc1iMIEjA,2026-09-17,CJ Careers,"반드시 결과로, 성과로 증명한 빛나는 순간 l We Who Prove It #CJ프레시웨이",https://youtu.be/JcMc1iMIEjA,2026-09-22,9:00,Shorts,7828,6,0
BevrLYDguJI,2026-09-17,CJ Careers,어서와 신입은 처음이지? 아찔했던 주문 실수 SSUL l We Who Prove It #CJ프레시웨이,https://youtu.be/BevrLYDguJI,2026-09-22,9:00,Shorts,7911,3,0
7_g0jjN3MEU,2026-09-17,CJ Careers,CGV 컨세션사업 기확자로의 성장 모먼트 BEST 3 l We Who Prove It #CGV #CJCGV,https://youtu.be/7_g0jjN3MEU,2026-09-22,9:00,Shorts,7579,7,0
xR7Psk7ir5k,2026-09-17,CJ Careers,컨세션사업 기획자에게 반드시 필요한 역량은? l We Who Prove It #CGV #CJCGV,https://youtu.be/xR7Psk7ir5k,2026-09-22,9:00,Shorts,7327,3,0
8lPItKNTC1k,2026-09-17,CJ Careers,CJ푸드빌 전략 기획자로의 성장 모먼트 BEST 3 l We Who Prove It #CJ푸드빌,https://youtu.be/8lPItKNTC1k,2026-09-22,9:00,Shorts,7757,4,0
393vq03OlPY,2026-09-17,CJ Careers,회사 전략 세우는 기획자가 평소 가장 많이 하는 말은? l We Who Prove It #CJ푸드빌,https://youtu.be/393vq03OlPY,2026-09-22,9:00,Shorts,8319,5,0
KPYQQSOlJDk,2026-09-17,CJ Careers,"면접관의 고난이도 질문, CJ 신입즈의 답변은?💡| 면접 INSIDE OUT 1부",https://youtu.be/KPYQQSOlJDk,2026-09-22,9:00,Shorts,8875,10,0
sYv8FfBLd9U,2026-09-17,CJ Careers,면접 필살기 없이도 합격할 수 있었던 이유🤔 | 면접 INSIDE OUT 1부,https://youtu.be/sYv8FfBLd9U,2026-09-22,9:00,Shorts,8609,5,0
hLRlLzE2z2I,2026-09-17,CJ Careers,시켜줘 CJ제일제당 명예홍보대사👏🏻ㅣ면접 INSIDE OUT 1부,https://youtu.be/hLRlLzE2z2I,2026-09-22,9:00,Longform,7603,4,0
ycoRyzGWDnk,2026-09-17,CJ Careers,면접을 대하는 CJ 신입이들의 자세🔥ㅣ면접 INSIDE OUT 2부,https://youtu.be/ycoRyzGWDnk,2026-09-22,9:00,Shorts,8350,3,0
5ejOzX2isM8,2026-09-17,CJ Careers,"기적 같은 합격, 다음은 당신 차례!🙏🏻ㅣ면접 INSIDE OUT 2부",https://youtu.be/5ejOzX2isM8,2026-09-22,9:00,Shorts,7403,3,0
rAWO8r9BquU,2026-09-17,CJ Careers,여러분들은 이미 100점짜리 지원자!💯면접 INSIDE OUT 2부,https://youtu.be/rAWO8r9BquU,2026-09-22,9:00,Shorts,8197,7,0
nqfOnp9zzHc,2026-09-17,CJ Careers,2026 KCON LA 직접 가봤습니다!🎤ㅣ채용담당자의 미국 출장 VLOG💛,https://youtu.be/nqfOnp9zzHc,2026-09-22,9:00,Longform,8094,7,0
r6Vf1EebRV4,2026-09-17,CJ Careers,미국에서 CJ 찾기 이렇게 쉽다고요?! 👀ㅣ채용담당자의 미국 출장 VLOG💛,https://youtu.be/r6Vf1EebRV4,2026-09-22,9:00,Longform,8554,8,0
V44QyDGgd2M,2026-09-16,CJ Careers,"같은 듯 다른, 사업의 최전선에서 일하는 하루👀 | 너도? 나도! EP.02 CJ대한통운",https://youtu.be/V44QyDGgd2M,2026-09-22,9:00,Longform,17590,9,0
OM-xtyfpkr8,2026-09-16,CJ Careers,"CJ 채용 정보, 알차게 배송해드립니다📦 | CJ Careers Showcase 2부 물류·신유통·인프라 사업군",https://youtu.be/OM-xtyfpkr8,2026-09-22,9:00,Longform,18796,23,2
catw3C1IRKs,2026-09-16,CJ Careers,"CJ 채용 정보, 맛있게 준비했습니다🍽️ | CJ Careers Showcase 1부 식품·식품서비스 사업군",https://youtu.be/catw3C1IRKs,2026-09-22,9:00,Longform,23829,50,2
LebUClEVHm8,2026-09-16,CJ Careers,"콘텐츠부터 IT까지, CJ 채용 라인업 공개🎬💻 | CJ Careers Showcase 3부 미디어·콘텐츠·IT 사업군",https://youtu.be/LebUClEVHm8,2026-09-22,9:00,Longform,23670,52,3
sBT2HB4LayI,2026-09-16,CJ Careers,"We Who Prove It : EP.01 AI 시대, 집요함으로 증명하다 | CJ제일제당 × CJ대한통운",https://youtu.be/sBT2HB4LayI,2026-09-22,9:00,Longform,67939,10,2
PBr5ts2fXVI,2026-09-16,CJ Careers,We Who Prove It : EP.02 고객의 마음을 움직이는 사람들 | CJ프레시웨이 × CJ ENM 커머스부문,https://youtu.be/PBr5ts2fXVI,2026-09-22,9:00,Longform,30235,14,3
FEmsDHwjzEg,2026-09-16,CJ Careers,We Who Prove It : EP.03 미래를 현실로 만드는 사람들 | CJ푸드빌 × CJ CGV,https://youtu.be/FEmsDHwjzEg,2026-09-22,9:00,Longform,50807,14,1
Q6kUdlXaoHg,2026-09-16,CJ Careers,"면접장에서 돌아온 CJ 신입즈, 그날의 면접 이야기💬 | 면접 INSIDE OUT 1부",https://youtu.be/Q6kUdlXaoHg,2026-09-22,9:00,Longform,28793,21,1
fQThx-GE-ac,2026-09-16,CJ Careers,CJ 면접 꿀팁? 합격한 신입즈가 직접 알려드립니다💡 | 면접 INSIDE OUT 2부,https://youtu.be/fQThx-GE-ac,2026-09-22,9:00,Longform,42436,46,1
QXS_6ZvuJsc,2026-09-16,CJ Careers,"LA 곳곳에 CJ가 있다고? 👀 KCON LA부터 올리브영, 비비고까지ㅣ채용담당자 미국 출장 VLOG🌎✈️💼",https://youtu.be/QXS_6ZvuJsc,2026-09-22,9:00,Longform,14484,59,15
TPzbtWJK-VM,2026-09-16,CJ Careers,"1년 후, 저는 CJ ENM 커머스부문 선배가 됐습니다📺✨ | [어느 날, 신입사원에게 7명의 선배가 생겼다?!] EP.09-CJ ENM 커머스부문",https://youtu.be/TPzbtWJK-VM,2026-09-22,9:00,Longform,8110,16,7
pur5tXsIUzw,2026-09-16,CJ Careers,"1년 후, 저는 CJ대한통운 선배가 됐습니다🚚✨ | [어느 날, 신입사원에게 7명의 선배가 생겼다?!] EP.09-CJ대한통운",https://youtu.be/pur5tXsIUzw,2026-09-22,9:00,Longform,11899,11,4
O1saPHiKUzs,2026-09-16,CJ Careers,"1년 후, 저는 CJ올리브네트웍스 선배가 됐습니다💻✨ | [어느 날, 신입사원에게 7명의 선배가 생겼다?!] EP.09-CJ올리브네트웍스",https://youtu.be/O1saPHiKUzs,2026-09-22,9:00,Longform,12680,11,6
0nfWQLUmoDY,2026-09-16,CJ Careers,"1년 후, 저는 CJ올리브영 선배가 됐습니다🫒✨ | [어느 날, 신입사원에게 7명의 선배가 생겼다?!] EP.09-CJ올리브영",https://youtu.be/0nfWQLUmoDY,2026-09-22,9:00,Longform,11971,11,7
3vmgZPhTFnw,2026-09-16,CJ Careers,"1년 후, 저는 CJ 프레시웨이 선배가 됐습니다🍽️✨ | [어느 날, 신입사원에게 7명의 선배가 생겼다?!] EP.09-CJ프레시웨이",https://youtu.be/3vmgZPhTFnw,2026-09-22,9:00,Longform,9334,21,4
7ohYSlJeR8E,2026-09-16,CJ Careers,"1년 후, 저는 CJ ENM 엔터테인먼트부문 선배가 됐습니다🎬✨ | [어느 날, 신입사원에게 7명의 선배가 생겼다?!] EP.09-CJ ENM 엔터테인먼트부문",https://youtu.be/7ohYSlJeR8E,2026-09-22,9:00,Longform,10157,8,6
LkOPxMIoRg0,2026-09-16,CJ Careers,"1년 후, 저는 CJ제일제당 선배가 됐습니다🍚✨ | [어느 날, 신입사원에게 7명의 선배가 생겼다?!] EP.09-CJ제일제당",https://youtu.be/LkOPxMIoRg0,2026-09-22,9:00,Longform,11184,11,5
ff4rPwXukfw,2026-09-16,CJ Careers,"“제가 마음 먹은 건 늘 놓친 적이 없어요.” 🫵🏻 한대통의 마지막 어필 | [어느 날, 신입사원에게 7명의 선배가 생겼다?!] EP.08-한대통",https://youtu.be/ff4rPwXukfw,2026-09-22,9:00,Longform,7427,8,3
lgetsC7mimk,2026-09-16,CJ Careers,CJ제일제당(핵심소재)🧪 신입사원의 합격 자기소개서🎉 | 자소설 낭독회📝,https://youtu.be/lgetsC7mimk,2026-09-22,9:00,Longform,18507,10,0
FiEQjVIAodk,2026-09-16,CJ Careers,"“팀 전체 회의 때보다 떨리네요.” 🫣 김올네의 마지막 어필 | [어느 날, 신입사원에게 7명의 선배가 생겼다?!] EP.08-김올네",https://youtu.be/FiEQjVIAodk,2026-09-22,9:00,Longform,6318,11,2
MsGYxKseM1Q,2026-09-16,CJ Careers,CJ대한통운 건설부문🏗️ 신입사원의 합격 자기소개서🎉 | 자소설 낭독회📝,https://youtu.be/MsGYxKseM1Q,2026-09-22,9:00,Longform,18618,6,0
0nDpcWbJFMw,2026-09-16,CJ Careers,CJ ENM 커머스부문🛍️ 신입사원의 합격 자기소개서🎉 | 자소설 낭독회📝,https://youtu.be/0nDpcWbJFMw,2026-09-22,9:00,Longform,21040,13,1
dZP0qWd5MU4,2026-09-16,CJ Careers,"“나 성해원님이 올리브영 온다고 했잖아? 온리원 이딴 거 안 나왔어.” 🔥 권올영의 마지막 어필 | | [어느 날, 신입사원에게 7명의 선배가 생겼다?!] EP.08-권올영",https://youtu.be/dZP0qWd5MU4,2026-09-22,9:00,Longform,7625,16,2
h0avFODxnqw,2026-09-16,CJ Careers,CJ푸드빌🍰 신입사원의 합격 자기소개서🎉 | 자소설 낭독회📝,https://youtu.be/h0avFODxnqw,2026-09-22,9:00,Longform,19097,15,0
wCFn_AXaouI,2026-09-16,CJ Careers,"“많이 일하고 싶었다. 성해원!” 😂 송프웨의 마지막 어필 | | [어느 날, 신입사원에게 7명의 선배가 생겼다?!] EP.08-송프웨",https://youtu.be/wCFn_AXaouI,2026-09-22,9:00,Longform,6851,25,3
7O8Ju03iyMc,2026-09-16,CJ Careers,"'성해원 세일즈 제안서’가 등장했다?! 💌 이엔엠의 마지막 어필 | | [어느 날, 신입사원에게 7명의 선배가 생겼다?!] EP.08-이엔엠",https://youtu.be/7O8Ju03iyMc,2026-09-22,9:00,Longform,5800,9,1
jOiKkKo7rDI,2026-09-16,CJ Careers,CJ프레시웨이🥗 신입사원의 합격 자기소개서🎉 | 자소설 낭독회📝,https://youtu.be/jOiKkKo7rDI,2026-09-22,9:00,Longform,51043,17,0
F-qpwwSJMpU,2026-09-16,CJ Careers,CJ CGV🎬 신입사원의 합격 자기소개서🎉 | 자소설 낭독회📝,https://youtu.be/F-qpwwSJMpU,2026-09-22,9:00,Longform,16428,8,0
CXb3A0P15rg,2026-09-16,CJ Careers,"“내일 봬요, 후배님” 😉 백제당의 마지막 어필 | [어느 날, 신입사원에게 7명의 선배가 생겼다?!] EP.08-백제당",https://youtu.be/CXb3A0P15rg,2026-09-22,9:00,Longform,6686,13,3
odvNIAbpxl4,2026-09-16,CJ Careers,"웰니스×IT×물류가 만나면? 🫒💻📦 한 명을 위한 CJ 워크샵 | [어느 날, 신입사원에게 7명의 선배가 생겼다?!] EP.07-B팀",https://youtu.be/odvNIAbpxl4,2026-09-22,9:00,Longform,11967,11,5
47RKmwCjg68,2026-09-16,CJ Careers,CJ 4DPLEX🎥 신입사원의 합격 자기소개서🎉 | 자소설 낭독회📝,https://youtu.be/47RKmwCjg68,2026-09-22,9:00,Longform,16508,16,0
9epHB6_B_ps,2026-09-16,CJ Careers,CJ 신입사원의 일상을 들여다봤습니다👀📱 | 신입의 사생활 EP.01 CJ ENM 커머스부문🛍️,https://youtu.be/9epHB6_B_ps,2026-09-22,9:00,Longform,18466,10,0
-W0Enmk54dg,2026-09-16,CJ Careers,"선택 못 받으면 전원 탈락?!🔥 백제당×이엔엠×송프웨의 승부 | [어느 날, 신입사원에게 7명의 선배가 생겼다?!] EP.07-A팀",https://youtu.be/-W0Enmk54dg,2026-09-22,9:00,Longform,6352,15,1
0SYAQfhJqjw,2026-09-16,CJ Careers,CJ 신입사원의 일상을 들여다봤습니다👀📱 | 신입의 사생활 EP.02 CJ푸드빌🍰,https://youtu.be/0SYAQfhJqjw,2026-09-22,9:00,Longform,16684,12,0
EaTwoWAqk1Q,2026-09-16,CJ Careers,"해원의 X는 과연 누구?! 😳 7년 전 두 사람의 인연 공개 | [어느 날, 신입사원에게 7명의 선배가 생겼다?!] EP.06",https://youtu.be/EaTwoWAqk1Q,2026-09-22,9:00,Longform,8757,22,6
UB2b6tf4O6U,2026-09-16,CJ Careers,"인턴 왔더니 바로 생방송 투입?! 📺 CJ ENM 커머스부문 모바일라이브커머스 PD 일일 체험| [어느 날, 신입사원에게 7명의 선배가 생겼다?!] EP.05-온스탈",https://youtu.be/UB2b6tf4O6U,2026-09-22,9:00,Longform,21278,14,1
erloPt0wUzw,2026-09-16,CJ Careers,CJ 신입사원의 일상을 들여다봤습니다👀📱 | 신입의 사생활 EP.03 CJ CGV🎬,https://youtu.be/erloPt0wUzw,2026-09-22,9:00,Longform,17678,10,0
ECet3AagCyo,2026-09-16,CJ Careers,CJ 마케터의 하루는 어떻게 흘러갈까?👀 | 너도? 나도! EP.01 CJ제일제당 × CJ 4DPLEX,https://youtu.be/ECet3AagCyo,2026-09-22,9:00,Shorts,118583,38,0
2LfVGgf2d60,2026-09-16,CJ Careers,"같은 콘텐츠 직무, 하루는 얼마나 다를까?🎬 | 너도? 나도! EP.03 CJ ENM 엔터테인먼트 x 커머스",https://youtu.be/2LfVGgf2d60,2026-09-22,9:00,Shorts,18318,13,0
A8PD8INJCTY,2026-09-16,CJ Careers,"바코드가 안 읽힌다?!🚨 멈춰버린 물류를 살려라 CJ대한통운 물류 AI 엔지니어 인턴 체험 | [어느 날, 신입사원에게 7명의 선배가 생겼다?!] EP.05-한대통",https://youtu.be/A8PD8INJCTY,2026-09-22,9:00,Longform,15327,11,1
S3RrZ9qJP5o,2026-09-16,CJ Careers,IT로 CJ를 움직이는 신입사원의 하루💻 | 너도? 나도! EP.04 CJ올리브영 × CJ올리브네트웍스,https://youtu.be/S3RrZ9qJP5o,2026-09-22,9:00,Longform,19013,16,0
nYmpIV957VA,2026-09-16,CJ Careers,고객과 가장 가까운 곳에서 일하는 하루🤝 | 너도? 나도! EP.05 CJ푸드빌 × CJ프레시웨이,https://youtu.be/nYmpIV957VA,2026-09-22,9:00,Longform,17448,16,0
YmO97MubDsY,2026-09-16,CJ Careers,이건 못 고르겠는데요?🤔 CJ 신입사원들의 밸런스 게임⚖️ | EP.01,https://youtu.be/YmO97MubDsY,2026-09-22,9:00,Longform,16074,7,1
Pd4RemcYgdQ,2026-09-16,CJ Careers,하나만 고르라고요?😵 CJ 신입사원들의 선택은⚖️ | 밸런스 게임 EP.02,https://youtu.be/Pd4RemcYgdQ,2026-09-22,9:00,Longform,16080,5,0
DjQWu0F67_c,2026-09-16,CJ Careers,CJ제일제당 신입사원에게 직접 물어봤습니다🎤 | CJ에 푹 빠졌수다🌊,https://youtu.be/DjQWu0F67_c,2026-09-22,9:00,Longform,16051,7,0
wadkqCdv7uU,2026-09-16,CJ Careers,CJ대한통운 신입사원의 리얼 입사 이야기📦 | CJ에 푹 빠졌수다🌊,https://youtu.be/wadkqCdv7uU,2026-09-22,9:00,Longform,16416,5,0
YoHhcO-rJeo,2026-09-16,CJ Careers,CJ올리브영 신입사원이 직접 말하는 올영 생활💚 | CJ에 푹 빠졌수다🌊,https://youtu.be/YoHhcO-rJeo,2026-09-22,9:00,Longform,16997,15,0
2Y4uT7LQSQU,2026-09-16,CJ Careers,신입사원의 첫 시작을 노래로 담아봤습니다🎶✨ | AI 뮤비뮤비 EP.01,https://youtu.be/2Y4uT7LQSQU,2026-09-22,9:00,Shorts,18174,8,0
orizM0U9U6o,2026-09-16,CJ Careers,"트래픽 폭주를 막아라! 💻 CJ올리브네트웍스 소프트웨어 엔지니어 인턴 첫 미션 | [어느 날, 신입사원에게 7명의 선배가 생겼다?!] EP.05-김올네",https://youtu.be/orizM0U9U6o,2026-09-22,9:00,Longform,17231,13,1
GNpiaJTQhdA,2026-09-16,CJ Careers,"매대 하나 바꿨더니 고객이 멈췄다?! 👀 CJ올리브영 웰니스 MD 인턴 체험 | [어느 날, 신입사원에게 7명의 선배가 생겼다?!] EP.05-권올영",https://youtu.be/GNpiaJTQhdA,2026-09-22,9:00,Longform,21640,21,4
EIYpBJH5C2o,2026-09-16,CJ Careers,"제주에 간 CJ 신입사원, 하루가 뮤비가 됐습니다🎬🌴 | AI 뮤비뮤비 EP.02",https://youtu.be/EIYpBJH5C2o,2026-09-22,9:00,Shorts,20310,16,0
gaagVA_V21o,2026-09-16,CJ Careers,신입사원의 하루가 노래가 된다면?🎧🌴 | AI 뮤비뮤비 EP.03,https://youtu.be/gaagVA_V21o,2026-09-22,9:00,Shorts,17314,7,0
ZRjJOpDyT08,2026-09-16,CJ Careers,"떡볶이+팝콘이 신상품이 된다고?! 🍿🔥 CJ프레시웨이 가공MD 인턴의 첫 미션 | [어느 날, 신입사원에게 7명의 선배가 생겼다?!] EP.05-송프웨",https://youtu.be/ZRjJOpDyT08,2026-09-22,9:00,Longform,17985,29,1
I4wbzbfY-_U,2026-09-16,CJ Careers,"🌍떠나는 글로벌 바이어의 마음을 돌려라 CJ ENM 엔터테인먼트부문 해외 콘텐츠 세일즈 인턴 체험 | [어느 날, 신입사원에게 7명의 선배가 생겼다?!] EP.05-이엔엠",https://youtu.be/I4wbzbfY-_U,2026-09-22,9:00,Longform,24011,19,3
dxNi0LsNfr8,2026-09-16,CJ Careers,"출시 직전 신제품이 폐기 위기?! 😱 CJ제일제당 PM이 해결하는 법 | [어느 날, 신입사원에게 7명의 선배가 생겼다?!] EP.05-백제당",https://youtu.be/dxNi0LsNfr8,2026-09-22,9:00,Longform,16923,17,4
ZlMmKTRu3_0,2026-09-16,CJ Careers,"새로운 CJ대한통운 메기 등장🔥 “제가 마음 먹은 건 놓친 적이 없어요”🚚 | [어느 날, 신입사원에게 7명의 선배가 생겼다?!] EP.04-한대통",https://youtu.be/ZlMmKTRu3_0,2026-09-22,9:00,Longform,47265,12,1
kjqQREznFjg,2026-09-16,CJ Careers,"메기 등장🔥 프레시웨이 독점상품을 만드는 MD가 나를 데리러 왔다?!🍽️ | [어느 날, 신입사원에게 7명의 선배가 생겼다?!] EP.04-송프웨",https://youtu.be/kjqQREznFjg,2026-09-22,9:00,Longform,34618,36,5
xbkvURZGJHg,2026-09-16,CJ Careers,"7명의 선배를 만난 신입사원👀 성해원, 임나영님의 응원 메시지❤️",https://youtu.be/xbkvURZGJHg,2026-09-22,9:00,Shorts,18325,24,1
mylMKIPiITU,2026-09-16,CJ Careers,"“성해원님의 X에게서 편지가 도착했습니다” 💌👀 | [어느 날, 신입사원에게 7명의 선배가 생겼다?!] EP.03",https://youtu.be/mylMKIPiITU,2026-09-22,9:00,Longform,44255,22,8
Ug4cj9TGRoM,2026-09-16,CJ Careers,"취준생 여러분, CJ로 넘어갈게요~📣 미미미누님의 응원 메시지🔥",https://youtu.be/Ug4cj9TGRoM,2026-09-22,9:00,Longform,17040,6,1
001fZv_6Vdk,2026-09-16,CJ Careers,"CJ 올래?(O) 말래?(X), 조진세님이 전하는 특별 배송📦 CJ 지원자 응원이 도착했습니다!",https://youtu.be/001fZv_6Vdk,2026-09-22,9:00,Longform,18900,14,1
kumYzA_BPA4,2026-09-16,CJ Careers,"코딩은 잘하는데 플러팅은 오류남💻⚠️ | [어느 날, 신입사원에게 7명의 선배가 생겼다?!] EP.02-김올네",https://youtu.be/kumYzA_BPA4,2026-09-22,9:00,Longform,16041,31,7
rZ5cMso-fa4,2026-09-16,CJ Careers,중식여신에서 식품 연구원까지🧪 정지선 셰프님이 CJ 지원자를 응원합니다!,https://youtu.be/rZ5cMso-fa4,2026-09-22,9:00,Shorts,17299,11,1
hJUvtyUIPBU,2026-09-16,CJ Careers,"건강도 챙겨주고 취업도 시켜주는 CJ올리브영 선배님?! 🫒👀 | [어느 날, 신입사원에게 7명의 선배가 생겼다?!] EP.02-권올영",https://youtu.be/hJUvtyUIPBU,2026-09-22,9:00,Longform,16181,38,13
289ODQXV_eM,2026-09-16,CJ Careers,"🎬 누워서 드라마 보는 게 스펙이라고요? CJ ENM 엔터테인먼트부문의 플러팅 시작  | [어느 날, 신입사원에게 7명의 선배가 생겼다?!] EP.02-이엔엠",https://youtu.be/289ODQXV_eM,2026-09-22,9:00,Longform,16692,23,3
GeslK-diMCI,2026-09-16,CJ Careers,해외 바이어로 변신한 카니님🌏 CJ 지원자에게 보내는 응원!,https://youtu.be/GeslK-diMCI,2026-09-22,9:00,Longform,17417,12,1
QPTeHNaWgZ4,2026-09-16,CJ Careers,"첫 사옥 데이트 상대는 CJ제일제당 선배님?! 🍚💘 | [어느 날, 신입사원에게 7명의 선배가 생겼다?!] EP.02-백제당",https://youtu.be/QPTeHNaWgZ4,2026-09-22,9:00,Longform,17907,35,1
7Q_grY8R-PM,2026-09-16,CJ Careers,숏드라마를 접수한 헝그리부대🍽️ 이번엔 CJ 지원자 응원하러 왔습니다!,https://youtu.be/7Q_grY8R-PM,2026-09-22,9:00,Shorts,22266,34,2
jvqewl7AGQU,2026-09-16,CJ Careers,쇼호스트 조휘현님의 오늘의 PICK🛍️ 바로 CJ에 도전하는 여러분!,https://youtu.be/jvqewl7AGQU,2026-09-22,9:00,Longform,19468,8,1
usvlFFPwKfg,2026-09-16,CJ Careers,"연애 프로그램인 줄 알았는데… 신입사원 모집이라고요? 👀 | [어느 날, 신입사원에게 7명의 선배가 생겼다?!] EP.01",https://youtu.be/usvlFFPwKfg,2026-09-22,9:00,Longform,41969,172,21
lHqlSgwE0xk,2026-09-15,CJ Careers,CJ ENM 커머스부문 직무 체험 브이로그ㅣ워크온에어 [MD편] (CJ온스타일)ㅣ이중생활 MD를 찾다🎤,https://youtu.be/lHqlSgwE0xk,2026-09-22,9:00,Longform,1460,16,1
rl_rezb42xk,2026-09-15,CJ Careers,CJ ENM 커머스부문 직무 체험 브이로그ㅣ워크온에어 [PD편](CJ온스타일)ㅣPD는 미팅중독자(?)🤫,https://youtu.be/rl_rezb42xk,2026-09-22,9:00,Longform,852,22,7
_UIm2xt8vFw,2026-09-15,CJ Careers,쉿...! 최초 공개할게요🤫ㅣCJ ENM 커머스부문 임직원이 들려주는 CJ온스타일에 입사하면 좋은 점💜,https://youtu.be/_UIm2xt8vFw,2026-09-22,9:00,Shorts,612,19,0
3ln3AZ9gtjA,2026-09-15,CJ Careers,"🤷‍♀️CJ온스타일 MD, PD, 마케터는 어떻게 일할까?👀ㅣCJ ENM 커머스부문 신입사원 셋로그🐣",https://youtu.be/3ln3AZ9gtjA,2026-09-22,9:00,Shorts,1566,24,0
s_TO_PKc8ig,2026-09-14,CJ Careers,"연애하러 왔는데… 취업하라고요?💘 |  [어느 날, 신입사원에게 7명의 선배가 생겼다?!] 메인예고",https://youtu.be/s_TO_PKc8ig,2026-09-22,9:00,Longform,230548,230,37
x4l33qYzxbc,2026-09-21,HD현대,"탄소중립을 향한 결심, GASTECH 2026 출격❗❗ #HD현대 #뉴스 #GASTECH",https://youtu.be/x4l33qYzxbc,2026-09-22,9:00,Longform,344,11,2
BdcSxNWSLK0,2026-09-18,HD현대,세계 1위 선박 엔진이 AI 데이터센터로 간 이유‼️ #AI #발전엔진 #데이터센터 #HD현대 #조선업,https://youtu.be/BdcSxNWSLK0,2026-09-22,9:00,Longform,2655,24,3
stDRQWkZitc,2026-09-11,HD현대,"[ENG sub] HD테크 | 발전엔진 | 바다에서 검증된 선박 발전용 엔진, AI 전력난의 해법이 되다",https://youtu.be/stDRQWkZitc,2026-09-22,9:00,Longform,32210,21,7
rCwgA4hfxvE,2026-09-01,HD현대,큰 일하는 큰 회사에서 큰 사람 모십니다 | 2026년 하반기 HD현대 신입사원 채용,https://youtu.be/rCwgA4hfxvE,2026-09-22,9:00,Shorts,1420377,40,1
B7fw-boQMmc,2026-08-28,HD현대,"팀 K리그팬 vs 맨시티팬, 직장 동료 맞습니다 ⚽️🔥 HD현대 직원들의 2026 쿠팡플레이 시리즈 직관 브이로그 (feat. 피터 빈트)",https://youtu.be/B7fw-boQMmc,2026-09-22,9:00,Longform,7745,25,3
EyO0PYoSHmU,2026-08-21,HD현대,⚽️축구 꿈나무들에게 찾아온 최고의 하루ㅣ드림플레이어 아이들의 특별한 여름방학 ✨ (feat. 팀 K리그 vs 맨시티 경기 직관),https://youtu.be/EyO0PYoSHmU,2026-09-22,9:00,Longform,7064,31,8
m2H15EGD-Y8,2026-08-14,HD현대,"단기 성과보다 10년·20년 뒤를 본다, HD현대 사장단 회의",https://youtu.be/m2H15EGD-Y8,2026-09-22,9:00,Shorts,2892,39,3
3vLi42bNnr4,2026-08-14,HD현대,무더위 싹 날리는 특급 당 충전 | HD현대가 ROTC 후보생 여러분을 응원 합니다.,https://youtu.be/3vLi42bNnr4,2026-09-22,9:00,Longform,13368,23,4
bb_arqi9QA8,2026-08-07,HD현대,태양의 힘을 지상에 구현하는 K-조선,https://youtu.be/bb_arqi9QA8,2026-09-22,9:00,Longform,2291,31,4
HL50qMffEkE,2026-09-21,SK하이닉스 [SK hynix],"SK hynix Hosts ‘2026 Global Forum,’ Sharing Its Technology Vision and Future Strategy for the AI Era",https://youtu.be/HL50qMffEkE,2026-09-22,9:00,Longform,844,3,0
BtrJ1lR2-58,2026-09-21,SK하이닉스 [SK hynix],"SK하이닉스, '2026 글로벌 포럼' 개최… AI 시대 기술 비전과 미래 전략 공유",https://youtu.be/BtrJ1lR2-58,2026-09-22,9:00,Shorts,764,4,0
J0qtMvxqHAI,2026-09-17,SK하이닉스 [SK hynix],SK hynix Presents ‘New Spectrum’ for AI Infrastructure at Joins ‘AI Infra Summit 2026’,https://youtu.be/J0qtMvxqHAI,2026-09-22,9:00,Shorts,2030,4,0
YOE_KQ6cEuo,2026-09-17,SK하이닉스 [SK hynix],"SK하이닉스, 'AI Infra Summit 2026' 참가… AI 인프라의 ‘New Spectrum’ 제시",https://youtu.be/YOE_KQ6cEuo,2026-09-22,9:00,Shorts,1091,3,0
zIyShSUsrRA,2026-09-11,SK하이닉스 [SK hynix],📍SK하이닉스 앰버서더 랩(Lab)ㅣ아이들이 그리는 반도체?,https://youtu.be/zIyShSUsrRA,2026-09-22,9:00,Shorts,2693,1,0
srlHPtzExnM,2026-09-11,SK하이닉스 [SK hynix],"📍SK하이닉스 앰버서더 랩(Lab)ㅣ반도체, 아이들에게 물어봤습니다",https://youtu.be/srlHPtzExnM,2026-09-22,9:00,Longform,7997,16,0
ZRW9lAC4P9s,2026-09-11,SK하이닉스 [SK hynix],📍SK하이닉스 앰버서더 랩(Lab)ㅣ아이들은 반도체에 대해 얼마나 알까?,https://youtu.be/ZRW9lAC4P9s,2026-09-22,9:00,Shorts,1917,4,0
vGezikwh9XE,2026-09-11,SK하이닉스 [SK hynix],📍SK하이닉스 앰버서더 랩(Lab)ㅣ종이 한 장으로 포토 공정 설명하기,https://youtu.be/vGezikwh9XE,2026-09-22,9:00,Longform,1642,6,1
nSsCmBWMW8M,2026-09-11,SK하이닉스 [SK hynix],📍SK하이닉스 앰버서더 랩(Lab)ㅣChip Chat with SK hynix 🎙️💾,https://youtu.be/nSsCmBWMW8M,2026-09-22,9:00,Shorts,1040,13,0
TSCE_NtzdgI,2026-09-09,SK하이닉스 [SK hynix],"Social Value Connect, SOVAC 2026 사전등록 오픈✅",https://youtu.be/TSCE_NtzdgI,2026-09-22,9:00,Shorts,5097,10,0
YULZb6r29IY,2026-09-09,SK하이닉스 [SK hynix],"SK hynix Charts Its Direction at the 2026 Future Forum—""Now Is the Golden Time to Leap Forward""",https://youtu.be/YULZb6r29IY,2026-09-22,9:00,Shorts,1367,1,0
XBli0r_xTMk,2026-09-09,SK하이닉스 [SK hynix],"SK하이닉스, ‘2026 미래포럼’에서 사업 · 기술 방향성 모색 “지금이 도약의 골든 타임”",https://youtu.be/XBli0r_xTMk,2026-09-22,9:00,Shorts,890,5,0
z_HBvATC-VQ,2026-09-07,SK하이닉스 [SK hynix],"[하이피디아 4편 – 양산관리] 팹의 생산 흐름을 조율하는 키, 'TAT' ⏱️",https://youtu.be/z_HBvATC-VQ,2026-09-22,9:00,Longform,2946,23,1
RwGn98VuPDQ,2026-09-07,SK하이닉스 [SK hynix],"거대한 팹의 판을 짜는, 제조 현장의 마스터키 [양산관리] | N잡러2 EP.4",https://youtu.be/RwGn98VuPDQ,2026-09-22,9:00,Longform,12072,90,5
76MGYSH473w,2026-09-07,SK하이닉스 [SK hynix],N잡러2 EP.4 ⭐⭐⭐⭐⭐(중요!) 양산관리 5대 지표,https://youtu.be/76MGYSH473w,2026-09-22,9:00,Shorts,1993,9,1
RelLYadXTeo,2026-09-06,SK하이닉스 [SK hynix],N잡러2 EP.4 양산관리 - 양산관리 직무가 헷갈린다면?! 나무 말고 숲을 보라🔍,https://youtu.be/RelLYadXTeo,2026-09-22,9:00,Shorts,1796,4,0
SCld_4JgNs8,2026-09-06,SK하이닉스 [SK hynix],N잡러2 EP.4 양산관리 - SK하이닉스 잘.알?!💡M16 소개하는 TL(?)님의 정체,https://youtu.be/SCld_4JgNs8,2026-09-22,9:00,Shorts,968,3,0
diyeNEFl-fU,2026-08-29,SK하이닉스 [SK hynix],[Newsroom] SK hynix Indiana fab breaks ground as new hub for US AI innovation,https://youtu.be/diyeNEFl-fU,2026-09-22,9:00,Longform,6810,9,1
KOEXZAr1RwE,2026-08-29,SK하이닉스 [SK hynix],"[뉴스룸] 미국 AI 혁신의 새 거점, SK하이닉스 인디애나 팹 첫 삽 뜨다",https://youtu.be/KOEXZAr1RwE,2026-09-22,9:00,Longform,5805,11,0
Qwacxyjsuas,2026-08-25,SK하이닉스 [SK hynix],SK hynix Presents a Full Lineup of Memory Solutions Optimized for AI Infrastructure at DTF 2026,https://youtu.be/Qwacxyjsuas,2026-09-22,9:00,Shorts,3720,3,0
vBWciubzLqk,2026-08-25,SK하이닉스 [SK hynix],"SK하이닉스, ‘DTF 2026’서 AI 인프라에 최적화된 메모리 설루션 총망라",https://youtu.be/vBWciubzLqk,2026-09-22,9:00,Shorts,1190,13,0
VX0kROtlGos,2026-08-21,SK하이닉스 [SK hynix],[HY-Knowledge EP.3] Physical AI: The Next Revolution After Generative AI | Professor Cho Kyu-jin,https://youtu.be/VX0kROtlGos,2026-09-22,9:00,Longform,2553,9,0
ZynywFcY00I,2026-08-21,SK하이닉스 [SK hynix],[하이널리지 EP3] 생성형 AI 다음 혁명은 '몸'이다: 피지컬 AI가 그리는 미래 | 서울대 기계공학부 조규진 교수,https://youtu.be/ZynywFcY00I,2026-09-22,9:00,Longform,4128,43,6
4wRkjlPR5dk,2026-08-19,SK하이닉스 [SK hynix],"AI 전쟁의 무대는 '칩'에서 '시스템'으로… SK 하이닉스, 네이처 일렉트로닉스 논문으로 '랙·포드·시스템' CPO 상용화 청사진 증명",https://youtu.be/4wRkjlPR5dk,2026-09-22,9:00,Shorts,1163,4,0
AY5g9OZ5adk,2026-08-19,SK하이닉스 [SK hynix],SK hynix’s Technology Roadmap for Co-Packaged Optics Features in “Nature Electronics”,https://youtu.be/AY5g9OZ5adk,2026-09-22,9:00,Longform,1061,6,0
uwIYkbJ4Oww,2026-08-14,SK하이닉스 [SK hynix],📍SK하이닉스 앰버서더 랩(Lab)ㅣ배우 도전 1일차_Feat. HBM4,https://youtu.be/uwIYkbJ4Oww,2026-09-22,9:00,Shorts,1860,2,0
qy5WPz8t7zw,2026-08-14,SK하이닉스 [SK hynix],[미래인재 CLASS] 피지컬 AI '1황' 노리는 대한민국의 무기!,https://youtu.be/qy5WPz8t7zw,2026-09-22,9:00,Shorts,1740,5,0
ywNMIe3NJTw,2026-08-14,SK하이닉스 [SK hynix],[미래인재 CLASS] 피지컬 AI 시대! 아이언맨은 언제쯤..?,https://youtu.be/ywNMIe3NJTw,2026-09-22,9:00,Shorts,1876,4,0
khimRYRUppI,2026-08-14,SK하이닉스 [SK hynix],[미래인재 CLASS] 피지컬 AI와 로봇은 다르다?!,https://youtu.be/khimRYRUppI,2026-09-22,9:00,Shorts,1813,3,0
5by_ktjl6L4,2026-08-14,SK하이닉스 [SK hynix],[미래인재 CLASS] 미래의 AI 경쟁은 이걸로 한다? 지금 우리 피지컬 AI는...,https://youtu.be/5by_ktjl6L4,2026-09-22,9:00,Longform,1667,11,0
FZxiUEY20mo,2026-08-14,SK하이닉스 [SK hynix],📍SK하이닉스 앰버서더 랩(Lab)ㅣ메모리 왁뿌볼,https://youtu.be/FZxiUEY20mo,2026-09-22,9:00,Longform,1597,23,1
70SiKTGN2vY,2026-08-14,SK하이닉스 [SK hynix],📍SK하이닉스 앰버서더 랩(Lab)ㅣHBM 만난 사람들 반응 특징,https://youtu.be/70SiKTGN2vY,2026-09-22,9:00,Shorts,1561,6,0
KS8xGzj36Bk,2026-08-14,SK하이닉스 [SK hynix],[Analyst Interview | AI 메모리의 구조적 성장 속에서 SK하이닉스의 다음 기회를 묻다],https://youtu.be/KS8xGzj36Bk,2026-09-22,9:00,Longform,998,12,6
GRlI5WV4-_k,2026-08-14,SK하이닉스 [SK hynix],[Analyst Interview | Exploring SK hynix's Next Opportunity Amid the Structural Growth of AI Memory],https://youtu.be/GRlI5WV4-_k,2026-09-22,9:00,Longform,223,3,0
mZudyz7vS0g,2026-08-13,SK하이닉스 [SK hynix],📍SK하이닉스 앰버서더 랩(Lab)ㅣ반도체 전공정 10초 만에 암기하는 법,https://youtu.be/mZudyz7vS0g,2026-09-22,9:00,Shorts,1211,12,1
d4vpPrMVbeU,2026-08-13,SK하이닉스 [SK hynix],"📍SK하이닉스 앰버서더 랩(Lab)ㅣ나 이천 큰 손 메모리인데, 이제 계산까지 내가 다 한다",https://youtu.be/d4vpPrMVbeU,2026-09-22,9:00,Shorts,2629,7,0
SIcPIX8TDqg,2026-08-12,SK하이닉스 [SK hynix],📍SK하이닉스 앰버서더 랩(Lab)ㅣSK하이닉스의 AI Era 정복기 (with..하빔이 🐥),https://youtu.be/SIcPIX8TDqg,2026-09-22,9:00,Longform,1454,7,1
V1m1XKCP9ZY,2026-08-12,SK하이닉스 [SK hynix],📍SK하이닉스 앰버서더 랩(Lab)ㅣ 도대체 무슨 소식이길래 다들 이렇게 놀란 걸까요? 👀,https://youtu.be/V1m1XKCP9ZY,2026-09-22,9:00,Shorts,1428,5,0
T7y4m3dJqBE,2026-08-12,SK하이닉스 [SK hynix],📍SK하이닉스 앰버서더 랩(Lab)ㅣSK하이닉스에서 말랑이를 출시했다고?,https://youtu.be/T7y4m3dJqBE,2026-09-22,9:00,Shorts,1207,12,1
-z8z4NC2MmI,2026-08-12,SK하이닉스 [SK hynix],📍SK하이닉스 앰버서더 랩(Lab)ㅣ내 머리 속의 SK하이닉스,https://youtu.be/-z8z4NC2MmI,2026-09-22,9:00,Shorts,1952,9,0
ZPrbBqia6qI,2026-08-12,SK하이닉스 [SK hynix],📍SK하이닉스 앰버서더 랩(Lab)ㅣ갓생러 공대생의 SK하이닉스 뉴스룸 활용 꿀팁! 💡,https://youtu.be/ZPrbBqia6qI,2026-09-22,9:00,Shorts,987,5,0
rMCD4EQyDSo,2026-08-11,SK하이닉스 [SK hynix],"📍SK하이닉스 앰버서더 랩(Lab)ㅣSK하이닉스의 차세대 AI 메모리, HBM4E를 소개합니다",https://youtu.be/rMCD4EQyDSo,2026-09-22,9:00,Shorts,1680,4,0
K9hCZT249yI,2026-08-11,SK하이닉스 [SK hynix],📍SK하이닉스 앰버서더 랩(Lab)ㅣ세상을 바꾼 반도체 회사,https://youtu.be/K9hCZT249yI,2026-09-22,9:00,Shorts,1146,1,0
KLzFYQsKxio,2026-08-11,SK하이닉스 [SK hynix],📍SK하이닉스 앰버서더 랩(Lab)ㅣ반도체 어드벤쳐 2탄,https://youtu.be/KLzFYQsKxio,2026-09-22,9:00,Shorts,568,0,0
3U2EPSuNApw,2026-08-10,SK하이닉스 [SK hynix],📍SK하이닉스 앰버서더 랩(Lab)ㅣ💘 반도체 남자친구 시뮬레이션 💘,https://youtu.be/3U2EPSuNApw,2026-09-22,9:00,Longform,1530,6,0
EVzShH9maH0,2026-08-10,SK하이닉스 [SK hynix],📍SK하이닉스 앰버서더 랩(Lab)ㅣ우리 집 AI는 엄마,https://youtu.be/EVzShH9maH0,2026-09-22,9:00,Shorts,1255,1,0
TEZH45mrbIM,2026-08-10,SK하이닉스 [SK hynix],📍SK하이닉스 앰버서더 랩(Lab)ㅣ반도체 대중화의 숨은 영웅,https://youtu.be/TEZH45mrbIM,2026-09-22,9:00,Longform,1422,12,1
FwS73k-lLZk,2026-08-10,SK하이닉스 [SK hynix],📍SK하이닉스 앰버서더 랩(Lab)ㅣHBM4E의 숨은 기능?!!,https://youtu.be/FwS73k-lLZk,2026-09-22,9:00,Shorts,1205,0,2
iXjLrg_Iu_I,2026-08-07,SK하이닉스 [SK hynix],SK hynix Invests 54 Trillion Won in Yongin Y2 and Cheongju M17,https://youtu.be/iXjLrg_Iu_I,2026-09-22,9:00,Shorts,892,4,1
4SxuClaUILQ,2026-08-07,SK하이닉스 [SK hynix],"SK하이닉스, 용인 Y2 ∙ 청주 M17에 54조 원 투자… AI 시대 메모리 수요 대응 위한 중장기 생산 기반 확보",https://youtu.be/4SxuClaUILQ,2026-09-22,9:00,Shorts,1757,10,0
UgN4bla2N_4,2026-08-07,SK하이닉스 [SK hynix],"AI 시대, 차세대 메모리 아키텍처는?... SK하이닉스, ‘FMS 2026’서 방향성 제시",https://youtu.be/UgN4bla2N_4,2026-09-22,9:00,Shorts,955,1,1
ruDIRzms1QI,2026-08-07,SK하이닉스 [SK hynix],The Next-Generation Memory Architecture in the AI Era? SK hynix Charts the Direction at ‘FMS 2026’,https://youtu.be/ruDIRzms1QI,2026-09-22,9:00,Shorts,591,1,0
dCHDe8UdB-g,2026-08-03,SK하이닉스 [SK hynix],SK hynix Unveils First HBF Standard Specifications with SanDisk,https://youtu.be/dCHDe8UdB-g,2026-09-22,9:00,Shorts,951,3,1
cSH4GT-8n4U,2026-08-03,SK하이닉스 [SK hynix],"SK하이닉스, 샌디스크와 HBF 첫 표준 규격 공개…‘FMS 2026’서 AI 메모리 해법 알린다",https://youtu.be/cSH4GT-8n4U,2026-09-22,9:00,Shorts,2607,13,0
ECcEkqIgFj4,2026-08-03,SK하이닉스 [SK hynix],"[뉴스룸] SK하이닉스, '2026 하인슈타인 올림피아드-AI챌린지&플레이' 개최… AI와 함께 도전하고 즐기다",https://youtu.be/ECcEkqIgFj4,2026-09-22,9:00,Longform,1990,16,3
ZDaPbrJcfjk,2026-09-04,현대자동차 채용,[Team Hyundai Talk Live] 선배사원 Talk,https://youtu.be/ZDaPbrJcfjk,2026-09-22,9:00,Longform,14396,71,2
F6Q5kA8595k,2026-09-04,현대자동차 채용,[Team Hyundai Talk Live] 채용담당자 Talk,https://youtu.be/F6Q5kA8595k,2026-09-22,9:00,Longform,36149,194,9
mk6BzBLUJAY,2026-09-11,LG에너지솔루션 [LG Energy Solution],"[Making Every Possibility] 활성화 공정, 각형 배터리의 품질을 높이는 기술!",https://youtu.be/mk6BzBLUJAY,2026-09-22,9:00,Longform,135785,603,0
zCW4haoyizI,2026-09-02,LG에너지솔루션 [LG Energy Solution],[Empower Cast] LG에너지솔루션의 8월에는 무슨일이 있었을까요? | 2026년 8월 주요 소식,https://youtu.be/zCW4haoyizI,2026-09-22,9:00,Longform,104151,19,0
-NEz4r0uw84,2026-08-14,LG에너지솔루션 [LG Energy Solution],[Powering Everything] 거대한 선박을 배터리로 움직인다? 선박 전동화의 비밀!,https://youtu.be/-NEz4r0uw84,2026-09-22,9:00,Longform,273537,10374,8
VtylzsBa3CE,2026-08-05,LG에너지솔루션 [LG Energy Solution],[Empower Cast] LG에너지솔루션의 7월에는 무슨일이 있었을까요? | 2026년 7월 주요 소식,https://youtu.be/VtylzsBa3CE,2026-09-22,9:00,Longform,107230,10,0
FUV9343n7yc,2026-08-24,LG전자 채용,인턴 없이 HR 직무 합격한 썰,https://youtu.be/FUV9343n7yc,2026-09-22,9:00,Longform,1718,19,0
H59a7dXOHzY,2026-08-24,LG전자 채용,공대생이야? 학점보다 더 중요한 건,https://youtu.be/H59a7dXOHzY,2026-09-22,9:00,Longform,1664,11,0
Xe0ONIAL0Ak,2026-08-24,LG전자 채용,LG전자 구매팀 자소서가 궁금해,https://youtu.be/Xe0ONIAL0Ak,2026-09-22,9:00,Longform,1422,22,0
TQxwFbiPkxc,2026-08-24,LG전자 채용,POV : 전기전자 현직자가 취준생으로 돌아갔다,https://youtu.be/TQxwFbiPkxc,2026-09-22,9:00,Longform,1197,18,6
mwDurt7i3HY,2026-08-24,LG전자 채용,"생산기술 직무, 대학원 필수에요?",https://youtu.be/mwDurt7i3HY,2026-09-22,9:00,Longform,1799,17,4
b98C03aWjn0,2026-08-24,LG전자 채용,전략기획팀 면접? 이렇게 하면 합격이야,https://youtu.be/b98C03aWjn0,2026-09-22,9:00,Longform,755,13,0
o5EoNXJ1Kdw,2026-08-24,LG전자 채용,네? 제가 Finance 체질이라고요?,https://youtu.be/o5EoNXJ1Kdw,2026-09-22,9:00,Longform,786,12,0
chDO_d91TRo,2026-08-24,LG전자 채용,"SCM 취준, 이것부터 준비해",https://youtu.be/chDO_d91TRo,2026-09-22,9:00,Longform,1189,24,1
i-6uUzcAxAQ,2026-08-24,LG전자 채용,생각해보니 품질 직무로 지원하겠습니다,https://youtu.be/i-6uUzcAxAQ,2026-09-22,9:00,Longform,1433,17,1
vblD_qT4PqM,2026-08-24,LG전자 채용,"영업직, 전공과 학점 중요한가요?",https://youtu.be/vblD_qT4PqM,2026-09-22,9:00,Longform,1592,8,0
jC_cQRLWlb4,2026-08-24,LG전자 채용,로봇직무 합격? 채용공고에 답이 있다...,https://youtu.be/jC_cQRLWlb4,2026-09-22,9:00,Longform,675,3,0
5D2uUCCOvUw,2026-08-13,LG전자 채용,여름 방학에 LG전자로 출근 🏃‍➡️💼 | 2026년 하이엘지 토크콘서트 커리어편 현장 스케치,https://youtu.be/5D2uUCCOvUw,2026-09-22,9:00,Longform,782,5,0
CVWeXePfxak,2026-09-21,GS건설,"""노르웨이 큰일 났습니다"" 내년이면 마트에 풀린다는 한국산 대서양연어 10만 마리",https://youtu.be/CVWeXePfxak,2026-09-22,9:00,Longform,391130,3544,542
R7fXbwTNsKw,2026-09-08,GS건설,이산화탄소로 나프타 생산 상용화,https://youtu.be/R7fXbwTNsKw,2026-09-22,9:00,Shorts,79636,221,0
n7qx6S-7hMA,2026-09-08,GS건설,원유 한 방울 없이 휘발유를 만드는 방법,https://youtu.be/n7qx6S-7hMA,2026-09-22,9:00,Shorts,75995,129,0
mOtOst1Y19w,2026-09-03,GS건설,"""농사는 포기한 땅이었어요"" 버려진 염해 농지가 마을 수익원이 된 이유",https://youtu.be/mOtOst1Y19w,2026-09-22,9:00,Longform,187615,60,5
DaiJ7FgjNrQ,2026-08-31,GS건설,겉만 봐서 모르는 대한민국 0.01% 아파트,https://youtu.be/DaiJ7FgjNrQ,2026-09-22,9:00,Shorts,4235,29,1
aeDtU6me0Ww,2026-08-12,GS건설,"레고 2,647만 배 블록 쌓아 공동주택 짓기",https://youtu.be/aeDtU6me0Ww,2026-09-22,9:00,Shorts,62852,54,4
ujX6yCOjgQw,2026-08-11,GS건설,"비싸도 너무 비싼 기름 값, 답답해서 진짜로 만들었습니다",https://youtu.be/ujX6yCOjgQw,2026-09-22,9:00,Longform,162470,215,52
zopEbeL37rE,2026-09-18,롯데백화점,Conran Space Project : 다이도 모리야마 사진전ㅣ롯데백화점,https://youtu.be/zopEbeL37rE,2026-09-22,9:00,Shorts,3521,15,1
_xoShAckHXk,2026-09-16,롯데백화점,직구터뷰 추석 편 | 롯데백화점,https://youtu.be/_xoShAckHXk,2026-09-22,9:00,Longform,18952,121,0
IazR3mCeucw,2026-09-10,롯데백화점,롯데백화점 앰배서더 2기 발대식,https://youtu.be/IazR3mCeucw,2026-09-22,9:00,Shorts,7445,31,0
WB7yGGRaGsc,2026-09-08,롯데백화점,부산본점 디저트 페어ㅣ롯데백화점,https://youtu.be/WB7yGGRaGsc,2026-09-22,9:00,Shorts,7651,37,0
91BTO_fGCHc,2026-09-08,롯데백화점,돌체앤가바나 부산본점 오픈ㅣ롯데백화점,https://youtu.be/91BTO_fGCHc,2026-09-22,9:00,Shorts,6490,27,0
s4MN16_DWxE,2026-09-04,롯데백화점,직구터뷰 패션위크 편 | 롯데백화점,https://youtu.be/s4MN16_DWxE,2026-09-22,9:00,Longform,22147,59,1
UkYF7ZlRWRg,2026-09-04,롯데백화점,2027 S/S 서울패션위크ㅣ롯데백화점,https://youtu.be/UkYF7ZlRWRg,2026-09-22,9:00,Shorts,8196,31,0
8tA-neW2As8,2026-09-04,롯데백화점,추석 즐기는 5가지 방법ㅣ롯데백화점,https://youtu.be/8tA-neW2As8,2026-09-22,9:00,Shorts,5606,9,0
h07GsAac7jo,2026-09-03,롯데백화점,2926 추석마중 와인ㅣ롯데백화점,https://youtu.be/h07GsAac7jo,2026-09-22,9:00,Longform,12932,10,0
LicCa_o-4I4,2026-09-03,롯데백화점,2026 추석마중 신선ㅣ롯데백화점,https://youtu.be/LicCa_o-4I4,2026-09-22,9:00,Longform,14908,6,0
jBMwgtMAPQE,2026-09-03,롯데백화점,2026 추석마중 그로서리ㅣ롯데백화점,https://youtu.be/jBMwgtMAPQE,2026-09-22,9:00,Shorts,16411,8,0
vVIQ2o2Tf60,2026-09-02,롯데백화점,월간미식ㅣep.6 후추,https://youtu.be/vVIQ2o2Tf60,2026-09-22,9:00,Shorts,26136,66,0
dRzrbheJKKc,2026-09-02,롯데백화점,에비뉴엘 잠실점 김해김 팝업ㅣ롯데백화점,https://youtu.be/dRzrbheJKKc,2026-09-22,9:00,Shorts,5968,5,0
e-J9bRIrDW0,2026-09-02,롯데백화점,심문섭X프리마크아비ㅣ롯데백화점,https://youtu.be/e-J9bRIrDW0,2026-09-22,9:00,Shorts,5795,9,0
tSajZggeCMM,2026-09-01,롯데백화점,𝟐𝟎𝟐𝟔 𝐒𝐓𝐘𝐋𝐄 𝐑𝐔𝐍 𝐖𝐈𝐓𝐇 𝐙𝐀𝐑𝐀 𝐀𝐓𝐇𝐋𝐄𝐓𝐈𝐂𝐙,https://youtu.be/tSajZggeCMM,2026-09-22,9:00,Shorts,5041,8,1
rvyneN5W5V8,2026-08-28,롯데백화점,롯데 패션 위크ㅣ롯데백화점,https://youtu.be/rvyneN5W5V8,2026-09-22,9:00,Shorts,21616,40,0
OznSUBKm9So,2026-08-27,롯데백화점,"누구에게나, 유토피아ㅣ롯데백화점",https://youtu.be/OznSUBKm9So,2026-09-22,9:00,Shorts,5635,10,0
qlcArdFT2wk,2026-08-25,롯데백화점,두오모 라이팅 잠실점 오픈ㅣ롯데백화점,https://youtu.be/qlcArdFT2wk,2026-09-22,9:00,Shorts,5330,5,0
jC_8IoXtR54,2026-08-24,롯데백화점,2027 서울패션위크 티저ㅣ롯데백화점,https://youtu.be/jC_8IoXtR54,2026-09-22,9:00,Shorts,6475,6,0
D28Jjxl2Aq4,2026-08-21,롯데백화점,MOVE MOVE MOVE,https://youtu.be/D28Jjxl2Aq4,2026-09-22,9:00,Shorts,4555,5,0
J1uRyXD5e8c,2026-08-20,롯데백화점,2026 스타일런 티저ㅣ롯데백화점,https://youtu.be/J1uRyXD5e8c,2026-09-22,9:00,Shorts,5523,8,0
EGkzgDw4beI,2026-08-16,롯데백화점,포켓몬 별빛낙원ㅣLOTTE TOWN Summer Market,https://youtu.be/EGkzgDw4beI,2026-09-22,9:00,Shorts,10516,16,0
kaAshOyfV88,2026-08-14,롯데백화점,"나를 믿어준 롯데, 그 믿음이 만든 이야기",https://youtu.be/kaAshOyfV88,2026-09-22,9:00,Longform,112,4,0
u0mwDElUwho,2026-08-14,롯데백화점,랑콤 팝업ㅣ롯데백화점,https://youtu.be/u0mwDElUwho,2026-09-22,9:00,Shorts,5468,8,0
GqKmWzPPnvM,2026-08-11,롯데백화점,월간미식ㅣep.5 옥수수,https://youtu.be/GqKmWzPPnvM,2026-09-22,9:00,Longform,31001,50,0
XwKBsIFmL2A,2026-08-05,롯데백화점,노원점 그랜드 오픈ㅣ롯데백화점,https://youtu.be/XwKBsIFmL2A,2026-09-22,9:00,Shorts,8778,27,1
C5LidzvAgMI,2026-08-03,롯데백화점,포터리 본점 오픈ㅣ롯데백화점,https://youtu.be/C5LidzvAgMI,2026-09-22,9:00,Shorts,5798,6,0
-NxnGkI-pyo,2026-09-02,삼성중공업,[Samsung Heavy Industries Brand Film] Drawing a New Line to Set a New Standard,https://youtu.be/-NxnGkI-pyo,2026-09-22,9:00,Longform,1028,9,0
4eAk16TZuho,2026-09-02,삼성중공업,[삼성중공업 홍보영상] 세상의 기준이 되는 선(船)을 그리다,https://youtu.be/4eAk16TZuho,2026-09-22,9:00,Longform,1853,17,0
A8g7kuMQeKs,2026-08-26,삼성중공업,"""애사비부터 해바라기까지, 삼성중공업 프로 가방 털기""",https://youtu.be/A8g7kuMQeKs,2026-09-22,9:00,Longform,1406,29,18
rtvSwFzu1UE,2026-08-26,삼성중공업,삼성중공업 캡슐뽑기 직터뷰!,https://youtu.be/rtvSwFzu1UE,2026-09-22,9:00,Longform,1267,13,0
PH9TbyA0kdM,2026-08-26,삼성중공업,삼성중공업 부산 R&D 센터 완전 정복!,https://youtu.be/PH9TbyA0kdM,2026-09-22,9:00,Longform,1146,107,5
mOBLipDBmQM,2026-08-13,삼성중공업,안녕하세요삼성중공업입니다잘부탁드립니다 ㅣ 삼성중공업 신입사원 입문교육✏️,https://youtu.be/mOBLipDBmQM,2026-09-22,9:00,Longform,6729,67,10
pXfZgA-NQR4,2026-09-21,한화오션,한화오션 2026 하반기 신입 채용 LIVE 채용설명회 | OCEAN CAST,https://youtu.be/pXfZgA-NQR4,2026-09-22,9:00,Longform,271,6,1
v7dIDkFUJsw,2026-09-21,한화오션,한화오션에서 만나 부부가 됐습니다 🧡,https://youtu.be/v7dIDkFUJsw,2026-09-22,9:00,Shorts,2067,15,0
A-nmmKjYZY0,2026-09-19,한화오션,내 전공은 한화오션에서 어디로 이어질까? 🧑‍🏫,https://youtu.be/A-nmmKjYZY0,2026-09-22,9:00,Shorts,1649,11,0
lMaBMhskScg,2026-09-18,한화오션,퇴근하면 바다가 있는 생활 🌊,https://youtu.be/lMaBMhskScg,2026-09-22,9:00,Shorts,1956,16,0
FZMsOQvgfPg,2026-09-18,한화오션,World's First LNG Carrier with WINGS! The Wind Challenger Is Here,https://youtu.be/FZMsOQvgfPg,2026-09-22,9:00,Longform,8795,56,7
vtBUEXYMHtw,2026-09-14,한화오션,한화오션 피플로그ㅣ내 전공이 바다를 만난다면?,https://youtu.be/vtBUEXYMHtw,2026-09-22,9:00,Longform,8454,41,4
4C3rlv9o940,2026-08-21,한화오션,20층 아파트만한 돛을 달았더니 바람은 멘탈이 나가버렸습니다. 환장할 노릇이죠. 돛을 단 한화오션LNG선 대항해시대,https://youtu.be/4C3rlv9o940,2026-09-22,9:00,Longform,567217,3714,488
THps7qnm8cw,2026-09-21,한화손보,"여성을 위한 현실밀착형 보험, 시그니처 여성건강보험",https://youtu.be/THps7qnm8cw,2026-09-22,9:00,Longform,255,11,1
FgfMVDTrl_Q,2026-08-25,한화손보,"어린이보험, 아프기 전 건강관리도 가능할까요?｜검사부터 미리 살피는 한화 건강쑥쑥 어린이보험(무)2608",https://youtu.be/FgfMVDTrl_Q,2026-09-22,9:00,Shorts,2592616,5,1
ScF4MCor9Xw,2026-08-25,한화손보,"어린이보험, 어떤 보장을 준비해야 할까요?｜질병부터 생활 속 사고까지 한화 건강쑥쑥 어린이보험(무)2608",https://youtu.be/ScF4MCor9Xw,2026-09-22,9:00,Shorts,253,2,0
4a47E_Gh1J0,2026-08-25,한화손보,"치매보험, 치료비와 간병비 어떻게 준비할까요?｜한화치매간병보험(무) 핵심 보장 4가지",https://youtu.be/4a47E_Gh1J0,2026-09-22,9:00,Shorts,316,2,0
aAkQ61rlDNw,2026-08-20,한화손보,"집 보험, 32대 가전제품 고장부터 급배수시설 누출까지 | 한화 홈앤라이프 종합보험(무)",https://youtu.be/aAkQ61rlDNw,2026-09-22,9:00,Shorts,2623,61,0
7BWkEG4TO8c,2026-08-20,한화손보,"여성의 현실 가까이, 임신과 출산 그 안의 고민까지 | 한화 시그니처 여성 건강보험4.0",https://youtu.be/7BWkEG4TO8c,2026-09-22,9:00,Shorts,113281,15,9
ZiwX_U3gxa0,2026-08-20,한화손보,"여성의 현실 가까이, 여성암 진단 이후의 치료까지 | 한화 시그니처 여성 건강보험4.0",https://youtu.be/ZiwX_U3gxa0,2026-09-22,9:00,Shorts,96174,7,2
86UadVNH5T8,2026-08-20,한화손보,"여성의 현실 가까이, 갱년기 그 이후의 건강까지 | 한화 시그니처 여성 건강보험4.0",https://youtu.be/86UadVNH5T8,2026-09-22,9:00,Shorts,117289,8,4
8_47huSPGkM,2026-08-20,한화손보,"여성의 현실 가까이, 임신과 출산 그 안의 고민까지 | 한화 시그니처 여성 건강보험4.0",https://youtu.be/8_47huSPGkM,2026-09-22,9:00,Shorts,3955139,60,81
f9HrrBUNuXw,2026-08-20,한화손보,"여성의 현실 가까이, 여성암 진단 이후의 치료까지 | 한화 시그니처 여성 건강보험4.0",https://youtu.be/f9HrrBUNuXw,2026-09-22,9:00,Shorts,4675485,62,48
7UjWjujIdNs,2026-08-20,한화손보,"여성의 현실 가까이, 갱년기 그 이후의 건강까지 | 한화 시그니처 여성 건강보험4.0",https://youtu.be/7UjWjujIdNs,2026-09-22,9:00,Shorts,4822733,84,70
HUXzxjcYupg,2026-08-14,한화손보,"우리 집 화재부터 질병·상해까지, 어떻게 대비할까? | 한화 홈앤라이프 종합보험(무)",https://youtu.be/HUXzxjcYupg,2026-09-22,9:00,Shorts,1353,28,0
GLTf-CqyxN0,2026-08-07,한화손보,아이 보험 갈아타기 고민이라면 | 한화 더건강한 0540 (만 5세~40세),https://youtu.be/GLTf-CqyxN0,2026-09-22,9:00,Longform,1034,13,0
2_lvj3nsjgQ,2026-08-04,한화손보,한화 시그니처 여성건강보험4.0 배타적사용권(5종) 안내,https://youtu.be/2_lvj3nsjgQ,2026-09-22,9:00,Shorts,1373,12,0
kZWKttb_j04,2026-09-23,CJ Careers,"정지선 셰프가 CJ제일제당에!? | [어느 날, 신입사원에게 7명의 선배가 생겼다?!] #임나영 #김은호 #정지선",https://youtu.be/kZWKttb_j04,2026-09-23,9:00,Shorts,0,0,0
a5CF4sFj2xg,2026-09-23,CJ Careers,"X룸에서 만난 7년 전 그 선배 | [어느 날, 신입사원에게 7명의 선배가 생겼다?!] #임나영",https://youtu.be/a5CF4sFj2xg,2026-09-23,9:00,Shorts,0,0,0
SSm_OjJNvYs,2026-09-23,CJ Careers,"여전히 배고픈 헝그리부대 | [어느 날, 신입사원에게 7명의 선배가 생겼다?!] #임나영 #차정우 #헝그리부대",https://youtu.be/SSm_OjJNvYs,2026-09-23,9:00,Longform,1,0,0
-jYMwTMo8kU,2026-09-23,CJ Careers,"날 꼬시러 온 메기 선배님 | [어느 날, 신입사원에게 7명의 선배가 생겼다?!] #임나영 #이우태 #차정우",https://youtu.be/-jYMwTMo8kU,2026-09-23,9:00,Longform,40,0,0
heRbg7C7t4M,2026-09-23,CJ Careers,"카니도 못 참는 전남친 썰 | [어느 날, 신입사원에게 7명의 선배가 생겼다?!] #임나영 #정호균 #카니",https://youtu.be/heRbg7C7t4M,2026-09-23,9:00,Shorts,96,0,0
5BipVJhSj-0,2026-09-23,CJ Careers,"권또또가 올영 매니저가 된다면?! | [어느 날, 신입사원에게 7명의 선배가 생겼다?!] #임나영 #백동현 #권또또",https://youtu.be/5BipVJhSj-0,2026-09-23,9:00,Shorts,193,0,0
o2TzTlFR6o8,2026-09-23,CJ Careers,"생방송 중 절대 하면 안 되는 말 | [어느 날, 신입사원에게 7명의 선배가 생겼다?!] #임나영 #윤현제",https://youtu.be/o2TzTlFR6o8,2026-09-23,9:00,Longform,109,0,0
2-z8T7IPoa0,2026-09-23,CJ Careers,"노재윤이 코딩 천재인 세계관 | [어느 날, 신입사원에게 7명의 선배가 생겼다?!] #임나영 #노재윤",https://youtu.be/2-z8T7IPoa0,2026-09-23,9:00,Shorts,5,1,0
9mTlAX8BqgA,2026-09-23,CJ Careers,"이 질문에 의미 부여해도 되나요? | [어느 날, 신입사원에게 7명의 선배가 생겼다?!] #임나영 #정호균",https://youtu.be/9mTlAX8BqgA,2026-09-23,9:00,Shorts,275,1,0
2FUWI_anQDo,2026-09-23,CJ Careers,"【ENM(커머스) 몰아보기🎬】홈쇼핑 보기만 하던 제가 CJ ENM 커머스부문에 입사했습니다📺 | [어느 날, 신입사원에게 7명의 선배가 생겼다?!] #임나영 #윤현제 #조휘현",https://youtu.be/2FUWI_anQDo,2026-09-23,9:00,Longform,39,1,0
BAQVQQqo3h4,2026-09-23,CJ Careers,"【대한통운 몰아보기🎬】택배 받기만 하던 제가 CJ대한통운에 입사했습니다📦 | [어느 날, 신입사원에게 7명의 선배가 생겼다?!]  #임나영 #이우태 #조진세",https://youtu.be/BAQVQQqo3h4,2026-09-23,9:00,Longform,8,0,0
0tW9ubh3J5g,2026-09-23,CJ Careers,"【올리브네트웍스 몰아보기🎬】스마트폰 쓰기만 하던 제가 CJ올리브네트웍스에 입사했습니다📱 | [어느 날, 신입사원에게 7명의 선배가 생겼다?!] #임나영 #노재윤 #미미미누",https://youtu.be/0tW9ubh3J5g,2026-09-23,9:00,Longform,13,1,0
BGJIlVM6SGg,2026-09-23,CJ Careers,"【올리브영 몰아보기🎬】올리브영에서 쇼핑만 하던 제가 CJ올리브영에 입사했습니다🫒 | [어느 날, 신입사원에게 7명의 선배가 생겼다?!] #임나영 #백동현 #권또또",https://youtu.be/BGJIlVM6SGg,2026-09-23,9:00,Longform,16,0,0
2HxRJ-rb_JI,2026-09-23,CJ Careers,"【프레시웨이 몰아보기🎬】급식 먹기만 하던 제가 CJ프레시웨이에 입사했습니다🍱 | [어느 날, 신입사원에게 7명의 선배가 생겼다?!] #임나영 #차정우 #헝그리부대",https://youtu.be/2HxRJ-rb_JI,2026-09-23,9:00,Longform,61,3,0
rn8Wfw-eqt4,2026-09-23,CJ Careers,"【ENM(엔터테인먼트) 몰아보기🎬】드라마 보기만 하던 제가 CJ ENM 엔터테인먼트부문에 입사했습니다🎞️|[어느 날, 신입사원에게 7명의 선배가 생겼다?!]#임나영 #정호균 #카니",https://youtu.be/rn8Wfw-eqt4,2026-09-23,9:00,Longform,25,3,0
43JP7XaNI40,2026-09-23,CJ Careers,"【제일제당 몰아보기🎬】비비고 먹기만 하던 제가 CJ제일제당에 입사했습니다🍚 | [어느 날, 신입사원에게 7명의 선배가 생겼다?!] #임나영 #김은호 #정지선",https://youtu.be/43JP7XaNI40,2026-09-23,9:00,Longform,32,1,0
Wwz-vpgTV00,2026-09-18,CJ Careers,CJ제일제당에 끌리는 3가지 이유 | CJ Careers Showcase 1부 식품·식품서비스 사업군🍽️,https://youtu.be/Wwz-vpgTV00,2026-09-23,9:00,Shorts,41055,17,0
aBB_BSlA5sY,2026-09-18,CJ Careers,CJ푸드빌의 빵터지는 매력포인트.ZIP | CJ Careers Showcase 1부 식품·식품서비스 사업군🍽️,https://youtu.be/aBB_BSlA5sY,2026-09-23,9:00,Shorts,43179,18,0
Bvuhq1chbSM,2026-09-18,CJ Careers,"우리 이미 만난 적 있어요, CJ프레시웨이 | CJ Careers Showcase 1부 식품·식품서비스 사업군🍽️",https://youtu.be/Bvuhq1chbSM,2026-09-23,9:00,Longform,41170,19,0
58u-h0v6V0o,2026-09-18,CJ Careers,"내 택배 뒤엔, 데이터가 있다! | CJ Careers Showcase 2부 물류·신유통·인프라 사업군📦",https://youtu.be/58u-h0v6V0o,2026-09-23,9:00,Shorts,43595,14,0
1Pl6-Pwr19I,2026-09-18,CJ Careers,건물만 짓는 줄 알았죠? 커리어도 짓습니다! | CJ Careers Showcase 2부 물류·신유통·인프라 사업군📦,https://youtu.be/1Pl6-Pwr19I,2026-09-23,9:00,Shorts,42862,18,0
yqOWDvzq3co,2026-09-18,CJ Careers,"CJ올리브영, 어디까지 커지는 거예요? | CJ Careers Showcase 2부 물류·신유통·인프라 사업군📦",https://youtu.be/yqOWDvzq3co,2026-09-23,9:00,Shorts,45927,30,0
e5HYbxYu6As,2026-09-18,CJ Careers,채용담당자가 지원 꿀팁까지 알려준다고?! | CJ Careers Showcase 2부 물류·신유통·인프라 사업군📦,https://youtu.be/e5HYbxYu6As,2026-09-23,9:00,Shorts,40067,11,0
lkcep1rNRgM,2026-09-18,CJ Careers,"내가 만든 콘텐츠가, 전세계로?  | CJ Careers Showcase 3부 미디어·콘텐츠·IT 사업군",https://youtu.be/lkcep1rNRgM,2026-09-23,9:00,Shorts,45503,22,0
N-TBqCzfpSk,2026-09-18,CJ Careers,CJ CGV 취업하면 무슨일을 할까?  | CJ Careers Showcase 3부 미디어·콘텐츠·IT 사업군🎬💻,https://youtu.be/N-TBqCzfpSk,2026-09-23,9:00,Longform,40848,18,0
SF6CcEPbONY,2026-09-18,CJ Careers,"4DPLEX=4DX?, 그게 다가 아닙니다!  | CJ Careers Showcase 3부 미디어·콘텐츠·IT 사업군🎬💻",https://youtu.be/SF6CcEPbONY,2026-09-23,9:00,Shorts,40004,14,0
jWVEfmUnsc8,2026-09-18,CJ Careers,"IT직무인데, 산업 경험은 N개?!  | CJ Careers Showcase 3부 미디어·콘텐츠·IT 사업군🎬💻",https://youtu.be/jWVEfmUnsc8,2026-09-23,9:00,Shorts,47804,12,0
EyEEYcwiefk,2026-09-17,CJ Careers,물류산업에 AI를 더하려면 가장 먼저 필요한 것은? l We Who Prove It #CJ대한통운,https://youtu.be/EyEEYcwiefk,2026-09-23,9:00,Shorts,6527,5,0
0khjcyonRQk,2026-09-17,CJ Careers,단 하나의 질문이 만든 나의 Career High l We Who Prove It #CJ대한통운,https://youtu.be/0khjcyonRQk,2026-09-23,9:00,Shorts,8088,4,0
dwy_M82AKM8,2026-09-17,CJ Careers,"CJ제일제당+AI기술, 우리에게 필요한 역량은? l We Who Prove It #CJ제일제당",https://youtu.be/dwy_M82AKM8,2026-09-23,9:00,Shorts,8027,6,0
waWFwPr3Xro,2026-09-17,CJ Careers,균주 연구하던 내가 AI 개발에 나선 이유! l We Who Prove It #CJ제일제당,https://youtu.be/waWFwPr3Xro,2026-09-23,9:00,Shorts,8391,3,0
KvFine98XPQ,2026-09-17,CJ Careers,유튜브 프리미엄 안 쓴다고?! 커머스 PD의 트렌드 읽는 법 l We Who Prove It #CJENM커머스 #CJ온스타일,https://youtu.be/KvFine98XPQ,2026-09-23,9:00,Shorts,8639,7,0
bayhnkkgPUI,2026-09-17,CJ Careers,"신입 커머스 PD, 현실의 벽은 높았다?! l We Who Prove It #CJENM커머스 #CJ온스타일",https://youtu.be/bayhnkkgPUI,2026-09-23,9:00,Shorts,8442,7,0
JcMc1iMIEjA,2026-09-17,CJ Careers,"반드시 결과로, 성과로 증명한 빛나는 순간 l We Who Prove It #CJ프레시웨이",https://youtu.be/JcMc1iMIEjA,2026-09-23,9:00,Shorts,8718,6,0
BevrLYDguJI,2026-09-17,CJ Careers,어서와 신입은 처음이지? 아찔했던 주문 실수 SSUL l We Who Prove It #CJ프레시웨이,https://youtu.be/BevrLYDguJI,2026-09-23,9:00,Shorts,8712,3,0
7_g0jjN3MEU,2026-09-17,CJ Careers,CGV 컨세션사업 기확자로의 성장 모먼트 BEST 3 l We Who Prove It #CGV #CJCGV,https://youtu.be/7_g0jjN3MEU,2026-09-23,9:00,Shorts,8413,9,0
xR7Psk7ir5k,2026-09-17,CJ Careers,컨세션사업 기획자에게 반드시 필요한 역량은? l We Who Prove It #CGV #CJCGV,https://youtu.be/xR7Psk7ir5k,2026-09-23,9:00,Shorts,8235,3,0
8lPItKNTC1k,2026-09-17,CJ Careers,CJ푸드빌 전략 기획자로의 성장 모먼트 BEST 3 l We Who Prove It #CJ푸드빌,https://youtu.be/8lPItKNTC1k,2026-09-23,9:00,Shorts,8624,4,0
393vq03OlPY,2026-09-17,CJ Careers,회사 전략 세우는 기획자가 평소 가장 많이 하는 말은? l We Who Prove It #CJ푸드빌,https://youtu.be/393vq03OlPY,2026-09-23,9:00,Shorts,9136,5,0
KPYQQSOlJDk,2026-09-17,CJ Careers,"면접관의 고난이도 질문, CJ 신입즈의 답변은?💡| 면접 INSIDE OUT 1부",https://youtu.be/KPYQQSOlJDk,2026-09-23,9:00,Shorts,9744,10,0
sYv8FfBLd9U,2026-09-17,CJ Careers,면접 필살기 없이도 합격할 수 있었던 이유🤔 | 면접 INSIDE OUT 1부,https://youtu.be/sYv8FfBLd9U,2026-09-23,9:00,Shorts,9455,5,0
hLRlLzE2z2I,2026-09-17,CJ Careers,시켜줘 CJ제일제당 명예홍보대사👏🏻ㅣ면접 INSIDE OUT 1부,https://youtu.be/hLRlLzE2z2I,2026-09-23,9:00,Longform,8444,4,0
ycoRyzGWDnk,2026-09-17,CJ Careers,면접을 대하는 CJ 신입이들의 자세🔥ㅣ면접 INSIDE OUT 2부,https://youtu.be/ycoRyzGWDnk,2026-09-23,9:00,Shorts,9313,5,0
5ejOzX2isM8,2026-09-17,CJ Careers,"기적 같은 합격, 다음은 당신 차례!🙏🏻ㅣ면접 INSIDE OUT 2부",https://youtu.be/5ejOzX2isM8,2026-09-23,9:00,Shorts,8282,3,0
rAWO8r9BquU,2026-09-17,CJ Careers,여러분들은 이미 100점짜리 지원자!💯면접 INSIDE OUT 2부,https://youtu.be/rAWO8r9BquU,2026-09-23,9:00,Shorts,9091,7,0
nqfOnp9zzHc,2026-09-17,CJ Careers,2026 KCON LA 직접 가봤습니다!🎤ㅣ채용담당자의 미국 출장 VLOG💛,https://youtu.be/nqfOnp9zzHc,2026-09-23,9:00,Longform,9006,7,0
r6Vf1EebRV4,2026-09-17,CJ Careers,미국에서 CJ 찾기 이렇게 쉽다고요?! 👀ㅣ채용담당자의 미국 출장 VLOG💛,https://youtu.be/r6Vf1EebRV4,2026-09-23,9:00,Longform,9490,9,0
V44QyDGgd2M,2026-09-16,CJ Careers,"같은 듯 다른, 사업의 최전선에서 일하는 하루👀 | 너도? 나도! EP.02 CJ대한통운",https://youtu.be/V44QyDGgd2M,2026-09-23,9:00,Longform,18578,10,0
OM-xtyfpkr8,2026-09-16,CJ Careers,"CJ 채용 정보, 알차게 배송해드립니다📦 | CJ Careers Showcase 2부 물류·신유통·인프라 사업군",https://youtu.be/OM-xtyfpkr8,2026-09-23,9:00,Longform,21526,29,2
catw3C1IRKs,2026-09-16,CJ Careers,"CJ 채용 정보, 맛있게 준비했습니다🍽️ | CJ Careers Showcase 1부 식품·식품서비스 사업군",https://youtu.be/catw3C1IRKs,2026-09-23,9:00,Longform,27020,54,2
LebUClEVHm8,2026-09-16,CJ Careers,"콘텐츠부터 IT까지, CJ 채용 라인업 공개🎬💻 | CJ Careers Showcase 3부 미디어·콘텐츠·IT 사업군",https://youtu.be/LebUClEVHm8,2026-09-23,9:00,Longform,27180,59,3
sBT2HB4LayI,2026-09-16,CJ Careers,"We Who Prove It : EP.01 AI 시대, 집요함으로 증명하다 | CJ제일제당 × CJ대한통운",https://youtu.be/sBT2HB4LayI,2026-09-23,9:00,Longform,79636,10,2
PBr5ts2fXVI,2026-09-16,CJ Careers,We Who Prove It : EP.02 고객의 마음을 움직이는 사람들 | CJ프레시웨이 × CJ ENM 커머스부문,https://youtu.be/PBr5ts2fXVI,2026-09-23,9:00,Longform,37078,14,3
FEmsDHwjzEg,2026-09-16,CJ Careers,We Who Prove It : EP.03 미래를 현실로 만드는 사람들 | CJ푸드빌 × CJ CGV,https://youtu.be/FEmsDHwjzEg,2026-09-23,9:00,Longform,58764,14,1
Q6kUdlXaoHg,2026-09-16,CJ Careers,"면접장에서 돌아온 CJ 신입즈, 그날의 면접 이야기💬 | 면접 INSIDE OUT 1부",https://youtu.be/Q6kUdlXaoHg,2026-09-23,9:00,Longform,33036,24,1
fQThx-GE-ac,2026-09-16,CJ Careers,CJ 면접 꿀팁? 합격한 신입즈가 직접 알려드립니다💡 | 면접 INSIDE OUT 2부,https://youtu.be/fQThx-GE-ac,2026-09-23,9:00,Longform,48463,49,1
QXS_6ZvuJsc,2026-09-16,CJ Careers,"LA 곳곳에 CJ가 있다고? 👀 KCON LA부터 올리브영, 비비고까지ㅣ채용담당자 미국 출장 VLOG🌎✈️💼",https://youtu.be/QXS_6ZvuJsc,2026-09-23,9:00,Longform,16495,62,15
TPzbtWJK-VM,2026-09-16,CJ Careers,"1년 후, 저는 CJ ENM 커머스부문 선배가 됐습니다📺✨ | [어느 날, 신입사원에게 7명의 선배가 생겼다?!] EP.09-CJ ENM 커머스부문",https://youtu.be/TPzbtWJK-VM,2026-09-23,9:00,Longform,9587,16,7
pur5tXsIUzw,2026-09-16,CJ Careers,"1년 후, 저는 CJ대한통운 선배가 됐습니다🚚✨ | [어느 날, 신입사원에게 7명의 선배가 생겼다?!] EP.09-CJ대한통운",https://youtu.be/pur5tXsIUzw,2026-09-23,9:00,Longform,14205,11,4
O1saPHiKUzs,2026-09-16,CJ Careers,"1년 후, 저는 CJ올리브네트웍스 선배가 됐습니다💻✨ | [어느 날, 신입사원에게 7명의 선배가 생겼다?!] EP.09-CJ올리브네트웍스",https://youtu.be/O1saPHiKUzs,2026-09-23,9:00,Longform,14748,11,6
0nfWQLUmoDY,2026-09-16,CJ Careers,"1년 후, 저는 CJ올리브영 선배가 됐습니다🫒✨ | [어느 날, 신입사원에게 7명의 선배가 생겼다?!] EP.09-CJ올리브영",https://youtu.be/0nfWQLUmoDY,2026-09-23,9:00,Longform,14153,11,7
3vmgZPhTFnw,2026-09-16,CJ Careers,"1년 후, 저는 CJ 프레시웨이 선배가 됐습니다🍽️✨ | [어느 날, 신입사원에게 7명의 선배가 생겼다?!] EP.09-CJ프레시웨이",https://youtu.be/3vmgZPhTFnw,2026-09-23,9:00,Longform,10895,21,4
7ohYSlJeR8E,2026-09-16,CJ Careers,"1년 후, 저는 CJ ENM 엔터테인먼트부문 선배가 됐습니다🎬✨ | [어느 날, 신입사원에게 7명의 선배가 생겼다?!] EP.09-CJ ENM 엔터테인먼트부문",https://youtu.be/7ohYSlJeR8E,2026-09-23,9:00,Longform,11694,8,6
LkOPxMIoRg0,2026-09-16,CJ Careers,"1년 후, 저는 CJ제일제당 선배가 됐습니다🍚✨ | [어느 날, 신입사원에게 7명의 선배가 생겼다?!] EP.09-CJ제일제당",https://youtu.be/LkOPxMIoRg0,2026-09-23,9:00,Longform,13534,11,5
ff4rPwXukfw,2026-09-16,CJ Careers,"“제가 마음 먹은 건 늘 놓친 적이 없어요.” 🫵🏻 한대통의 마지막 어필 | [어느 날, 신입사원에게 7명의 선배가 생겼다?!] EP.08-한대통",https://youtu.be/ff4rPwXukfw,2026-09-23,9:00,Longform,8641,9,3
lgetsC7mimk,2026-09-16,CJ Careers,CJ제일제당(핵심소재)🧪 신입사원의 합격 자기소개서🎉 | 자소설 낭독회📝,https://youtu.be/lgetsC7mimk,2026-09-23,9:00,Longform,19499,10,0
FiEQjVIAodk,2026-09-16,CJ Careers,"“팀 전체 회의 때보다 떨리네요.” 🫣 김올네의 마지막 어필 | [어느 날, 신입사원에게 7명의 선배가 생겼다?!] EP.08-김올네",https://youtu.be/FiEQjVIAodk,2026-09-23,9:00,Longform,7732,11,2
MsGYxKseM1Q,2026-09-16,CJ Careers,CJ대한통운 건설부문🏗️ 신입사원의 합격 자기소개서🎉 | 자소설 낭독회📝,https://youtu.be/MsGYxKseM1Q,2026-09-23,9:00,Longform,19849,6,0
0nDpcWbJFMw,2026-09-16,CJ Careers,CJ ENM 커머스부문🛍️ 신입사원의 합격 자기소개서🎉 | 자소설 낭독회📝,https://youtu.be/0nDpcWbJFMw,2026-09-23,9:00,Longform,22178,14,1
dZP0qWd5MU4,2026-09-16,CJ Careers,"“나 성해원님이 올리브영 온다고 했잖아? 온리원 이딴 거 안 나왔어.” 🔥 권올영의 마지막 어필 | | [어느 날, 신입사원에게 7명의 선배가 생겼다?!] EP.08-권올영",https://youtu.be/dZP0qWd5MU4,2026-09-23,9:00,Longform,9631,16,2
h0avFODxnqw,2026-09-16,CJ Careers,CJ푸드빌🍰 신입사원의 합격 자기소개서🎉 | 자소설 낭독회📝,https://youtu.be/h0avFODxnqw,2026-09-23,9:00,Longform,20127,15,0
wCFn_AXaouI,2026-09-16,CJ Careers,"“많이 일하고 싶었다. 성해원!” 😂 송프웨의 마지막 어필 | | [어느 날, 신입사원에게 7명의 선배가 생겼다?!] EP.08-송프웨",https://youtu.be/wCFn_AXaouI,2026-09-23,9:00,Longform,8101,25,3
7O8Ju03iyMc,2026-09-16,CJ Careers,"'성해원 세일즈 제안서’가 등장했다?! 💌 이엔엠의 마지막 어필 | | [어느 날, 신입사원에게 7명의 선배가 생겼다?!] EP.08-이엔엠",https://youtu.be/7O8Ju03iyMc,2026-09-23,9:00,Longform,7097,9,1
jOiKkKo7rDI,2026-09-16,CJ Careers,CJ프레시웨이🥗 신입사원의 합격 자기소개서🎉 | 자소설 낭독회📝,https://youtu.be/jOiKkKo7rDI,2026-09-23,9:00,Longform,54238,17,0
F-qpwwSJMpU,2026-09-16,CJ Careers,CJ CGV🎬 신입사원의 합격 자기소개서🎉 | 자소설 낭독회📝,https://youtu.be/F-qpwwSJMpU,2026-09-23,9:00,Longform,17253,8,0
CXb3A0P15rg,2026-09-16,CJ Careers,"“내일 봬요, 후배님” 😉 백제당의 마지막 어필 | [어느 날, 신입사원에게 7명의 선배가 생겼다?!] EP.08-백제당",https://youtu.be/CXb3A0P15rg,2026-09-23,9:00,Longform,7920,13,3
odvNIAbpxl4,2026-09-16,CJ Careers,"웰니스×IT×물류가 만나면? 🫒💻📦 한 명을 위한 CJ 워크샵 | [어느 날, 신입사원에게 7명의 선배가 생겼다?!] EP.07-B팀",https://youtu.be/odvNIAbpxl4,2026-09-23,9:00,Longform,14333,11,5
47RKmwCjg68,2026-09-16,CJ Careers,CJ 4DPLEX🎥 신입사원의 합격 자기소개서🎉 | 자소설 낭독회📝,https://youtu.be/47RKmwCjg68,2026-09-23,9:00,Longform,17423,20,0
9epHB6_B_ps,2026-09-16,CJ Careers,CJ 신입사원의 일상을 들여다봤습니다👀📱 | 신입의 사생활 EP.01 CJ ENM 커머스부문🛍️,https://youtu.be/9epHB6_B_ps,2026-09-23,9:00,Longform,19439,10,0
-W0Enmk54dg,2026-09-16,CJ Careers,"선택 못 받으면 전원 탈락?!🔥 백제당×이엔엠×송프웨의 승부 | [어느 날, 신입사원에게 7명의 선배가 생겼다?!] EP.07-A팀",https://youtu.be/-W0Enmk54dg,2026-09-23,9:00,Longform,7558,16,1
0SYAQfhJqjw,2026-09-16,CJ Careers,CJ 신입사원의 일상을 들여다봤습니다👀📱 | 신입의 사생활 EP.02 CJ푸드빌🍰,https://youtu.be/0SYAQfhJqjw,2026-09-23,9:00,Longform,17596,12,0
EaTwoWAqk1Q,2026-09-16,CJ Careers,"해원의 X는 과연 누구?! 😳 7년 전 두 사람의 인연 공개 | [어느 날, 신입사원에게 7명의 선배가 생겼다?!] EP.06",https://youtu.be/EaTwoWAqk1Q,2026-09-23,9:00,Longform,10226,23,6
UB2b6tf4O6U,2026-09-16,CJ Careers,"인턴 왔더니 바로 생방송 투입?! 📺 CJ ENM 커머스부문 모바일라이브커머스 PD 일일 체험| [어느 날, 신입사원에게 7명의 선배가 생겼다?!] EP.05-온스탈",https://youtu.be/UB2b6tf4O6U,2026-09-23,9:00,Longform,24142,14,1
erloPt0wUzw,2026-09-16,CJ Careers,CJ 신입사원의 일상을 들여다봤습니다👀📱 | 신입의 사생활 EP.03 CJ CGV🎬,https://youtu.be/erloPt0wUzw,2026-09-23,9:00,Longform,18637,10,0
ECet3AagCyo,2026-09-16,CJ Careers,CJ 마케터의 하루는 어떻게 흘러갈까?👀 | 너도? 나도! EP.01 CJ제일제당 × CJ 4DPLEX,https://youtu.be/ECet3AagCyo,2026-09-23,9:00,Shorts,124438,39,0
2LfVGgf2d60,2026-09-16,CJ Careers,"같은 콘텐츠 직무, 하루는 얼마나 다를까?🎬 | 너도? 나도! EP.03 CJ ENM 엔터테인먼트 x 커머스",https://youtu.be/2LfVGgf2d60,2026-09-23,9:00,Shorts,19417,15,0
A8PD8INJCTY,2026-09-16,CJ Careers,"바코드가 안 읽힌다?!🚨 멈춰버린 물류를 살려라 CJ대한통운 물류 AI 엔지니어 인턴 체험 | [어느 날, 신입사원에게 7명의 선배가 생겼다?!] EP.05-한대통",https://youtu.be/A8PD8INJCTY,2026-09-23,9:00,Longform,17901,13,1
S3RrZ9qJP5o,2026-09-16,CJ Careers,IT로 CJ를 움직이는 신입사원의 하루💻 | 너도? 나도! EP.04 CJ올리브영 × CJ올리브네트웍스,https://youtu.be/S3RrZ9qJP5o,2026-09-23,9:00,Longform,20121,17,0
nYmpIV957VA,2026-09-16,CJ Careers,고객과 가장 가까운 곳에서 일하는 하루🤝 | 너도? 나도! EP.05 CJ푸드빌 × CJ프레시웨이,https://youtu.be/nYmpIV957VA,2026-09-23,9:00,Longform,18557,16,0
YmO97MubDsY,2026-09-16,CJ Careers,이건 못 고르겠는데요?🤔 CJ 신입사원들의 밸런스 게임⚖️ | EP.01,https://youtu.be/YmO97MubDsY,2026-09-23,9:00,Longform,16957,7,1
Pd4RemcYgdQ,2026-09-16,CJ Careers,하나만 고르라고요?😵 CJ 신입사원들의 선택은⚖️ | 밸런스 게임 EP.02,https://youtu.be/Pd4RemcYgdQ,2026-09-23,9:00,Longform,16983,5,0
DjQWu0F67_c,2026-09-16,CJ Careers,CJ제일제당 신입사원에게 직접 물어봤습니다🎤 | CJ에 푹 빠졌수다🌊,https://youtu.be/DjQWu0F67_c,2026-09-23,9:00,Longform,16948,7,0
wadkqCdv7uU,2026-09-16,CJ Careers,CJ대한통운 신입사원의 리얼 입사 이야기📦 | CJ에 푹 빠졌수다🌊,https://youtu.be/wadkqCdv7uU,2026-09-23,9:00,Longform,17286,5,0
YoHhcO-rJeo,2026-09-16,CJ Careers,CJ올리브영 신입사원이 직접 말하는 올영 생활💚 | CJ에 푹 빠졌수다🌊,https://youtu.be/YoHhcO-rJeo,2026-09-23,9:00,Longform,17949,15,0
2Y4uT7LQSQU,2026-09-16,CJ Careers,신입사원의 첫 시작을 노래로 담아봤습니다🎶✨ | AI 뮤비뮤비 EP.01,https://youtu.be/2Y4uT7LQSQU,2026-09-23,9:00,Shorts,19136,8,0
orizM0U9U6o,2026-09-16,CJ Careers,"트래픽 폭주를 막아라! 💻 CJ올리브네트웍스 소프트웨어 엔지니어 인턴 첫 미션 | [어느 날, 신입사원에게 7명의 선배가 생겼다?!] EP.05-김올네",https://youtu.be/orizM0U9U6o,2026-09-23,9:00,Longform,20285,13,1
GNpiaJTQhdA,2026-09-16,CJ Careers,"매대 하나 바꿨더니 고객이 멈췄다?! 👀 CJ올리브영 웰니스 MD 인턴 체험 | [어느 날, 신입사원에게 7명의 선배가 생겼다?!] EP.05-권올영",https://youtu.be/GNpiaJTQhdA,2026-09-23,9:00,Longform,24269,21,4
EIYpBJH5C2o,2026-09-16,CJ Careers,"제주에 간 CJ 신입사원, 하루가 뮤비가 됐습니다🎬🌴 | AI 뮤비뮤비 EP.02",https://youtu.be/EIYpBJH5C2o,2026-09-23,9:00,Shorts,21409,17,0
gaagVA_V21o,2026-09-16,CJ Careers,신입사원의 하루가 노래가 된다면?🎧🌴 | AI 뮤비뮤비 EP.03,https://youtu.be/gaagVA_V21o,2026-09-23,9:00,Shorts,18240,7,0
ZRjJOpDyT08,2026-09-16,CJ Careers,"떡볶이+팝콘이 신상품이 된다고?! 🍿🔥 CJ프레시웨이 가공MD 인턴의 첫 미션 | [어느 날, 신입사원에게 7명의 선배가 생겼다?!] EP.05-송프웨",https://youtu.be/ZRjJOpDyT08,2026-09-23,9:00,Longform,20728,29,1
I4wbzbfY-_U,2026-09-16,CJ Careers,"🌍떠나는 글로벌 바이어의 마음을 돌려라 CJ ENM 엔터테인먼트부문 해외 콘텐츠 세일즈 인턴 체험 | [어느 날, 신입사원에게 7명의 선배가 생겼다?!] EP.05-이엔엠",https://youtu.be/I4wbzbfY-_U,2026-09-23,9:00,Longform,26798,21,3
dxNi0LsNfr8,2026-09-16,CJ Careers,"출시 직전 신제품이 폐기 위기?! 😱 CJ제일제당 PM이 해결하는 법 | [어느 날, 신입사원에게 7명의 선배가 생겼다?!] EP.05-백제당",https://youtu.be/dxNi0LsNfr8,2026-09-23,9:00,Longform,19667,19,4
ZlMmKTRu3_0,2026-09-16,CJ Careers,"새로운 CJ대한통운 메기 등장🔥 “제가 마음 먹은 건 놓친 적이 없어요”🚚 | [어느 날, 신입사원에게 7명의 선배가 생겼다?!] EP.04-한대통",https://youtu.be/ZlMmKTRu3_0,2026-09-23,9:00,Longform,52483,14,1
kjqQREznFjg,2026-09-16,CJ Careers,"메기 등장🔥 프레시웨이 독점상품을 만드는 MD가 나를 데리러 왔다?!🍽️ | [어느 날, 신입사원에게 7명의 선배가 생겼다?!] EP.04-송프웨",https://youtu.be/kjqQREznFjg,2026-09-23,9:00,Longform,40363,36,5
xbkvURZGJHg,2026-09-16,CJ Careers,"7명의 선배를 만난 신입사원👀 성해원, 임나영님의 응원 메시지❤️",https://youtu.be/xbkvURZGJHg,2026-09-23,9:00,Shorts,19222,25,1
mylMKIPiITU,2026-09-16,CJ Careers,"“성해원님의 X에게서 편지가 도착했습니다” 💌👀 | [어느 날, 신입사원에게 7명의 선배가 생겼다?!] EP.03",https://youtu.be/mylMKIPiITU,2026-09-23,9:00,Longform,48759,24,8
Ug4cj9TGRoM,2026-09-16,CJ Careers,"취준생 여러분, CJ로 넘어갈게요~📣 미미미누님의 응원 메시지🔥",https://youtu.be/Ug4cj9TGRoM,2026-09-23,9:00,Longform,17921,6,1
001fZv_6Vdk,2026-09-16,CJ Careers,"CJ 올래?(O) 말래?(X), 조진세님이 전하는 특별 배송📦 CJ 지원자 응원이 도착했습니다!",https://youtu.be/001fZv_6Vdk,2026-09-23,9:00,Longform,19854,14,1
kumYzA_BPA4,2026-09-16,CJ Careers,"코딩은 잘하는데 플러팅은 오류남💻⚠️ | [어느 날, 신입사원에게 7명의 선배가 생겼다?!] EP.02-김올네",https://youtu.be/kumYzA_BPA4,2026-09-23,9:00,Longform,19104,31,7
rZ5cMso-fa4,2026-09-16,CJ Careers,중식여신에서 식품 연구원까지🧪 정지선 셰프님이 CJ 지원자를 응원합니다!,https://youtu.be/rZ5cMso-fa4,2026-09-23,9:00,Shorts,18235,11,1
hJUvtyUIPBU,2026-09-16,CJ Careers,"건강도 챙겨주고 취업도 시켜주는 CJ올리브영 선배님?! 🫒👀 | [어느 날, 신입사원에게 7명의 선배가 생겼다?!] EP.02-권올영",https://youtu.be/hJUvtyUIPBU,2026-09-23,9:00,Longform,19068,39,13
289ODQXV_eM,2026-09-16,CJ Careers,"🎬 누워서 드라마 보는 게 스펙이라고요? CJ ENM 엔터테인먼트부문의 플러팅 시작  | [어느 날, 신입사원에게 7명의 선배가 생겼다?!] EP.02-이엔엠",https://youtu.be/289ODQXV_eM,2026-09-23,9:00,Longform,19511,24,3
GeslK-diMCI,2026-09-16,CJ Careers,해외 바이어로 변신한 카니님🌏 CJ 지원자에게 보내는 응원!,https://youtu.be/GeslK-diMCI,2026-09-23,9:00,Longform,18304,13,1
QPTeHNaWgZ4,2026-09-16,CJ Careers,"첫 사옥 데이트 상대는 CJ제일제당 선배님?! 🍚💘 | [어느 날, 신입사원에게 7명의 선배가 생겼다?!] EP.02-백제당",https://youtu.be/QPTeHNaWgZ4,2026-09-23,9:00,Longform,21306,38,1
7Q_grY8R-PM,2026-09-16,CJ Careers,숏드라마를 접수한 헝그리부대🍽️ 이번엔 CJ 지원자 응원하러 왔습니다!,https://youtu.be/7Q_grY8R-PM,2026-09-23,9:00,Shorts,23229,35,2
jvqewl7AGQU,2026-09-16,CJ Careers,쇼호스트 조휘현님의 오늘의 PICK🛍️ 바로 CJ에 도전하는 여러분!,https://youtu.be/jvqewl7AGQU,2026-09-23,9:00,Longform,20489,8,1
usvlFFPwKfg,2026-09-16,CJ Careers,"연애 프로그램인 줄 알았는데… 신입사원 모집이라고요? 👀 | [어느 날, 신입사원에게 7명의 선배가 생겼다?!] EP.01",https://youtu.be/usvlFFPwKfg,2026-09-23,9:00,Longform,48148,185,22
lHqlSgwE0xk,2026-09-15,CJ Careers,CJ ENM 커머스부문 직무 체험 브이로그ㅣ워크온에어 [MD편] (CJ온스타일)ㅣ이중생활 MD를 찾다🎤,https://youtu.be/lHqlSgwE0xk,2026-09-23,9:00,Longform,1539,17,1
rl_rezb42xk,2026-09-15,CJ Careers,CJ ENM 커머스부문 직무 체험 브이로그ㅣ워크온에어 [PD편](CJ온스타일)ㅣPD는 미팅중독자(?)🤫,https://youtu.be/rl_rezb42xk,2026-09-23,9:00,Longform,926,24,7
_UIm2xt8vFw,2026-09-15,CJ Careers,쉿...! 최초 공개할게요🤫ㅣCJ ENM 커머스부문 임직원이 들려주는 CJ온스타일에 입사하면 좋은 점💜,https://youtu.be/_UIm2xt8vFw,2026-09-23,9:00,Shorts,629,19,0
3ln3AZ9gtjA,2026-09-15,CJ Careers,"🤷‍♀️CJ온스타일 MD, PD, 마케터는 어떻게 일할까?👀ㅣCJ ENM 커머스부문 신입사원 셋로그🐣",https://youtu.be/3ln3AZ9gtjA,2026-09-23,9:00,Shorts,1616,24,0
s_TO_PKc8ig,2026-09-14,CJ Careers,"연애하러 왔는데… 취업하라고요?💘 |  [어느 날, 신입사원에게 7명의 선배가 생겼다?!] 메인예고",https://youtu.be/s_TO_PKc8ig,2026-09-23,9:00,Longform,242977,247,38
tygJZcrcL1w,2026-09-23,HD현대,철판이 거대한 선박이 되기까지 | feat. 비발디〈사계〉,https://youtu.be/tygJZcrcL1w,2026-09-23,9:00,Longform,47,9,0
K2txsdSPt1c,2026-09-22,HD현대,“지금 인생에서 가장 행복한 것 같아요. 진짜.” 🌟‘나의 영웅’ 페이커 선수를 만난 민준이의 잊지 못할 오늘,https://youtu.be/K2txsdSPt1c,2026-09-23,9:00,Longform,2408,351,24
x4l33qYzxbc,2026-09-21,HD현대,"탄소중립을 향한 결심, GASTECH 2026 출격❗❗ #HD현대 #뉴스 #GASTECH",https://youtu.be/x4l33qYzxbc,2026-09-23,9:00,Longform,408,13,3
BdcSxNWSLK0,2026-09-18,HD현대,세계 1위 선박 엔진이 AI 데이터센터로 간 이유‼️ #AI #발전엔진 #데이터센터 #HD현대 #조선업,https://youtu.be/BdcSxNWSLK0,2026-09-23,9:00,Longform,2689,24,3
stDRQWkZitc,2026-09-11,HD현대,"[ENG sub] HD테크 | 발전엔진 | 바다에서 검증된 선박 발전용 엔진, AI 전력난의 해법이 되다",https://youtu.be/stDRQWkZitc,2026-09-23,9:00,Longform,32267,21,7
rCwgA4hfxvE,2026-09-01,HD현대,큰 일하는 큰 회사에서 큰 사람 모십니다 | 2026년 하반기 HD현대 신입사원 채용,https://youtu.be/rCwgA4hfxvE,2026-09-23,9:00,Shorts,1479477,42,1
B7fw-boQMmc,2026-08-28,HD현대,"팀 K리그팬 vs 맨시티팬, 직장 동료 맞습니다 ⚽️🔥 HD현대 직원들의 2026 쿠팡플레이 시리즈 직관 브이로그 (feat. 피터 빈트)",https://youtu.be/B7fw-boQMmc,2026-09-23,9:00,Longform,7748,25,3
EyO0PYoSHmU,2026-08-21,HD현대,⚽️축구 꿈나무들에게 찾아온 최고의 하루ㅣ드림플레이어 아이들의 특별한 여름방학 ✨ (feat. 팀 K리그 vs 맨시티 경기 직관),https://youtu.be/EyO0PYoSHmU,2026-09-23,9:00,Longform,7065,31,8
m2H15EGD-Y8,2026-08-14,HD현대,"단기 성과보다 10년·20년 뒤를 본다, HD현대 사장단 회의",https://youtu.be/m2H15EGD-Y8,2026-09-23,9:00,Shorts,2904,39,3
3vLi42bNnr4,2026-08-14,HD현대,무더위 싹 날리는 특급 당 충전 | HD현대가 ROTC 후보생 여러분을 응원 합니다.,https://youtu.be/3vLi42bNnr4,2026-09-23,9:00,Longform,13375,37,4
bb_arqi9QA8,2026-08-07,HD현대,태양의 힘을 지상에 구현하는 K-조선,https://youtu.be/bb_arqi9QA8,2026-09-23,9:00,Longform,2303,33,4
D9y0PITrQrY,2026-09-23,SK하이닉스 [SK hynix],[미래인재 CLASS] AI 시대의 전력난(難)이 걱정 없는 이유? (feat. SK하이닉스),https://youtu.be/D9y0PITrQrY,2026-09-23,9:00,Shorts,951,4,0
5tvL9QKxlpg,2026-09-23,SK하이닉스 [SK hynix],[미래인재 CLASS] 메모리는 전력을 어떻게 쓸까?,https://youtu.be/5tvL9QKxlpg,2026-09-23,9:00,Shorts,232,3,0
cz2vWoc25tM,2026-09-23,SK하이닉스 [SK hynix],[미래인재 CLASS] AI 영향으로 인류가 만든 모든 전력이 고갈된다?,https://youtu.be/cz2vWoc25tM,2026-09-23,9:00,Shorts,10,0,0
3edu7NGnvZ4,2026-09-23,SK하이닉스 [SK hynix],"[미래인재 CLASS] 이러다가 쓸 전력이 없어요! AI 시대의 전력난(難), 해법은?",https://youtu.be/3edu7NGnvZ4,2026-09-23,9:00,Longform,447,11,0
JCf4HAZzZDA,2026-09-23,SK하이닉스 [SK hynix],[SK하이닉스 핸드볼 캠페인],https://youtu.be/JCf4HAZzZDA,2026-09-23,9:00,Shorts,102192,61,18
HL50qMffEkE,2026-09-21,SK하이닉스 [SK hynix],"SK hynix Hosts ‘2026 Global Forum,’ Sharing Its Technology Vision and Future Strategy for the AI Era",https://youtu.be/HL50qMffEkE,2026-09-23,9:00,Longform,1507,4,0
BtrJ1lR2-58,2026-09-21,SK하이닉스 [SK hynix],"SK하이닉스, '2026 글로벌 포럼' 개최… AI 시대 기술 비전과 미래 전략 공유",https://youtu.be/BtrJ1lR2-58,2026-09-23,9:00,Shorts,917,5,0
J0qtMvxqHAI,2026-09-17,SK하이닉스 [SK hynix],SK hynix Presents ‘New Spectrum’ for AI Infrastructure at Joins ‘AI Infra Summit 2026’,https://youtu.be/J0qtMvxqHAI,2026-09-23,9:00,Shorts,2071,5,0
YOE_KQ6cEuo,2026-09-17,SK하이닉스 [SK hynix],"SK하이닉스, 'AI Infra Summit 2026' 참가… AI 인프라의 ‘New Spectrum’ 제시",https://youtu.be/YOE_KQ6cEuo,2026-09-23,9:00,Shorts,1137,4,0
zIyShSUsrRA,2026-09-11,SK하이닉스 [SK hynix],📍SK하이닉스 앰버서더 랩(Lab)ㅣ아이들이 그리는 반도체?,https://youtu.be/zIyShSUsrRA,2026-09-23,9:00,Shorts,2710,1,0
srlHPtzExnM,2026-09-11,SK하이닉스 [SK hynix],"📍SK하이닉스 앰버서더 랩(Lab)ㅣ반도체, 아이들에게 물어봤습니다",https://youtu.be/srlHPtzExnM,2026-09-23,9:00,Longform,8774,16,0
ZRW9lAC4P9s,2026-09-11,SK하이닉스 [SK hynix],📍SK하이닉스 앰버서더 랩(Lab)ㅣ아이들은 반도체에 대해 얼마나 알까?,https://youtu.be/ZRW9lAC4P9s,2026-09-23,9:00,Shorts,1935,4,0
vGezikwh9XE,2026-09-11,SK하이닉스 [SK hynix],📍SK하이닉스 앰버서더 랩(Lab)ㅣ종이 한 장으로 포토 공정 설명하기,https://youtu.be/vGezikwh9XE,2026-09-23,9:00,Longform,1648,6,1
nSsCmBWMW8M,2026-09-11,SK하이닉스 [SK hynix],📍SK하이닉스 앰버서더 랩(Lab)ㅣChip Chat with SK hynix 🎙️💾,https://youtu.be/nSsCmBWMW8M,2026-09-23,9:00,Shorts,1051,13,0
TSCE_NtzdgI,2026-09-09,SK하이닉스 [SK hynix],"Social Value Connect, SOVAC 2026 사전등록 오픈✅",https://youtu.be/TSCE_NtzdgI,2026-09-23,9:00,Shorts,5555,10,0
YULZb6r29IY,2026-09-09,SK하이닉스 [SK hynix],"SK hynix Charts Its Direction at the 2026 Future Forum—""Now Is the Golden Time to Leap Forward""",https://youtu.be/YULZb6r29IY,2026-09-23,9:00,Shorts,1373,1,0
XBli0r_xTMk,2026-09-09,SK하이닉스 [SK hynix],"SK하이닉스, ‘2026 미래포럼’에서 사업 · 기술 방향성 모색 “지금이 도약의 골든 타임”",https://youtu.be/XBli0r_xTMk,2026-09-23,9:00,Shorts,898,5,0
z_HBvATC-VQ,2026-09-07,SK하이닉스 [SK hynix],"[하이피디아 4편 – 양산관리] 팹의 생산 흐름을 조율하는 키, 'TAT' ⏱️",https://youtu.be/z_HBvATC-VQ,2026-09-23,9:00,Longform,2989,24,1
RwGn98VuPDQ,2026-09-07,SK하이닉스 [SK hynix],"거대한 팹의 판을 짜는, 제조 현장의 마스터키 [양산관리] | N잡러2 EP.4",https://youtu.be/RwGn98VuPDQ,2026-09-23,9:00,Longform,12153,92,5
76MGYSH473w,2026-09-07,SK하이닉스 [SK hynix],N잡러2 EP.4 ⭐⭐⭐⭐⭐(중요!) 양산관리 5대 지표,https://youtu.be/76MGYSH473w,2026-09-23,9:00,Shorts,2003,9,1
RelLYadXTeo,2026-09-06,SK하이닉스 [SK hynix],N잡러2 EP.4 양산관리 - 양산관리 직무가 헷갈린다면?! 나무 말고 숲을 보라🔍,https://youtu.be/RelLYadXTeo,2026-09-23,9:00,Shorts,1830,5,0
SCld_4JgNs8,2026-09-06,SK하이닉스 [SK hynix],N잡러2 EP.4 양산관리 - SK하이닉스 잘.알?!💡M16 소개하는 TL(?)님의 정체,https://youtu.be/SCld_4JgNs8,2026-09-23,9:00,Shorts,981,3,0
diyeNEFl-fU,2026-08-29,SK하이닉스 [SK hynix],[Newsroom] SK hynix Indiana fab breaks ground as new hub for US AI innovation,https://youtu.be/diyeNEFl-fU,2026-09-23,9:00,Longform,6817,10,1
KOEXZAr1RwE,2026-08-29,SK하이닉스 [SK hynix],"[뉴스룸] 미국 AI 혁신의 새 거점, SK하이닉스 인디애나 팹 첫 삽 뜨다",https://youtu.be/KOEXZAr1RwE,2026-09-23,9:00,Longform,5820,11,0
Qwacxyjsuas,2026-08-25,SK하이닉스 [SK hynix],SK hynix Presents a Full Lineup of Memory Solutions Optimized for AI Infrastructure at DTF 2026,https://youtu.be/Qwacxyjsuas,2026-09-23,9:00,Shorts,3726,3,0
vBWciubzLqk,2026-08-25,SK하이닉스 [SK hynix],"SK하이닉스, ‘DTF 2026’서 AI 인프라에 최적화된 메모리 설루션 총망라",https://youtu.be/vBWciubzLqk,2026-09-23,9:00,Shorts,1193,13,0
VX0kROtlGos,2026-08-21,SK하이닉스 [SK hynix],[HY-Knowledge EP.3] Physical AI: The Next Revolution After Generative AI | Professor Cho Kyu-jin,https://youtu.be/VX0kROtlGos,2026-09-23,9:00,Longform,2559,10,0
ZynywFcY00I,2026-08-21,SK하이닉스 [SK hynix],[하이널리지 EP3] 생성형 AI 다음 혁명은 '몸'이다: 피지컬 AI가 그리는 미래 | 서울대 기계공학부 조규진 교수,https://youtu.be/ZynywFcY00I,2026-09-23,9:00,Longform,4264,44,6
4wRkjlPR5dk,2026-08-19,SK하이닉스 [SK hynix],"AI 전쟁의 무대는 '칩'에서 '시스템'으로… SK 하이닉스, 네이처 일렉트로닉스 논문으로 '랙·포드·시스템' CPO 상용화 청사진 증명",https://youtu.be/4wRkjlPR5dk,2026-09-23,9:00,Shorts,1170,5,0
AY5g9OZ5adk,2026-08-19,SK하이닉스 [SK hynix],SK hynix’s Technology Roadmap for Co-Packaged Optics Features in “Nature Electronics”,https://youtu.be/AY5g9OZ5adk,2026-09-23,9:00,Longform,1064,6,0
uwIYkbJ4Oww,2026-08-14,SK하이닉스 [SK hynix],📍SK하이닉스 앰버서더 랩(Lab)ㅣ배우 도전 1일차_Feat. HBM4,https://youtu.be/uwIYkbJ4Oww,2026-09-23,9:00,Shorts,1862,2,0
qy5WPz8t7zw,2026-08-14,SK하이닉스 [SK hynix],[미래인재 CLASS] 피지컬 AI '1황' 노리는 대한민국의 무기!,https://youtu.be/qy5WPz8t7zw,2026-09-23,9:00,Shorts,1742,5,0
ywNMIe3NJTw,2026-08-14,SK하이닉스 [SK hynix],[미래인재 CLASS] 피지컬 AI 시대! 아이언맨은 언제쯤..?,https://youtu.be/ywNMIe3NJTw,2026-09-23,9:00,Shorts,1877,6,0
khimRYRUppI,2026-08-14,SK하이닉스 [SK hynix],[미래인재 CLASS] 피지컬 AI와 로봇은 다르다?!,https://youtu.be/khimRYRUppI,2026-09-23,9:00,Shorts,1815,4,0
5by_ktjl6L4,2026-08-14,SK하이닉스 [SK hynix],[미래인재 CLASS] 미래의 AI 경쟁은 이걸로 한다? 지금 우리 피지컬 AI는...,https://youtu.be/5by_ktjl6L4,2026-09-23,9:00,Longform,1682,11,0
FZxiUEY20mo,2026-08-14,SK하이닉스 [SK hynix],📍SK하이닉스 앰버서더 랩(Lab)ㅣ메모리 왁뿌볼,https://youtu.be/FZxiUEY20mo,2026-09-23,9:00,Longform,1598,27,1
70SiKTGN2vY,2026-08-14,SK하이닉스 [SK hynix],📍SK하이닉스 앰버서더 랩(Lab)ㅣHBM 만난 사람들 반응 특징,https://youtu.be/70SiKTGN2vY,2026-09-23,9:00,Shorts,1562,6,0
KS8xGzj36Bk,2026-08-14,SK하이닉스 [SK hynix],[Analyst Interview | AI 메모리의 구조적 성장 속에서 SK하이닉스의 다음 기회를 묻다],https://youtu.be/KS8xGzj36Bk,2026-09-23,9:00,Longform,1000,13,6
GRlI5WV4-_k,2026-08-14,SK하이닉스 [SK hynix],[Analyst Interview | Exploring SK hynix's Next Opportunity Amid the Structural Growth of AI Memory],https://youtu.be/GRlI5WV4-_k,2026-09-23,9:00,Longform,225,3,0
mZudyz7vS0g,2026-08-13,SK하이닉스 [SK hynix],📍SK하이닉스 앰버서더 랩(Lab)ㅣ반도체 전공정 10초 만에 암기하는 법,https://youtu.be/mZudyz7vS0g,2026-09-23,9:00,Shorts,1213,12,1
d4vpPrMVbeU,2026-08-13,SK하이닉스 [SK hynix],"📍SK하이닉스 앰버서더 랩(Lab)ㅣ나 이천 큰 손 메모리인데, 이제 계산까지 내가 다 한다",https://youtu.be/d4vpPrMVbeU,2026-09-23,9:00,Shorts,2630,10,0
SIcPIX8TDqg,2026-08-12,SK하이닉스 [SK hynix],📍SK하이닉스 앰버서더 랩(Lab)ㅣSK하이닉스의 AI Era 정복기 (with..하빔이 🐥),https://youtu.be/SIcPIX8TDqg,2026-09-23,9:00,Longform,1454,7,1
V1m1XKCP9ZY,2026-08-12,SK하이닉스 [SK hynix],📍SK하이닉스 앰버서더 랩(Lab)ㅣ 도대체 무슨 소식이길래 다들 이렇게 놀란 걸까요? 👀,https://youtu.be/V1m1XKCP9ZY,2026-09-23,9:00,Shorts,1428,5,0
T7y4m3dJqBE,2026-08-12,SK하이닉스 [SK hynix],📍SK하이닉스 앰버서더 랩(Lab)ㅣSK하이닉스에서 말랑이를 출시했다고?,https://youtu.be/T7y4m3dJqBE,2026-09-23,9:00,Shorts,1207,12,1
-z8z4NC2MmI,2026-08-12,SK하이닉스 [SK hynix],📍SK하이닉스 앰버서더 랩(Lab)ㅣ내 머리 속의 SK하이닉스,https://youtu.be/-z8z4NC2MmI,2026-09-23,9:00,Shorts,1952,13,0
ZPrbBqia6qI,2026-08-12,SK하이닉스 [SK hynix],📍SK하이닉스 앰버서더 랩(Lab)ㅣ갓생러 공대생의 SK하이닉스 뉴스룸 활용 꿀팁! 💡,https://youtu.be/ZPrbBqia6qI,2026-09-23,9:00,Shorts,988,6,0
rMCD4EQyDSo,2026-08-11,SK하이닉스 [SK hynix],"📍SK하이닉스 앰버서더 랩(Lab)ㅣSK하이닉스의 차세대 AI 메모리, HBM4E를 소개합니다",https://youtu.be/rMCD4EQyDSo,2026-09-23,9:00,Shorts,1683,12,0
K9hCZT249yI,2026-08-11,SK하이닉스 [SK hynix],📍SK하이닉스 앰버서더 랩(Lab)ㅣ세상을 바꾼 반도체 회사,https://youtu.be/K9hCZT249yI,2026-09-23,9:00,Shorts,1146,3,0
KLzFYQsKxio,2026-08-11,SK하이닉스 [SK hynix],📍SK하이닉스 앰버서더 랩(Lab)ㅣ반도체 어드벤쳐 2탄,https://youtu.be/KLzFYQsKxio,2026-09-23,9:00,Shorts,568,2,0
3U2EPSuNApw,2026-08-10,SK하이닉스 [SK hynix],📍SK하이닉스 앰버서더 랩(Lab)ㅣ💘 반도체 남자친구 시뮬레이션 💘,https://youtu.be/3U2EPSuNApw,2026-09-23,9:00,Longform,1531,11,0
EVzShH9maH0,2026-08-10,SK하이닉스 [SK hynix],📍SK하이닉스 앰버서더 랩(Lab)ㅣ우리 집 AI는 엄마,https://youtu.be/EVzShH9maH0,2026-09-23,9:00,Shorts,1255,4,0
TEZH45mrbIM,2026-08-10,SK하이닉스 [SK hynix],📍SK하이닉스 앰버서더 랩(Lab)ㅣ반도체 대중화의 숨은 영웅,https://youtu.be/TEZH45mrbIM,2026-09-23,9:00,Longform,1424,16,1
FwS73k-lLZk,2026-08-10,SK하이닉스 [SK hynix],📍SK하이닉스 앰버서더 랩(Lab)ㅣHBM4E의 숨은 기능?!!,https://youtu.be/FwS73k-lLZk,2026-09-23,9:00,Shorts,1206,5,2
iXjLrg_Iu_I,2026-08-07,SK하이닉스 [SK hynix],SK hynix Invests 54 Trillion Won in Yongin Y2 and Cheongju M17,https://youtu.be/iXjLrg_Iu_I,2026-09-23,9:00,Shorts,892,6,1
4SxuClaUILQ,2026-08-07,SK하이닉스 [SK hynix],"SK하이닉스, 용인 Y2 ∙ 청주 M17에 54조 원 투자… AI 시대 메모리 수요 대응 위한 중장기 생산 기반 확보",https://youtu.be/4SxuClaUILQ,2026-09-23,9:00,Shorts,1766,12,0
UgN4bla2N_4,2026-08-07,SK하이닉스 [SK hynix],"AI 시대, 차세대 메모리 아키텍처는?... SK하이닉스, ‘FMS 2026’서 방향성 제시",https://youtu.be/UgN4bla2N_4,2026-09-23,9:00,Shorts,958,4,1
ruDIRzms1QI,2026-08-07,SK하이닉스 [SK hynix],The Next-Generation Memory Architecture in the AI Era? SK hynix Charts the Direction at ‘FMS 2026’,https://youtu.be/ruDIRzms1QI,2026-09-23,9:00,Shorts,592,1,0
dCHDe8UdB-g,2026-08-03,SK하이닉스 [SK hynix],SK hynix Unveils First HBF Standard Specifications with SanDisk,https://youtu.be/dCHDe8UdB-g,2026-09-23,9:00,Shorts,951,6,1
cSH4GT-8n4U,2026-08-03,SK하이닉스 [SK hynix],"SK하이닉스, 샌디스크와 HBF 첫 표준 규격 공개…‘FMS 2026’서 AI 메모리 해법 알린다",https://youtu.be/cSH4GT-8n4U,2026-09-23,9:00,Shorts,2611,18,0
ECcEkqIgFj4,2026-08-03,SK하이닉스 [SK hynix],"[뉴스룸] SK하이닉스, '2026 하인슈타인 올림피아드-AI챌린지&플레이' 개최… AI와 함께 도전하고 즐기다",https://youtu.be/ECcEkqIgFj4,2026-09-23,9:00,Longform,1999,22,3
ZDaPbrJcfjk,2026-09-04,현대자동차 채용,[Team Hyundai Talk Live] 선배사원 Talk,https://youtu.be/ZDaPbrJcfjk,2026-09-23,9:00,Longform,14425,72,2
F6Q5kA8595k,2026-09-04,현대자동차 채용,[Team Hyundai Talk Live] 채용담당자 Talk,https://youtu.be/F6Q5kA8595k,2026-09-23,9:00,Longform,36227,194,9
uKducms9wH4,2026-09-22,LG에너지솔루션 [LG Energy Solution],"[ESSence Ep. 6] AI 데이터센터를 안정적으로 운영하는 전력관리 솔루션, ESS!",https://youtu.be/uKducms9wH4,2026-09-23,9:00,Longform,74063,182,0
mk6BzBLUJAY,2026-09-11,LG에너지솔루션 [LG Energy Solution],"[Making Every Possibility] 활성화 공정, 각형 배터리의 품질을 높이는 기술!",https://youtu.be/mk6BzBLUJAY,2026-09-23,9:00,Longform,135813,603,0
zCW4haoyizI,2026-09-02,LG에너지솔루션 [LG Energy Solution],[Empower Cast] LG에너지솔루션의 8월에는 무슨일이 있었을까요? | 2026년 8월 주요 소식,https://youtu.be/zCW4haoyizI,2026-09-23,9:00,Longform,104157,19,0
-NEz4r0uw84,2026-08-14,LG에너지솔루션 [LG Energy Solution],[Powering Everything] 거대한 선박을 배터리로 움직인다? 선박 전동화의 비밀!,https://youtu.be/-NEz4r0uw84,2026-09-23,9:00,Longform,273537,10376,13
VtylzsBa3CE,2026-08-05,LG에너지솔루션 [LG Energy Solution],[Empower Cast] LG에너지솔루션의 7월에는 무슨일이 있었을까요? | 2026년 7월 주요 소식,https://youtu.be/VtylzsBa3CE,2026-09-23,9:00,Longform,107230,13,0
FUV9343n7yc,2026-08-24,LG전자 채용,인턴 없이 HR 직무 합격한 썰,https://youtu.be/FUV9343n7yc,2026-09-23,9:00,Longform,1724,19,0
H59a7dXOHzY,2026-08-24,LG전자 채용,공대생이야? 학점보다 더 중요한 건,https://youtu.be/H59a7dXOHzY,2026-09-23,9:00,Longform,1666,11,0
Xe0ONIAL0Ak,2026-08-24,LG전자 채용,LG전자 구매팀 자소서가 궁금해,https://youtu.be/Xe0ONIAL0Ak,2026-09-23,9:00,Longform,1436,22,0
TQxwFbiPkxc,2026-08-24,LG전자 채용,POV : 전기전자 현직자가 취준생으로 돌아갔다,https://youtu.be/TQxwFbiPkxc,2026-09-23,9:00,Longform,1200,18,6
mwDurt7i3HY,2026-08-24,LG전자 채용,"생산기술 직무, 대학원 필수에요?",https://youtu.be/mwDurt7i3HY,2026-09-23,9:00,Longform,1805,17,4
b98C03aWjn0,2026-08-24,LG전자 채용,전략기획팀 면접? 이렇게 하면 합격이야,https://youtu.be/b98C03aWjn0,2026-09-23,9:00,Longform,756,13,0
o5EoNXJ1Kdw,2026-08-24,LG전자 채용,네? 제가 Finance 체질이라고요?,https://youtu.be/o5EoNXJ1Kdw,2026-09-23,9:00,Longform,790,12,0
chDO_d91TRo,2026-08-24,LG전자 채용,"SCM 취준, 이것부터 준비해",https://youtu.be/chDO_d91TRo,2026-09-23,9:00,Longform,1200,24,1
i-6uUzcAxAQ,2026-08-24,LG전자 채용,생각해보니 품질 직무로 지원하겠습니다,https://youtu.be/i-6uUzcAxAQ,2026-09-23,9:00,Longform,1438,17,1
vblD_qT4PqM,2026-08-24,LG전자 채용,"영업직, 전공과 학점 중요한가요?",https://youtu.be/vblD_qT4PqM,2026-09-23,9:00,Longform,1593,8,0
jC_cQRLWlb4,2026-08-24,LG전자 채용,로봇직무 합격? 채용공고에 답이 있다...,https://youtu.be/jC_cQRLWlb4,2026-09-23,9:00,Longform,677,3,0
5D2uUCCOvUw,2026-08-13,LG전자 채용,여름 방학에 LG전자로 출근 🏃‍➡️💼 | 2026년 하이엘지 토크콘서트 커리어편 현장 스케치,https://youtu.be/5D2uUCCOvUw,2026-09-23,9:00,Longform,787,5,0
FJgmhciQNBQ,2026-09-22,GS건설,염해농지에 태양광 괜찮을까?,https://youtu.be/FJgmhciQNBQ,2026-09-23,9:00,Longform,11947,23,1
JsEO1jWRuKE,2026-09-22,GS건설,20년간 받는 110억 연금,https://youtu.be/JsEO1jWRuKE,2026-09-23,9:00,Shorts,1970,10,0
CVWeXePfxak,2026-09-21,GS건설,"""노르웨이 큰일 났습니다"" 내년이면 마트에 풀린다는 한국산 대서양연어 10만 마리",https://youtu.be/CVWeXePfxak,2026-09-23,9:00,Longform,695146,5732,804
R7fXbwTNsKw,2026-09-08,GS건설,이산화탄소로 나프타 생산 상용화,https://youtu.be/R7fXbwTNsKw,2026-09-23,9:00,Shorts,79656,221,0
n7qx6S-7hMA,2026-09-08,GS건설,원유 한 방울 없이 휘발유를 만드는 방법,https://youtu.be/n7qx6S-7hMA,2026-09-23,9:00,Shorts,76011,129,0
mOtOst1Y19w,2026-09-03,GS건설,"""농사는 포기한 땅이었어요"" 버려진 염해 농지가 마을 수익원이 된 이유",https://youtu.be/mOtOst1Y19w,2026-09-23,9:00,Longform,187720,61,5
DaiJ7FgjNrQ,2026-08-31,GS건설,겉만 봐서 모르는 대한민국 0.01% 아파트,https://youtu.be/DaiJ7FgjNrQ,2026-09-23,9:00,Shorts,4242,29,1
aeDtU6me0Ww,2026-08-12,GS건설,"레고 2,647만 배 블록 쌓아 공동주택 짓기",https://youtu.be/aeDtU6me0Ww,2026-09-23,9:00,Shorts,62854,58,4
ujX6yCOjgQw,2026-08-11,GS건설,"비싸도 너무 비싼 기름 값, 답답해서 진짜로 만들었습니다",https://youtu.be/ujX6yCOjgQw,2026-09-23,9:00,Longform,162582,367,52
zopEbeL37rE,2026-09-18,롯데백화점,Conran Space Project : 다이도 모리야마 사진전ㅣ롯데백화점,https://youtu.be/zopEbeL37rE,2026-09-23,9:00,Shorts,5450,26,1
_xoShAckHXk,2026-09-16,롯데백화점,직구터뷰 추석 편 | 롯데백화점,https://youtu.be/_xoShAckHXk,2026-09-23,9:00,Longform,21336,134,0
IazR3mCeucw,2026-09-10,롯데백화점,롯데백화점 앰배서더 2기 발대식,https://youtu.be/IazR3mCeucw,2026-09-23,9:00,Shorts,7449,31,0
WB7yGGRaGsc,2026-09-08,롯데백화점,부산본점 디저트 페어ㅣ롯데백화점,https://youtu.be/WB7yGGRaGsc,2026-09-23,9:00,Shorts,7651,37,0
91BTO_fGCHc,2026-09-08,롯데백화점,돌체앤가바나 부산본점 오픈ㅣ롯데백화점,https://youtu.be/91BTO_fGCHc,2026-09-23,9:00,Shorts,6494,27,0
s4MN16_DWxE,2026-09-04,롯데백화점,직구터뷰 패션위크 편 | 롯데백화점,https://youtu.be/s4MN16_DWxE,2026-09-23,9:00,Longform,22152,62,1
UkYF7ZlRWRg,2026-09-04,롯데백화점,2027 S/S 서울패션위크ㅣ롯데백화점,https://youtu.be/UkYF7ZlRWRg,2026-09-23,9:00,Shorts,8216,32,0
8tA-neW2As8,2026-09-04,롯데백화점,추석 즐기는 5가지 방법ㅣ롯데백화점,https://youtu.be/8tA-neW2As8,2026-09-23,9:00,Shorts,5607,9,0
h07GsAac7jo,2026-09-03,롯데백화점,2926 추석마중 와인ㅣ롯데백화점,https://youtu.be/h07GsAac7jo,2026-09-23,9:00,Longform,12939,10,0
LicCa_o-4I4,2026-09-03,롯데백화점,2026 추석마중 신선ㅣ롯데백화점,https://youtu.be/LicCa_o-4I4,2026-09-23,9:00,Longform,14909,6,0
jBMwgtMAPQE,2026-09-03,롯데백화점,2026 추석마중 그로서리ㅣ롯데백화점,https://youtu.be/jBMwgtMAPQE,2026-09-23,9:00,Shorts,16412,8,0
vVIQ2o2Tf60,2026-09-02,롯데백화점,월간미식ㅣep.6 후추,https://youtu.be/vVIQ2o2Tf60,2026-09-23,9:00,Shorts,26136,66,0
dRzrbheJKKc,2026-09-02,롯데백화점,에비뉴엘 잠실점 김해김 팝업ㅣ롯데백화점,https://youtu.be/dRzrbheJKKc,2026-09-23,9:00,Shorts,5968,5,0
e-J9bRIrDW0,2026-09-02,롯데백화점,심문섭X프리마크아비ㅣ롯데백화점,https://youtu.be/e-J9bRIrDW0,2026-09-23,9:00,Shorts,5795,9,0
tSajZggeCMM,2026-09-01,롯데백화점,𝟐𝟎𝟐𝟔 𝐒𝐓𝐘𝐋𝐄 𝐑𝐔𝐍 𝐖𝐈𝐓𝐇 𝐙𝐀𝐑𝐀 𝐀𝐓𝐇𝐋𝐄𝐓𝐈𝐂𝐙,https://youtu.be/tSajZggeCMM,2026-09-23,9:00,Shorts,5048,8,1
rvyneN5W5V8,2026-08-28,롯데백화점,롯데 패션 위크ㅣ롯데백화점,https://youtu.be/rvyneN5W5V8,2026-09-23,9:00,Shorts,21618,40,0
OznSUBKm9So,2026-08-27,롯데백화점,"누구에게나, 유토피아ㅣ롯데백화점",https://youtu.be/OznSUBKm9So,2026-09-23,9:00,Shorts,5635,10,0
qlcArdFT2wk,2026-08-25,롯데백화점,두오모 라이팅 잠실점 오픈ㅣ롯데백화점,https://youtu.be/qlcArdFT2wk,2026-09-23,9:00,Shorts,5330,5,0
jC_8IoXtR54,2026-08-24,롯데백화점,2027 서울패션위크 티저ㅣ롯데백화점,https://youtu.be/jC_8IoXtR54,2026-09-23,9:00,Shorts,6476,6,0
D28Jjxl2Aq4,2026-08-21,롯데백화점,MOVE MOVE MOVE,https://youtu.be/D28Jjxl2Aq4,2026-09-23,9:00,Shorts,4559,5,0
J1uRyXD5e8c,2026-08-20,롯데백화점,2026 스타일런 티저ㅣ롯데백화점,https://youtu.be/J1uRyXD5e8c,2026-09-23,9:00,Shorts,5525,8,0
EGkzgDw4beI,2026-08-16,롯데백화점,포켓몬 별빛낙원ㅣLOTTE TOWN Summer Market,https://youtu.be/EGkzgDw4beI,2026-09-23,9:00,Shorts,10516,16,0
kaAshOyfV88,2026-08-14,롯데백화점,"나를 믿어준 롯데, 그 믿음이 만든 이야기",https://youtu.be/kaAshOyfV88,2026-09-23,9:00,Longform,113,4,0
u0mwDElUwho,2026-08-14,롯데백화점,랑콤 팝업ㅣ롯데백화점,https://youtu.be/u0mwDElUwho,2026-09-23,9:00,Shorts,5469,8,0
GqKmWzPPnvM,2026-08-11,롯데백화점,월간미식ㅣep.5 옥수수,https://youtu.be/GqKmWzPPnvM,2026-09-23,9:00,Longform,31002,70,0
XwKBsIFmL2A,2026-08-05,롯데백화점,노원점 그랜드 오픈ㅣ롯데백화점,https://youtu.be/XwKBsIFmL2A,2026-09-23,9:00,Shorts,8782,36,1
C5LidzvAgMI,2026-08-03,롯데백화점,포터리 본점 오픈ㅣ롯데백화점,https://youtu.be/C5LidzvAgMI,2026-09-23,9:00,Shorts,5798,11,0
-NxnGkI-pyo,2026-09-02,삼성중공업,[Samsung Heavy Industries Brand Film] Drawing a New Line to Set a New Standard,https://youtu.be/-NxnGkI-pyo,2026-09-23,9:00,Longform,1042,9,0
4eAk16TZuho,2026-09-02,삼성중공업,[삼성중공업 홍보영상] 세상의 기준이 되는 선(船)을 그리다,https://youtu.be/4eAk16TZuho,2026-09-23,9:00,Longform,1860,17,0
A8g7kuMQeKs,2026-08-26,삼성중공업,"""애사비부터 해바라기까지, 삼성중공업 프로 가방 털기""",https://youtu.be/A8g7kuMQeKs,2026-09-23,9:00,Longform,1412,29,18
rtvSwFzu1UE,2026-08-26,삼성중공업,삼성중공업 캡슐뽑기 직터뷰!,https://youtu.be/rtvSwFzu1UE,2026-09-23,9:00,Longform,1279,13,0
PH9TbyA0kdM,2026-08-26,삼성중공업,삼성중공업 부산 R&D 센터 완전 정복!,https://youtu.be/PH9TbyA0kdM,2026-09-23,9:00,Longform,1162,107,5
mOBLipDBmQM,2026-08-13,삼성중공업,안녕하세요삼성중공업입니다잘부탁드립니다 ㅣ 삼성중공업 신입사원 입문교육✏️,https://youtu.be/mOBLipDBmQM,2026-09-23,9:00,Longform,6755,76,10
N76E0Ja2Bag,2026-09-23,한화오션,"최초 공개, 한화오션 소방대 훈련부터 시설까지",https://youtu.be/N76E0Ja2Bag,2026-09-23,9:00,Longform,375,16,4
pXfZgA-NQR4,2026-09-21,한화오션,한화오션 2026 하반기 신입 채용 LIVE 채용설명회 | OCEAN CAST,https://youtu.be/pXfZgA-NQR4,2026-09-23,9:00,Longform,2040,20,1
v7dIDkFUJsw,2026-09-21,한화오션,한화오션에서 만나 부부가 됐습니다 🧡,https://youtu.be/v7dIDkFUJsw,2026-09-23,9:00,Shorts,2527,18,0
A-nmmKjYZY0,2026-09-19,한화오션,내 전공은 한화오션에서 어디로 이어질까? 🧑‍🏫,https://youtu.be/A-nmmKjYZY0,2026-09-23,9:00,Shorts,1796,11,0
lMaBMhskScg,2026-09-18,한화오션,퇴근하면 바다가 있는 생활 🌊,https://youtu.be/lMaBMhskScg,2026-09-23,9:00,Shorts,2108,17,0
FZMsOQvgfPg,2026-09-18,한화오션,World's First LNG Carrier with WINGS! The Wind Challenger Is Here,https://youtu.be/FZMsOQvgfPg,2026-09-23,9:00,Longform,8943,57,7
vtBUEXYMHtw,2026-09-14,한화오션,한화오션 피플로그ㅣ내 전공이 바다를 만난다면?,https://youtu.be/vtBUEXYMHtw,2026-09-23,9:00,Longform,8588,41,4
4C3rlv9o940,2026-08-21,한화오션,20층 아파트만한 돛을 달았더니 바람은 멘탈이 나가버렸습니다. 환장할 노릇이죠. 돛을 단 한화오션LNG선 대항해시대,https://youtu.be/4C3rlv9o940,2026-09-23,9:00,Longform,719584,4053,515
THps7qnm8cw,2026-09-21,한화손보,"여성을 위한 현실밀착형 보험, 시그니처 여성건강보험",https://youtu.be/THps7qnm8cw,2026-09-23,9:00,Longform,322,15,1
FgfMVDTrl_Q,2026-08-25,한화손보,"어린이보험, 아프기 전 건강관리도 가능할까요?｜검사부터 미리 살피는 한화 건강쑥쑥 어린이보험(무)2608",https://youtu.be/FgfMVDTrl_Q,2026-09-23,9:00,Shorts,2716221,5,1
ScF4MCor9Xw,2026-08-25,한화손보,"어린이보험, 어떤 보장을 준비해야 할까요?｜질병부터 생활 속 사고까지 한화 건강쑥쑥 어린이보험(무)2608",https://youtu.be/ScF4MCor9Xw,2026-09-23,9:00,Shorts,254,2,0
4a47E_Gh1J0,2026-08-25,한화손보,"치매보험, 치료비와 간병비 어떻게 준비할까요?｜한화치매간병보험(무) 핵심 보장 4가지",https://youtu.be/4a47E_Gh1J0,2026-09-23,9:00,Shorts,318,2,0
aAkQ61rlDNw,2026-08-20,한화손보,"집 보험, 32대 가전제품 고장부터 급배수시설 누출까지 | 한화 홈앤라이프 종합보험(무)",https://youtu.be/aAkQ61rlDNw,2026-09-23,9:00,Shorts,2627,61,0
7BWkEG4TO8c,2026-08-20,한화손보,"여성의 현실 가까이, 임신과 출산 그 안의 고민까지 | 한화 시그니처 여성 건강보험4.0",https://youtu.be/7BWkEG4TO8c,2026-09-23,9:00,Shorts,116008,15,9
ZiwX_U3gxa0,2026-08-20,한화손보,"여성의 현실 가까이, 여성암 진단 이후의 치료까지 | 한화 시그니처 여성 건강보험4.0",https://youtu.be/ZiwX_U3gxa0,2026-09-23,9:00,Shorts,100556,7,2
86UadVNH5T8,2026-08-20,한화손보,"여성의 현실 가까이, 갱년기 그 이후의 건강까지 | 한화 시그니처 여성 건강보험4.0",https://youtu.be/86UadVNH5T8,2026-09-23,9:00,Shorts,121113,8,4
8_47huSPGkM,2026-08-20,한화손보,"여성의 현실 가까이, 임신과 출산 그 안의 고민까지 | 한화 시그니처 여성 건강보험4.0",https://youtu.be/8_47huSPGkM,2026-09-23,9:00,Shorts,4054358,60,81
f9HrrBUNuXw,2026-08-20,한화손보,"여성의 현실 가까이, 여성암 진단 이후의 치료까지 | 한화 시그니처 여성 건강보험4.0",https://youtu.be/f9HrrBUNuXw,2026-09-23,9:00,Shorts,4759874,62,48
7UjWjujIdNs,2026-08-20,한화손보,"여성의 현실 가까이, 갱년기 그 이후의 건강까지 | 한화 시그니처 여성 건강보험4.0",https://youtu.be/7UjWjujIdNs,2026-09-23,9:00,Shorts,4919741,84,70
HUXzxjcYupg,2026-08-14,한화손보,"우리 집 화재부터 질병·상해까지, 어떻게 대비할까? | 한화 홈앤라이프 종합보험(무)",https://youtu.be/HUXzxjcYupg,2026-09-23,9:00,Shorts,1361,28,0
GLTf-CqyxN0,2026-08-07,한화손보,아이 보험 갈아타기 고민이라면 | 한화 더건강한 0540 (만 5세~40세),https://youtu.be/GLTf-CqyxN0,2026-09-23,9:00,Longform,1035,14,0
2_lvj3nsjgQ,2026-08-04,한화손보,한화 시그니처 여성건강보험4.0 배타적사용권(5종) 안내,https://youtu.be/2_lvj3nsjgQ,2026-09-23,9:00,Shorts,1379,13,0
